#VRML V2.0 utf8
WorldInfo
{
	info ["Generated by TraceParts CAD VRML Translator"]
	title "TraceParts Assembly"
}
DEF TraceParts_Assembly Group
{
	children
	[
		Shape
		{
			appearance Appearance
			{
				material Material
				{
					diffuseColor 0.694 0.741 0.788
				}
			}
			geometry IndexedFaceSet
			{
				creaseAngle 0.5
				solid TRUE
				coord Coordinate
				{
					point
					[
						0.411 2.275 -6.699,
						0.442 2.275 -6.740,
						0.385 2.275 -6.600,
						0.442 2.275 -2.700,
						0.385 2.275 -2.700,
						0.392 2.275 -6.651
					]
				}
				coordIndex
				[
					0, 1, 2, -1,
					2, 1, 3, -1,
					2, 3, 4, -1,
					2, 5, 0, -1
				]
				normal Normal
				{
					vector
					[
						0.000 -1.000 0.000
					]
				}
				normalIndex
				[
					0, 0, 0, -1,
					0, 0, 0, -1,
					0, 0, 0, -1,
					0, 0, 0, -1
				]
			}
		}
		Shape
		{
			appearance Appearance
			{
				material Material
				{
					diffuseColor 0.694 0.741 0.788
				}
			}
			geometry IndexedFaceSet
			{
				creaseAngle 0.5
				solid TRUE
				coord Coordinate
				{
					point
					[
						0.385 2.275 -6.600,
						0.385 1.725 -6.600,
						0.392 2.275 -6.651,
						0.392 1.725 -6.651,
						0.411 1.725 -6.699,
						0.411 2.275 -6.699,
						0.442 1.725 -6.740,
						0.442 2.275 -6.740,
						0.473 2.275 -6.766,
						0.473 1.725 -6.766,
						0.508 1.725 -6.784,
						0.508 2.275 -6.784,
						0.546 2.275 -6.796,
						0.546 1.725 -6.796,
						0.585 1.725 -6.800,
						0.585 2.275 -6.800
					]
				}
				coordIndex
				[
					0, 1, 2, -1,
					2, 1, 3, -1,
					2, 3, 4, -1,
					2, 4, 5, -1,
					5, 4, 6, -1,
					5, 6, 7, -1,
					7, 6, 8, -1,
					6, 9, 8, -1,
					8, 9, 10, -1,
					8, 10, 11, -1,
					11, 10, 12, -1,
					10, 13, 12, -1,
					12, 13, 14, -1,
					12, 14, 15, -1
				]
				normal Normal
				{
					vector
					[
						1.000 -0.000 -0.000,
						0.967 -0.000 0.256,
						0.869 -0.000 0.496,
						0.712 -0.000 0.702,
						0.560 -0.000 0.828,
						0.386 -0.000 0.922,
						0.197 -0.000 0.980,
						-0.000 -0.000 1.000
					]
				}
				normalIndex
				[
					0, 0, 1, -1,
					1, 0, 1, -1,
					1, 1, 2, -1,
					1, 2, 2, -1,
					2, 2, 3, -1,
					2, 3, 3, -1,
					3, 3, 4, -1,
					3, 4, 4, -1,
					4, 4, 5, -1,
					4, 5, 5, -1,
					5, 5, 6, -1,
					5, 6, 6, -1,
					6, 6, 7, -1,
					6, 7, 7, -1
				]
			}
		}
		Shape
		{
			appearance Appearance
			{
				material Material
				{
					diffuseColor 0.694 0.741 0.788
				}
			}
			geometry IndexedFaceSet
			{
				creaseAngle 0.5
				solid TRUE
				coord Coordinate
				{
					point
					[
						0.442 2.275 -6.740,
						0.473 2.275 -6.766,
						0.442 2.275 -6.800,
						0.508 2.275 -6.784,
						0.546 2.275 -6.796,
						0.585 2.275 -6.800
					]
				}
				coordIndex
				[
					0, 1, 2, -1,
					2, 1, 3, -1,
					2, 3, 4, -1,
					4, 5, 2, -1
				]
				normal Normal
				{
					vector
					[
						-0.000 1.000 -0.000
					]
				}
				normalIndex
				[
					0, 0, 0, -1,
					0, 0, 0, -1,
					0, 0, 0, -1,
					0, 0, 0, -1
				]
			}
		}
		Shape
		{
			appearance Appearance
			{
				material Material
				{
					diffuseColor 0.694 0.741 0.788
				}
			}
			geometry IndexedFaceSet
			{
				creaseAngle 0.5
				solid TRUE
				coord Coordinate
				{
					point
					[
						0.442 2.275 -6.800,
						0.442 2.725 -6.800,
						0.442 2.275 -6.740,
						0.442 2.725 -6.740,
						0.442 2.275 -2.700,
						0.442 2.725 -2.700
					]
				}
				coordIndex
				[
					0, 1, 2, -1,
					2, 1, 3, -1,
					2, 3, 4, -1,
					4, 3, 5, -1
				]
				normal Normal
				{
					vector
					[
						1.000 0.000 0.000
					]
				}
				normalIndex
				[
					0, 0, 0, -1,
					0, 0, 0, -1,
					0, 0, 0, -1,
					0, 0, 0, -1
				]
			}
		}
		Shape
		{
			appearance Appearance
			{
				material Material
				{
					diffuseColor 0.694 0.741 0.788
				}
			}
			geometry IndexedFaceSet
			{
				creaseAngle 0.5
				solid TRUE
				coord Coordinate
				{
					point
					[
						-0.385 3.225 -2.700,
						-0.442 3.225 -2.700,
						-0.385 2.775 -2.700,
						-0.442 2.775 -2.700
					]
				}
				coordIndex
				[
					0, 1, 2, -1,
					2, 1, 3, -1
				]
				normal Normal
				{
					vector
					[
						0.000 0.000 1.000
					]
				}
				normalIndex
				[
					0, 0, 0, -1,
					0, 0, 0, -1
				]
			}
		}
		Shape
		{
			appearance Appearance
			{
				material Material
				{
					diffuseColor 0.694 0.741 0.788
				}
			}
			geometry IndexedFaceSet
			{
				creaseAngle 0.5
				solid TRUE
				coord Coordinate
				{
					point
					[
						0.385 2.275 -2.700,
						0.442 2.275 -2.700,
						0.385 2.725 -2.700,
						0.442 2.725 -2.700
					]
				}
				coordIndex
				[
					0, 1, 2, -1,
					2, 1, 3, -1
				]
				normal Normal
				{
					vector
					[
						0.000 0.000 1.000
					]
				}
				normalIndex
				[
					0, 0, 0, -1,
					0, 0, 0, -1
				]
			}
		}
		Shape
		{
			appearance Appearance
			{
				material Material
				{
					diffuseColor 0.694 0.741 0.788
				}
			}
			geometry IndexedFaceSet
			{
				creaseAngle 0.5
				solid TRUE
				coord Coordinate
				{
					point
					[
						-0.385 -4.225 -6.600,
						-0.385 -4.662 -6.600,
						-0.385 -4.225 -2.700,
						-0.385 -4.662 -2.200,
						-0.385 -3.775 -2.700,
						-0.385 -3.225 -2.700,
						-0.385 -3.225 -6.600,
						-0.385 1.225 -2.700,
						-0.385 0.775 -2.700,
						-0.385 4.662 -2.200,
						-0.385 0.225 -2.700,
						-0.385 -0.225 -2.700,
						-0.385 -0.775 -2.700,
						-0.385 -0.225 -6.600,
						-0.385 -0.775 -6.600,
						-0.385 4.662 -6.600,
						-0.385 4.225 -2.700,
						-0.385 3.775 -2.700,
						-0.385 3.225 -2.700,
						-0.385 3.775 -6.600,
						-0.385 3.225 -6.600,
						-0.385 4.225 -6.600,
						-0.385 2.775 -2.700,
						-0.385 2.225 -2.700,
						-0.385 1.775 -2.700,
						-0.385 2.775 -6.600,
						-0.385 2.225 -6.600,
						-0.385 1.775 -6.600,
						-0.385 1.225 -6.600,
						-0.385 0.775 -6.600,
						-0.385 0.225 -6.600,
						-0.385 -1.225 -2.700,
						-0.385 -1.775 -2.700,
						-0.385 -2.225 -2.700,
						-0.385 -1.225 -6.600,
						-0.385 -1.775 -6.600,
						-0.385 -2.775 -2.700,
						-0.385 -2.225 -6.600,
						-0.385 -2.775 -6.600,
						-0.385 -3.775 -6.600
					]
				}
				coordIndex
				[
					0, 1, 2, -1,
					2, 1, 3, -1,
					2, 3, 4, -1,
					4, 3, 5, -1,
					4, 5, 6, -1,
					7, 8, 9, -1,
					9, 8, 10, -1,
					9, 10, 3, -1,
					3, 10, 11, -1,
					3, 11, 12, -1,
					12, 11, 13, -1,
					12, 13, 14, -1,
					15, 16, 9, -1,
					9, 16, 17, -1,
					9, 17, 18, -1,
					18, 17, 19, -1,
					18, 19, 20, -1,
					15, 21, 16, -1,
					18, 22, 9, -1,
					9, 22, 23, -1,
					9, 23, 24, -1,
					22, 25, 23, -1,
					23, 25, 26, -1,
					9, 24, 7, -1,
					7, 24, 27, -1,
					7, 27, 28, -1,
					8, 29, 10, -1,
					10, 29, 30, -1,
					12, 31, 3, -1,
					3, 31, 32, -1,
					3, 32, 33, -1,
					31, 34, 32, -1,
					32, 34, 35, -1,
					3, 33, 36, -1,
					36, 33, 37, -1,
					36, 37, 38, -1,
					36, 5, 3, -1,
					6, 39, 4, -1
				]
				normal Normal
				{
					vector
					[
						-1.000 0.000 0.000
					]
				}
				normalIndex
				[
					0, 0, 0, -1,
					0, 0, 0, -1,
					0, 0, 0, -1,
					0, 0, 0, -1,
					0, 0, 0, -1,
					0, 0, 0, -1,
					0, 0, 0, -1,
					0, 0, 0, -1,
					0, 0, 0, -1,
					0, 0, 0, -1,
					0, 0, 0, -1,
					0, 0, 0, -1,
					0, 0, 0, -1,
					0, 0, 0, -1,
					0, 0, 0, -1,
					0, 0, 0, -1,
					0, 0, 0, -1,
					0, 0, 0, -1,
					0, 0, 0, -1,
					0, 0, 0, -1,
					0, 0, 0, -1,
					0, 0, 0, -1,
					0, 0, 0, -1,
					0, 0, 0, -1,
					0, 0, 0, -1,
					0, 0, 0, -1,
					0, 0, 0, -1,
					0, 0, 0, -1,
					0, 0, 0, -1,
					0, 0, 0, -1,
					0, 0, 0, -1,
					0, 0, 0, -1,
					0, 0, 0, -1,
					0, 0, 0, -1,
					0, 0, 0, -1,
					0, 0, 0, -1,
					0, 0, 0, -1,
					0, 0, 0, -1
				]
			}
		}
		Shape
		{
			appearance Appearance
			{
				material Material
				{
					diffuseColor 0.694 0.741 0.788
				}
			}
			geometry IndexedFaceSet
			{
				creaseAngle 0.5
				solid TRUE
				coord Coordinate
				{
					point
					[
						-0.585 -4.225 -6.800,
						-0.567 -4.662 -6.799,
						-0.546 -4.225 -6.796,
						-0.530 -4.662 -6.792,
						-0.508 -4.225 -6.784,
						-0.496 -4.662 -6.779,
						-0.473 -4.225 -6.766,
						-0.464 -4.662 -6.760,
						-0.442 -4.225 -6.740,
						-0.437 -4.662 -6.735,
						-0.415 -4.662 -6.705,
						-0.585 -4.662 -6.800,
						-0.411 -4.225 -6.699,
						-0.399 -4.662 -6.672,
						-0.392 -4.225 -6.651,
						-0.388 -4.662 -6.637,
						-0.385 -4.225 -6.600,
						-0.385 -4.662 -6.600
					]
				}
				coordIndex
				[
					0, 1, 2, -1,
					2, 1, 3, -1,
					2, 3, 4, -1,
					4, 3, 5, -1,
					4, 5, 6, -1,
					6, 5, 7, -1,
					6, 7, 8, -1,
					8, 7, 9, -1,
					8, 9, 10, -1,
					0, 11, 1, -1,
					8, 10, 12, -1,
					12, 10, 13, -1,
					12, 13, 14, -1,
					14, 13, 15, -1,
					14, 15, 16, -1,
					16, 15, 17, -1
				]
				normal Normal
				{
					vector
					[
						-0.000 -0.000 1.000,
						-0.092 -0.000 0.996,
						-0.197 -0.000 0.980,
						-0.274 -0.000 0.962,
						-0.386 -0.000 0.922,
						-0.446 -0.000 0.895,
						-0.560 -0.000 0.828,
						-0.603 -0.000 0.798,
						-0.712 -0.000 0.702,
						-0.739 -0.000 0.674,
						-0.850 -0.000 0.526,
						-0.869 -0.000 0.496,
						-0.932 -0.000 0.361,
						-0.967 -0.000 0.256,
						-0.983 -0.000 0.184,
						-1.000 -0.000 -0.000
					]
				}
				normalIndex
				[
					0, 1, 2, -1,
					2, 1, 3, -1,
					2, 3, 4, -1,
					4, 3, 5, -1,
					4, 5, 6, -1,
					6, 5, 7, -1,
					6, 7, 8, -1,
					8, 7, 9, -1,
					8, 9, 10, -1,
					0, 0, 1, -1,
					8, 10, 11, -1,
					11, 10, 12, -1,
					11, 12, 13, -1,
					13, 12, 14, -1,
					13, 14, 15, -1,
					15, 14, 15, -1
				]
			}
		}
		Shape
		{
			appearance Appearance
			{
				material Material
				{
					diffuseColor 0.694 0.741 0.788
				}
			}
			geometry IndexedFaceSet
			{
				creaseAngle 0.5
				solid TRUE
				coord Coordinate
				{
					point
					[
						-0.385 -4.225 -2.700,
						-0.442 -4.225 -2.700,
						-0.385 -4.225 -6.600,
						-0.442 -4.225 -6.740,
						-0.392 -4.225 -6.651,
						-0.411 -4.225 -6.699
					]
				}
				coordIndex
				[
					0, 1, 2, -1,
					2, 1, 3, -1,
					2, 3, 4, -1,
					4, 3, 5, -1
				]
				normal Normal
				{
					vector
					[
						0.000 -1.000 0.000
					]
				}
				normalIndex
				[
					0, 0, 0, -1,
					0, 0, 0, -1,
					0, 0, 0, -1,
					0, 0, 0, -1
				]
			}
		}
		Shape
		{
			appearance Appearance
			{
				material Material
				{
					diffuseColor 0.694 0.741 0.788
				}
			}
			geometry IndexedFaceSet
			{
				creaseAngle 0.5
				solid TRUE
				coord Coordinate
				{
					point
					[
						-0.442 -4.225 -2.700,
						-0.442 -3.775 -6.740,
						-0.442 -4.225 -6.740,
						-0.442 -3.775 -6.800,
						-0.442 -4.225 -6.800,
						-0.442 -3.775 -2.700
					]
				}
				coordIndex
				[
					0, 1, 2, -1,
					2, 1, 3, -1,
					2, 3, 4, -1,
					0, 5, 1, -1
				]
				normal Normal
				{
					vector
					[
						-1.000 0.000 0.000
					]
				}
				normalIndex
				[
					0, 0, 0, -1,
					0, 0, 0, -1,
					0, 0, 0, -1,
					0, 0, 0, -1
				]
			}
		}
		Shape
		{
			appearance Appearance
			{
				material Material
				{
					diffuseColor 0.694 0.741 0.788
				}
			}
			geometry IndexedFaceSet
			{
				creaseAngle 0.5
				solid TRUE
				coord Coordinate
				{
					point
					[
						-0.585 -4.225 -6.800,
						-0.546 -4.225 -6.796,
						-0.442 -4.225 -6.800,
						-0.508 -4.225 -6.784,
						-0.473 -4.225 -6.766,
						-0.442 -4.225 -6.740
					]
				}
				coordIndex
				[
					0, 1, 2, -1,
					2, 1, 3, -1,
					2, 3, 4, -1,
					4, 5, 2, -1
				]
				normal Normal
				{
					vector
					[
						-0.000 1.000 -0.000
					]
				}
				normalIndex
				[
					0, 0, 0, -1,
					0, 0, 0, -1,
					0, 0, 0, -1,
					0, 0, 0, -1
				]
			}
		}
		Shape
		{
			appearance Appearance
			{
				material Material
				{
					diffuseColor 0.694 0.741 0.788
				}
			}
			geometry IndexedFaceSet
			{
				creaseAngle 0.5
				solid TRUE
				coord Coordinate
				{
					point
					[
						-0.585 -1.225 -6.800,
						-0.585 -0.775 -6.800,
						-1.750 -4.900 -6.800,
						-0.585 -0.225 -6.800,
						-1.750 4.596 -6.800,
						-0.585 0.225 -6.800,
						-0.585 0.775 -6.800,
						-1.800 -5.213 -6.800,
						-1.272 -5.869 -6.800,
						-1.767 -5.083 -6.800,
						-0.570 -4.772 -6.800,
						-0.578 -4.734 -6.800,
						-0.585 -4.662 -6.800,
						-1.851 -5.338 -6.800,
						-0.300 -5.496 -6.800,
						-0.350 -5.441 -6.800,
						-1.155 -5.998 -6.800,
						-0.389 -5.378 -6.800,
						-0.415 -5.310 -6.800,
						-1.061 -6.144 -6.800,
						-0.241 -5.540 -6.800,
						-0.994 -6.305 -6.800,
						-0.175 -5.573 -6.800,
						-0.104 -5.593 -6.800,
						-0.885 -6.651 -6.800,
						-0.409 -7.000 -6.800,
						-0.832 -6.765 -6.800,
						-0.753 -6.863 -6.800,
						-0.651 -6.937 -6.800,
						-0.534 -6.984 -6.800,
						0.454 -5.496 -6.800,
						0.395 -5.541 -6.800,
						1.775 -7.000 -6.800,
						0.329 -5.573 -6.800,
						0.258 -5.593 -6.800,
						0.185 -5.600 -6.800,
						1.904 -6.983 -6.800,
						2.025 -6.933 -6.800,
						2.129 -6.854 -6.800,
						2.208 -6.750 -6.800,
						2.258 -6.629 -6.800,
						2.275 -6.500 -6.800,
						0.504 -5.442 -6.800,
						0.543 -5.379 -6.800,
						2.275 -5.056 -6.800,
						0.570 -5.310 -6.800,
						2.261 -5.005 -6.800,
						0.585 -5.200 -6.800,
						0.581 -5.256 -6.800,
						2.253 -4.953 -6.800,
						2.250 -4.900 -6.800,
						0.585 -4.725 -6.800,
						0.585 -4.275 -6.800,
						0.442 -4.275 -6.800,
						0.585 1.725 -6.800,
						0.585 1.275 -6.800,
						2.250 6.450 -6.800,
						0.585 0.725 -6.800,
						0.585 0.275 -6.800,
						0.585 -0.275 -6.800,
						2.233 6.579 -6.800,
						2.183 6.700 -6.800,
						2.104 6.804 -6.800,
						2.000 6.883 -6.800,
						1.879 6.933 -6.800,
						1.750 6.950 -6.800,
						0.526 5.410 -6.800,
						0.481 5.469 -6.800,
						0.185 5.600 -6.800,
						0.241 5.596 -6.800,
						-0.336 6.950 -6.800,
						0.295 5.585 -6.800,
						0.364 5.558 -6.800,
						0.427 5.519 -6.800,
						-0.461 6.934 -6.800,
						-0.812 6.604 -6.800,
						-0.103 5.593 -6.800,
						-0.031 5.600 -6.800,
						-0.577 6.888 -6.800,
						-0.679 6.814 -6.800,
						-0.759 6.717 -6.800,
						-0.174 5.573 -6.800,
						-0.971 6.111 -6.800,
						-0.241 5.541 -6.800,
						-0.300 5.496 -6.800,
						-1.003 6.034 -6.800,
						-0.349 5.442 -6.800,
						-1.047 5.964 -6.800,
						-1.036 5.475 -6.800,
						-0.388 5.379 -6.800,
						-0.415 5.310 -6.800,
						-1.102 5.902 -6.800,
						-1.276 5.737 -6.800,
						-1.692 4.874 -6.800,
						-1.583 4.755 -6.800,
						-0.570 4.772 -6.800,
						-0.585 3.225 -6.800,
						-0.585 3.775 -6.800,
						-0.585 4.225 -6.800,
						-0.585 4.662 -6.800,
						-0.583 4.701 -6.800,
						-0.031 -5.600 -6.800,
						-0.585 -4.225 -6.800,
						-0.585 -3.775 -6.800,
						-0.585 -3.225 -6.800,
						-0.442 -4.225 -6.800,
						-0.442 -3.775 -6.800,
						-0.585 -2.775 -6.800,
						-0.442 -3.225 -6.800,
						-0.442 -2.775 -6.800,
						-0.585 -2.225 -6.800,
						-0.585 -1.775 -6.800,
						-0.442 -2.225 -6.800,
						-0.442 -1.775 -6.800,
						-0.442 -1.225 -6.800,
						-0.442 -0.775 -6.800,
						-0.442 -0.225 -6.800,
						-0.442 0.225 -6.800,
						-0.585 1.225 -6.800,
						-0.442 0.775 -6.800,
						-0.442 1.225 -6.800,
						-0.585 1.775 -6.800,
						-0.585 2.225 -6.800,
						-0.585 2.775 -6.800,
						-0.442 1.775 -6.800,
						-0.442 2.225 -6.800,
						-0.442 2.775 -6.800,
						-0.442 3.225 -6.800,
						-0.442 3.775 -6.800,
						-0.442 4.225 -6.800,
						0.558 5.344 -6.800,
						0.578 5.273 -6.800,
						0.585 5.200 -6.800,
						0.585 4.725 -6.800,
						0.585 4.275 -6.800,
						0.585 3.725 -6.800,
						0.442 4.725 -6.800,
						0.442 4.275 -6.800,
						0.585 3.275 -6.800,
						0.442 3.725 -6.800,
						0.442 3.275 -6.800,
						0.585 2.725 -6.800,
						0.585 2.275 -6.800,
						0.442 2.725 -6.800,
						0.442 2.275 -6.800,
						0.442 1.725 -6.800,
						0.442 1.275 -6.800,
						0.442 0.725 -6.800,
						0.442 0.275 -6.800,
						0.585 -0.725 -6.800,
						0.442 -0.275 -6.800,
						0.442 -0.725 -6.800,
						0.585 -1.275 -6.800,
						0.585 -1.725 -6.800,
						0.585 -2.275 -6.800,
						0.442 -1.275 -6.800,
						0.442 -1.725 -6.800,
						0.585 -2.725 -6.800,
						0.442 -2.275 -6.800,
						0.442 -2.725 -6.800,
						0.585 -3.275 -6.800,
						0.585 -3.725 -6.800,
						0.442 -3.275 -6.800,
						0.442 -3.725 -6.800,
						0.442 -4.725 -6.800
					]
				}
				coordIndex
				[
					0, 1, 2, -1,
					2, 1, 3, -1,
					2, 3, 4, -1,
					4, 3, 5, -1,
					4, 5, 6, -1,
					7, 8, 9, -1,
					9, 8, 10, -1,
					9, 10, 2, -1,
					2, 10, 11, -1,
					2, 11, 12, -1,
					7, 13, 8, -1,
					14, 15, 16, -1,
					16, 15, 17, -1,
					16, 17, 8, -1,
					8, 17, 18, -1,
					8, 18, 10, -1,
					16, 19, 14, -1,
					14, 19, 20, -1,
					19, 21, 20, -1,
					20, 21, 22, -1,
					22, 21, 23, -1,
					23, 21, 24, -1,
					23, 24, 25, -1,
					25, 24, 26, -1,
					25, 26, 27, -1,
					27, 28, 25, -1,
					25, 28, 29, -1,
					30, 31, 32, -1,
					32, 31, 33, -1,
					32, 33, 25, -1,
					25, 33, 34, -1,
					25, 34, 35, -1,
					36, 37, 32, -1,
					32, 37, 38, -1,
					32, 38, 39, -1,
					39, 40, 32, -1,
					32, 40, 41, -1,
					32, 41, 42, -1,
					42, 41, 43, -1,
					41, 44, 43, -1,
					43, 44, 45, -1,
					46, 47, 44, -1,
					44, 47, 48, -1,
					44, 48, 45, -1,
					46, 49, 47, -1,
					47, 49, 50, -1,
					47, 50, 51, -1,
					51, 50, 52, -1,
					51, 52, 53, -1,
					54, 55, 56, -1,
					56, 55, 57, -1,
					56, 57, 50, -1,
					50, 57, 58, -1,
					50, 58, 59, -1,
					60, 61, 56, -1,
					56, 61, 62, -1,
					56, 62, 63, -1,
					63, 64, 56, -1,
					56, 64, 65, -1,
					56, 65, 66, -1,
					66, 65, 67, -1,
					68, 69, 70, -1,
					70, 69, 71, -1,
					70, 71, 65, -1,
					65, 71, 72, -1,
					65, 72, 73, -1,
					74, 75, 70, -1,
					70, 75, 76, -1,
					70, 76, 77, -1,
					74, 78, 75, -1,
					75, 78, 79, -1,
					75, 79, 80, -1,
					76, 75, 81, -1,
					81, 75, 82, -1,
					81, 82, 83, -1,
					83, 82, 84, -1,
					82, 85, 84, -1,
					84, 85, 86, -1,
					85, 87, 86, -1,
					86, 87, 88, -1,
					86, 88, 89, -1,
					89, 88, 90, -1,
					87, 91, 88, -1,
					88, 91, 92, -1,
					93, 94, 88, -1,
					88, 94, 95, -1,
					88, 95, 90, -1,
					96, 97, 4, -1,
					4, 97, 98, -1,
					4, 98, 94, -1,
					94, 98, 99, -1,
					94, 99, 100, -1,
					42, 30, 32, -1,
					35, 101, 25, -1,
					25, 101, 23, -1,
					12, 102, 2, -1,
					2, 102, 103, -1,
					2, 103, 104, -1,
					102, 105, 103, -1,
					103, 105, 106, -1,
					2, 104, 107, -1,
					107, 104, 108, -1,
					107, 108, 109, -1,
					107, 110, 2, -1,
					2, 110, 111, -1,
					2, 111, 0, -1,
					110, 112, 111, -1,
					111, 112, 113, -1,
					0, 114, 1, -1,
					1, 114, 115, -1,
					3, 116, 5, -1,
					5, 116, 117, -1,
					4, 6, 118, -1,
					118, 6, 119, -1,
					118, 119, 120, -1,
					118, 121, 4, -1,
					4, 121, 122, -1,
					4, 122, 123, -1,
					121, 124, 122, -1,
					122, 124, 125, -1,
					4, 123, 96, -1,
					96, 123, 126, -1,
					96, 126, 127, -1,
					97, 128, 98, -1,
					98, 128, 129, -1,
					100, 95, 94, -1,
					77, 68, 70, -1,
					73, 67, 65, -1,
					66, 130, 56, -1,
					56, 130, 131, -1,
					56, 131, 132, -1,
					132, 133, 56, -1,
					56, 133, 134, -1,
					56, 134, 135, -1,
					133, 136, 134, -1,
					134, 136, 137, -1,
					56, 135, 138, -1,
					138, 135, 139, -1,
					138, 139, 140, -1,
					138, 141, 56, -1,
					56, 141, 142, -1,
					56, 142, 54, -1,
					141, 143, 142, -1,
					142, 143, 144, -1,
					54, 145, 55, -1,
					55, 145, 146, -1,
					57, 147, 58, -1,
					58, 147, 148, -1,
					50, 59, 149, -1,
					149, 59, 150, -1,
					149, 150, 151, -1,
					149, 152, 50, -1,
					50, 152, 153, -1,
					50, 153, 154, -1,
					152, 155, 153, -1,
					153, 155, 156, -1,
					50, 154, 157, -1,
					157, 154, 158, -1,
					157, 158, 159, -1,
					157, 160, 50, -1,
					50, 160, 161, -1,
					50, 161, 52, -1,
					160, 162, 161, -1,
					161, 162, 163, -1,
					53, 164, 51, -1
				]
				normal Normal
				{
					vector
					[
						0.000 0.000 1.000
					]
				}
				normalIndex
				[
					0, 0, 0, -1,
					0, 0, 0, -1,
					0, 0, 0, -1,
					0, 0, 0, -1,
					0, 0, 0, -1,
					0, 0, 0, -1,
					0, 0, 0, -1,
					0, 0, 0, -1,
					0, 0, 0, -1,
					0, 0, 0, -1,
					0, 0, 0, -1,
					0, 0, 0, -1,
					0, 0, 0, -1,
					0, 0, 0, -1,
					0, 0, 0, -1,
					0, 0, 0, -1,
					0, 0, 0, -1,
					0, 0, 0, -1,
					0, 0, 0, -1,
					0, 0, 0, -1,
					0, 0, 0, -1,
					0, 0, 0, -1,
					0, 0, 0, -1,
					0, 0, 0, -1,
					0, 0, 0, -1,
					0, 0, 0, -1,
					0, 0, 0, -1,
					0, 0, 0, -1,
					0, 0, 0, -1,
					0, 0, 0, -1,
					0, 0, 0, -1,
					0, 0, 0, -1,
					0, 0, 0, -1,
					0, 0, 0, -1,
					0, 0, 0, -1,
					0, 0, 0, -1,
					0, 0, 0, -1,
					0, 0, 0, -1,
					0, 0, 0, -1,
					0, 0, 0, -1,
					0, 0, 0, -1,
					0, 0, 0, -1,
					0, 0, 0, -1,
					0, 0, 0, -1,
					0, 0, 0, -1,
					0, 0, 0, -1,
					0, 0, 0, -1,
					0, 0, 0, -1,
					0, 0, 0, -1,
					0, 0, 0, -1,
					0, 0, 0, -1,
					0, 0, 0, -1,
					0, 0, 0, -1,
					0, 0, 0, -1,
					0, 0, 0, -1,
					0, 0, 0, -1,
					0, 0, 0, -1,
					0, 0, 0, -1,
					0, 0, 0, -1,
					0, 0, 0, -1,
					0, 0, 0, -1,
					0, 0, 0, -1,
					0, 0, 0, -1,
					0, 0, 0, -1,
					0, 0, 0, -1,
					0, 0, 0, -1,
					0, 0, 0, -1,
					0, 0, 0, -1,
					0, 0, 0, -1,
					0, 0, 0, -1,
					0, 0, 0, -1,
					0, 0, 0, -1,
					0, 0, 0, -1,
					0, 0, 0, -1,
					0, 0, 0, -1,
					0, 0, 0, -1,
					0, 0, 0, -1,
					0, 0, 0, -1,
					0, 0, 0, -1,
					0, 0, 0, -1,
					0, 0, 0, -1,
					0, 0, 0, -1,
					0, 0, 0, -1,
					0, 0, 0, -1,
					0, 0, 0, -1,
					0, 0, 0, -1,
					0, 0, 0, -1,
					0, 0, 0, -1,
					0, 0, 0, -1,
					0, 0, 0, -1,
					0, 0, 0, -1,
					0, 0, 0, -1,
					0, 0, 0, -1,
					0, 0, 0, -1,
					0, 0, 0, -1,
					0, 0, 0, -1,
					0, 0, 0, -1,
					0, 0, 0, -1,
					0, 0, 0, -1,
					0, 0, 0, -1,
					0, 0, 0, -1,
					0, 0, 0, -1,
					0, 0, 0, -1,
					0, 0, 0, -1,
					0, 0, 0, -1,
					0, 0, 0, -1,
					0, 0, 0, -1,
					0, 0, 0, -1,
					0, 0, 0, -1,
					0, 0, 0, -1,
					0, 0, 0, -1,
					0, 0, 0, -1,
					0, 0, 0, -1,
					0, 0, 0, -1,
					0, 0, 0, -1,
					0, 0, 0, -1,
					0, 0, 0, -1,
					0, 0, 0, -1,
					0, 0, 0, -1,
					0, 0, 0, -1,
					0, 0, 0, -1,
					0, 0, 0, -1,
					0, 0, 0, -1,
					0, 0, 0, -1,
					0, 0, 0, -1,
					0, 0, 0, -1,
					0, 0, 0, -1,
					0, 0, 0, -1,
					0, 0, 0, -1,
					0, 0, 0, -1,
					0, 0, 0, -1,
					0, 0, 0, -1,
					0, 0, 0, -1,
					0, 0, 0, -1,
					0, 0, 0, -1,
					0, 0, 0, -1,
					0, 0, 0, -1,
					0, 0, 0, -1,
					0, 0, 0, -1,
					0, 0, 0, -1,
					0, 0, 0, -1,
					0, 0, 0, -1,
					0, 0, 0, -1,
					0, 0, 0, -1,
					0, 0, 0, -1,
					0, 0, 0, -1,
					0, 0, 0, -1,
					0, 0, 0, -1,
					0, 0, 0, -1,
					0, 0, 0, -1,
					0, 0, 0, -1,
					0, 0, 0, -1,
					0, 0, 0, -1,
					0, 0, 0, -1,
					0, 0, 0, -1,
					0, 0, 0, -1,
					0, 0, 0, -1,
					0, 0, 0, -1,
					0, 0, 0, -1,
					0, 0, 0, -1,
					0, 0, 0, -1,
					0, 0, 0, -1,
					0, 0, 0, -1,
					0, 0, 0, -1,
					0, 0, 0, -1
				]
			}
		}
		Shape
		{
			appearance Appearance
			{
				material Material
				{
					diffuseColor 0.694 0.741 0.788
				}
			}
			geometry IndexedFaceSet
			{
				creaseAngle 0.5
				solid TRUE
				coord Coordinate
				{
					point
					[
						2.008 -7.369 -6.800,
						1.775 -7.400 -6.800,
						2.441 -7.650 -6.800,
						-0.409 -7.400 -6.800,
						-2.441 -7.650 -6.800,
						-0.634 -7.371 -6.800,
						-0.845 -7.287 -6.800,
						2.562 -7.662 -6.800,
						2.411 -7.136 -6.800,
						2.225 -7.279 -6.800,
						2.664 -7.692 -6.800,
						2.554 -6.950 -6.800,
						2.753 -7.735 -6.800,
						2.830 -7.791 -6.800,
						2.644 -6.733 -6.800,
						2.895 -7.858 -6.800,
						3.000 -5.994 -6.800,
						2.947 -7.938 -6.800,
						2.985 -8.033 -6.800,
						2.996 -8.088 -6.800,
						3.000 -8.150 -6.800,
						2.988 -5.885 -6.800,
						2.953 -5.782 -6.800,
						2.896 -5.689 -6.800,
						2.820 -5.610 -6.800,
						2.675 -5.489 -6.800,
						2.675 -6.500 -6.800,
						-1.028 -7.153 -6.800,
						-1.172 -6.977 -6.800,
						-1.267 -6.771 -6.800,
						-1.376 -6.426 -6.800,
						-1.543 -6.164 -6.800,
						-3.000 -5.994 -6.800,
						-2.383 -5.393 -6.800,
						-2.820 -5.610 -6.800,
						-2.411 -5.367 -6.800,
						-2.437 -5.340 -6.800,
						-1.416 -6.329 -6.800,
						-1.472 -6.241 -6.800,
						-2.462 -5.311 -6.800,
						-2.896 -5.689 -6.800,
						-2.953 -5.782 -6.800,
						-2.988 -5.885 -6.800,
						-3.000 -8.150 -6.800,
						-2.996 -8.088 -6.800,
						-2.985 -8.033 -6.800,
						-2.947 -7.938 -6.800,
						-2.895 -7.858 -6.800,
						-2.830 -7.791 -6.800,
						-2.753 -7.735 -6.800,
						-2.664 -7.692 -6.800,
						-2.562 -7.662 -6.800
					]
				}
				coordIndex
				[
					0, 1, 2, -1,
					2, 1, 3, -1,
					2, 3, 4, -1,
					4, 3, 5, -1,
					4, 5, 6, -1,
					7, 8, 2, -1,
					2, 8, 9, -1,
					2, 9, 0, -1,
					7, 10, 8, -1,
					8, 10, 11, -1,
					10, 12, 11, -1,
					11, 12, 13, -1,
					11, 13, 14, -1,
					14, 13, 15, -1,
					14, 15, 16, -1,
					16, 15, 17, -1,
					16, 17, 18, -1,
					18, 19, 16, -1,
					16, 19, 20, -1,
					21, 22, 16, -1,
					16, 22, 23, -1,
					16, 23, 24, -1,
					25, 26, 24, -1,
					24, 26, 16, -1,
					26, 14, 16, -1,
					6, 27, 4, -1,
					4, 27, 28, -1,
					4, 28, 29, -1,
					29, 30, 4, -1,
					4, 30, 31, -1,
					4, 31, 32, -1,
					32, 31, 33, -1,
					32, 33, 34, -1,
					34, 33, 35, -1,
					34, 35, 36, -1,
					37, 38, 30, -1,
					30, 38, 31, -1,
					36, 39, 34, -1,
					34, 40, 32, -1,
					32, 40, 41, -1,
					32, 41, 42, -1,
					43, 44, 32, -1,
					32, 44, 45, -1,
					32, 45, 46, -1,
					46, 47, 32, -1,
					32, 47, 48, -1,
					32, 48, 49, -1,
					49, 50, 32, -1,
					32, 50, 51, -1,
					32, 51, 4, -1
				]
				normal Normal
				{
					vector
					[
						0.000 0.000 1.000
					]
				}
				normalIndex
				[
					0, 0, 0, -1,
					0, 0, 0, -1,
					0, 0, 0, -1,
					0, 0, 0, -1,
					0, 0, 0, -1,
					0, 0, 0, -1,
					0, 0, 0, -1,
					0, 0, 0, -1,
					0, 0, 0, -1,
					0, 0, 0, -1,
					0, 0, 0, -1,
					0, 0, 0, -1,
					0, 0, 0, -1,
					0, 0, 0, -1,
					0, 0, 0, -1,
					0, 0, 0, -1,
					0, 0, 0, -1,
					0, 0, 0, -1,
					0, 0, 0, -1,
					0, 0, 0, -1,
					0, 0, 0, -1,
					0, 0, 0, -1,
					0, 0, 0, -1,
					0, 0, 0, -1,
					0, 0, 0, -1,
					0, 0, 0, -1,
					0, 0, 0, -1,
					0, 0, 0, -1,
					0, 0, 0, -1,
					0, 0, 0, -1,
					0, 0, 0, -1,
					0, 0, 0, -1,
					0, 0, 0, -1,
					0, 0, 0, -1,
					0, 0, 0, -1,
					0, 0, 0, -1,
					0, 0, 0, -1,
					0, 0, 0, -1,
					0, 0, 0, -1,
					0, 0, 0, -1,
					0, 0, 0, -1,
					0, 0, 0, -1,
					0, 0, 0, -1,
					0, 0, 0, -1,
					0, 0, 0, -1,
					0, 0, 0, -1,
					0, 0, 0, -1,
					0, 0, 0, -1,
					0, 0, 0, -1,
					0, 0, 0, -1
				]
			}
		}
		Shape
		{
			appearance Appearance
			{
				material Material
				{
					diffuseColor 0.694 0.741 0.788
				}
			}
			geometry IndexedFaceSet
			{
				creaseAngle 0.5
				solid TRUE
				coord Coordinate
				{
					point
					[
						-1.920 5.124 -7.300,
						-2.095 4.958 -7.300,
						-1.916 5.118 -7.216,
						-2.083 4.945 -7.171,
						-1.903 5.104 -7.140,
						-2.049 4.909 -7.050,
						-1.883 5.083 -7.071,
						-1.857 5.055 -7.009,
						-1.994 4.852 -6.946,
						-1.826 5.020 -6.953,
						-1.788 4.979 -6.903,
						-1.922 4.777 -6.867,
						-1.744 4.931 -6.861,
						-1.692 4.874 -6.827,
						-1.839 4.689 -6.817,
						-1.638 4.815 -6.807,
						-1.750 4.596 -6.800,
						-1.583 4.755 -6.800
					]
				}
				coordIndex
				[
					0, 1, 2, -1,
					2, 1, 3, -1,
					2, 3, 4, -1,
					4, 3, 5, -1,
					4, 5, 6, -1,
					6, 5, 7, -1,
					5, 8, 7, -1,
					7, 8, 9, -1,
					9, 8, 10, -1,
					10, 8, 11, -1,
					10, 11, 12, -1,
					12, 11, 13, -1,
					11, 14, 13, -1,
					13, 14, 15, -1,
					14, 16, 15, -1,
					15, 16, 17, -1
				]
				normal Normal
				{
					vector
					[
						-0.689 0.724 0.000,
						-0.679 0.714 0.169,
						-0.666 0.700 0.259,
						-0.653 0.686 0.320,
						-0.597 0.627 0.500,
						-0.613 0.644 0.457,
						-0.561 0.589 0.582,
						-0.487 0.512 0.707,
						-0.496 0.522 0.694,
						-0.420 0.441 0.793,
						-0.345 0.362 0.866,
						-0.330 0.346 0.878,
						-0.223 0.234 0.946,
						-0.178 0.187 0.966,
						-0.113 0.119 0.986,
						0.000 -0.000 1.000,
						-0.000 0.000 1.000
					]
				}
				normalIndex
				[
					0, 0, 1, -1,
					1, 0, 2, -1,
					1, 2, 3, -1,
					3, 2, 4, -1,
					3, 4, 5, -1,
					5, 4, 6, -1,
					4, 7, 6, -1,
					6, 7, 8, -1,
					8, 7, 9, -1,
					9, 7, 10, -1,
					9, 10, 11, -1,
					11, 10, 12, -1,
					10, 13, 12, -1,
					12, 13, 14, -1,
					13, 15, 14, -1,
					14, 15, 16, -1
				]
			}
		}
		Shape
		{
			appearance Appearance
			{
				material Material
				{
					diffuseColor 0.694 0.741 0.788
				}
			}
			geometry IndexedFaceSet
			{
				creaseAngle 0.5
				solid TRUE
				coord Coordinate
				{
					point
					[
						-1.920 5.124 -7.300,
						-1.920 5.124 -8.150,
						-2.095 4.958 -7.300,
						-2.095 4.958 -8.900,
						-1.102 5.902 -8.900,
						-1.276 5.737 -8.150,
						-1.102 5.902 -6.800,
						-1.276 5.737 -6.800
					]
				}
				coordIndex
				[
					0, 1, 2, -1,
					2, 1, 3, -1,
					3, 1, 4, -1,
					4, 1, 5, -1,
					4, 5, 6, -1,
					6, 5, 7, -1
				]
				normal Normal
				{
					vector
					[
						-0.689 0.724 0.000
					]
				}
				normalIndex
				[
					0, 0, 0, -1,
					0, 0, 0, -1,
					0, 0, 0, -1,
					0, 0, 0, -1,
					0, 0, 0, -1,
					0, 0, 0, -1
				]
			}
		}
		Shape
		{
			appearance Appearance
			{
				material Material
				{
					diffuseColor 0.694 0.741 0.788
				}
			}
			geometry IndexedFaceSet
			{
				creaseAngle 0.5
				solid TRUE
				coord Coordinate
				{
					point
					[
						-2.095 4.958 -7.300,
						-2.095 4.958 -8.900,
						-2.160 4.881 -7.300,
						-2.160 4.881 -8.900,
						-2.210 4.793 -8.900,
						-2.210 4.793 -7.300,
						-2.240 4.696 -8.900,
						-2.240 4.696 -7.300,
						-2.250 4.596 -7.300,
						-2.250 4.596 -8.900
					]
				}
				coordIndex
				[
					0, 1, 2, -1,
					2, 1, 3, -1,
					2, 3, 4, -1,
					2, 4, 5, -1,
					5, 4, 6, -1,
					5, 6, 7, -1,
					7, 6, 8, -1,
					6, 9, 8, -1
				]
				normal Normal
				{
					vector
					[
						-0.689 0.724 0.000,
						-0.821 0.571 0.000,
						-0.919 0.394 0.000,
						-0.980 0.201 0.000,
						-1.000 0.000 0.000
					]
				}
				normalIndex
				[
					0, 0, 1, -1,
					1, 0, 1, -1,
					1, 1, 2, -1,
					1, 2, 2, -1,
					2, 2, 3, -1,
					2, 3, 3, -1,
					3, 3, 4, -1,
					3, 4, 4, -1
				]
			}
		}
		Shape
		{
			appearance Appearance
			{
				material Material
				{
					diffuseColor 0.694 0.741 0.788
				}
			}
			geometry IndexedFaceSet
			{
				creaseAngle 0.5
				solid TRUE
				coord Coordinate
				{
					point
					[
						-2.240 4.696 -7.300,
						-2.250 4.596 -7.300,
						-2.229 4.707 -7.210,
						-2.233 4.596 -7.171,
						-2.169 4.681 -7.041,
						-2.183 4.596 -7.050,
						-2.104 4.596 -6.946,
						-2.057 4.633 -6.907,
						-2.000 4.596 -6.867,
						-1.922 4.777 -6.867,
						-1.879 4.596 -6.817,
						-1.839 4.689 -6.817,
						-1.750 4.596 -6.800,
						-1.989 4.792 -6.907,
						-1.994 4.852 -6.946,
						-2.101 4.840 -7.041,
						-2.049 4.909 -7.050,
						-2.083 4.945 -7.171,
						-2.161 4.866 -7.210,
						-2.095 4.958 -7.300,
						-2.160 4.881 -7.300,
						-2.210 4.793 -7.300
					]
				}
				coordIndex
				[
					0, 1, 2, -1,
					2, 1, 3, -1,
					2, 3, 4, -1,
					4, 3, 5, -1,
					4, 5, 6, -1,
					4, 6, 7, -1,
					7, 6, 8, -1,
					7, 8, 9, -1,
					9, 8, 10, -1,
					9, 10, 11, -1,
					11, 10, 12, -1,
					7, 9, 13, -1,
					13, 9, 14, -1,
					13, 14, 15, -1,
					15, 14, 16, -1,
					15, 16, 17, -1,
					15, 17, 18, -1,
					18, 17, 19, -1,
					18, 19, 20, -1,
					20, 21, 18, -1,
					18, 21, 2, -1,
					18, 2, 15, -1,
					15, 2, 4, -1,
					15, 4, 13, -1,
					13, 4, 7, -1,
					21, 0, 2, -1
				]
				normal Normal
				{
					vector
					[
						-0.980 0.201 0.000,
						-1.000 -0.000 0.000,
						-0.958 0.222 0.181,
						-0.966 0.000 0.259,
						-0.838 0.170 0.518,
						-0.866 0.000 0.500,
						-0.707 0.000 0.707,
						-0.614 0.074 0.786,
						-0.500 0.000 0.866,
						-0.345 0.362 0.866,
						-0.259 -0.000 0.966,
						-0.178 0.187 0.966,
						-0.000 0.000 1.000,
						-0.477 0.393 0.786,
						-0.487 0.512 0.707,
						-0.701 0.490 0.518,
						-0.597 0.627 0.500,
						-0.666 0.700 0.259,
						-0.821 0.541 0.181,
						-0.689 0.724 0.000,
						-0.821 0.571 0.000,
						-0.919 0.394 0.000
					]
				}
				normalIndex
				[
					0, 1, 2, -1,
					2, 1, 3, -1,
					2, 3, 4, -1,
					4, 3, 5, -1,
					4, 5, 6, -1,
					4, 6, 7, -1,
					7, 6, 8, -1,
					7, 8, 9, -1,
					9, 8, 10, -1,
					9, 10, 11, -1,
					11, 10, 12, -1,
					7, 9, 13, -1,
					13, 9, 14, -1,
					13, 14, 15, -1,
					15, 14, 16, -1,
					15, 16, 17, -1,
					15, 17, 18, -1,
					18, 17, 19, -1,
					18, 19, 20, -1,
					20, 21, 18, -1,
					18, 21, 2, -1,
					18, 2, 15, -1,
					15, 2, 4, -1,
					15, 4, 13, -1,
					13, 4, 7, -1,
					21, 0, 2, -1
				]
			}
		}
		Shape
		{
			appearance Appearance
			{
				material Material
				{
					diffuseColor 0.694 0.741 0.788
				}
			}
			geometry IndexedFaceSet
			{
				creaseAngle 0.5
				solid TRUE
				coord Coordinate
				{
					point
					[
						-2.250 -4.900 -7.300,
						-2.241 -4.900 -7.208,
						-2.250 4.596 -7.300,
						-2.233 4.596 -7.171,
						-2.216 -4.900 -7.119,
						-2.183 4.596 -7.050,
						-2.175 -4.900 -7.037,
						-2.120 -4.900 -6.963,
						-2.104 4.596 -6.946,
						-2.051 -4.900 -6.901,
						-2.000 4.596 -6.867,
						-1.973 -4.900 -6.852,
						-1.879 4.596 -6.817,
						-1.887 -4.900 -6.819,
						-1.796 -4.900 -6.802,
						-1.750 -4.900 -6.800,
						-1.750 4.596 -6.800
					]
				}
				coordIndex
				[
					0, 1, 2, -1,
					2, 1, 3, -1,
					1, 4, 3, -1,
					3, 4, 5, -1,
					4, 6, 5, -1,
					5, 6, 7, -1,
					5, 7, 8, -1,
					8, 7, 9, -1,
					8, 9, 10, -1,
					10, 9, 11, -1,
					10, 11, 12, -1,
					12, 11, 13, -1,
					12, 13, 14, -1,
					15, 16, 14, -1,
					14, 16, 12, -1
				]
				normal Normal
				{
					vector
					[
						-1.000 0.000 0.000,
						-0.983 0.000 0.184,
						-0.966 0.000 0.259,
						-0.932 0.000 0.361,
						-0.866 0.000 0.500,
						-0.850 0.000 0.526,
						-0.739 0.000 0.674,
						-0.707 0.000 0.707,
						-0.603 0.000 0.798,
						-0.500 0.000 0.866,
						-0.446 0.000 0.895,
						-0.259 0.000 0.966,
						-0.274 0.000 0.962,
						-0.092 0.000 0.996,
						0.000 0.000 1.000
					]
				}
				normalIndex
				[
					0, 1, 0, -1,
					0, 1, 2, -1,
					1, 3, 2, -1,
					2, 3, 4, -1,
					3, 5, 4, -1,
					4, 5, 6, -1,
					4, 6, 7, -1,
					7, 6, 8, -1,
					7, 8, 9, -1,
					9, 8, 10, -1,
					9, 10, 11, -1,
					11, 10, 12, -1,
					11, 12, 13, -1,
					14, 14, 13, -1,
					13, 14, 11, -1
				]
			}
		}
		Shape
		{
			appearance Appearance
			{
				material Material
				{
					diffuseColor 0.694 0.741 0.788
				}
			}
			geometry IndexedFaceSet
			{
				creaseAngle 0.5
				solid TRUE
				coord Coordinate
				{
					point
					[
						-2.250 4.596 -7.300,
						-2.250 4.596 -8.900,
						-2.250 -4.900 -7.300,
						-2.250 -4.900 -8.900
					]
				}
				coordIndex
				[
					0, 1, 2, -1,
					2, 1, 3, -1
				]
				normal Normal
				{
					vector
					[
						-1.000 0.000 0.000
					]
				}
				normalIndex
				[
					0, 0, 0, -1,
					0, 0, 0, -1
				]
			}
		}
		Shape
		{
			appearance Appearance
			{
				material Material
				{
					diffuseColor 0.694 0.741 0.788
				}
			}
			geometry IndexedFaceSet
			{
				creaseAngle 0.5
				solid TRUE
				coord Coordinate
				{
					point
					[
						-2.250 -4.900 -7.300,
						-2.250 -4.900 -8.900,
						-2.258 -4.991 -7.300,
						-2.262 -5.009 -8.900,
						-2.284 -5.080 -7.300,
						-2.297 -5.112 -8.900,
						-2.325 -5.163 -7.300,
						-2.354 -5.205 -8.900,
						-2.372 -5.228 -7.300,
						-2.430 -5.284 -8.900,
						-2.430 -5.284 -7.300
					]
				}
				coordIndex
				[
					0, 1, 2, -1,
					2, 1, 3, -1,
					2, 3, 4, -1,
					4, 3, 5, -1,
					4, 5, 6, -1,
					6, 5, 7, -1,
					6, 7, 8, -1,
					8, 7, 9, -1,
					8, 9, 10, -1
				]
				normal Normal
				{
					vector
					[
						-1.000 -0.000 -0.000,
						-0.983 0.183 -0.000,
						-0.976 0.217 -0.000,
						-0.933 0.360 -0.000,
						-0.906 0.424 0.000,
						-0.851 0.525 -0.000,
						-0.792 0.610 -0.000,
						-0.756 0.655 -0.000,
						-0.641 0.768 -0.000
					]
				}
				normalIndex
				[
					0, 0, 1, -1,
					1, 0, 2, -1,
					1, 2, 3, -1,
					3, 2, 4, -1,
					3, 4, 5, -1,
					5, 4, 6, -1,
					5, 6, 7, -1,
					7, 6, 8, -1,
					7, 8, 8, -1
				]
			}
		}
		Shape
		{
			appearance Appearance
			{
				material Material
				{
					diffuseColor 0.694 0.741 0.788
				}
			}
			geometry IndexedFaceSet
			{
				creaseAngle 0.5
				solid TRUE
				coord Coordinate
				{
					point
					[
						-2.430 -5.284 -7.300,
						-2.155 -5.055 -6.981,
						-2.372 -5.228 -7.300,
						-2.325 -5.163 -7.300,
						-2.053 -5.153 -6.872,
						-1.986 -5.042 -6.852,
						-2.113 -5.099 -6.927,
						-2.130 -5.015 -6.963,
						-2.225 -4.997 -7.119,
						-2.284 -5.080 -7.300,
						-1.988 -5.213 -6.832,
						-1.812 -5.074 -6.802,
						-1.887 -4.900 -6.819,
						-1.796 -4.900 -6.802,
						-1.920 -5.275 -6.808,
						-1.800 -5.213 -6.800,
						-1.767 -5.083 -6.800,
						-1.851 -5.338 -6.800,
						-1.750 -4.900 -6.800,
						-1.973 -4.900 -6.852,
						-2.051 -4.900 -6.901,
						-2.120 -4.900 -6.963,
						-2.175 -4.900 -7.037,
						-2.216 -4.900 -7.119,
						-2.241 -4.900 -7.208,
						-2.250 -4.900 -7.300,
						-2.258 -4.991 -7.300
					]
				}
				coordIndex
				[
					0, 1, 2, -1,
					2, 1, 3, -1,
					4, 5, 6, -1,
					6, 5, 7, -1,
					6, 7, 1, -1,
					1, 7, 8, -1,
					1, 8, 3, -1,
					3, 8, 9, -1,
					4, 10, 5, -1,
					5, 10, 11, -1,
					5, 11, 12, -1,
					12, 11, 13, -1,
					10, 14, 11, -1,
					11, 14, 15, -1,
					11, 15, 16, -1,
					14, 17, 15, -1,
					18, 13, 16, -1,
					16, 13, 11, -1,
					12, 19, 5, -1,
					5, 19, 20, -1,
					5, 20, 7, -1,
					7, 20, 21, -1,
					7, 21, 22, -1,
					7, 22, 8, -1,
					8, 22, 23, -1,
					8, 23, 24, -1,
					25, 26, 24, -1,
					24, 26, 8, -1,
					26, 9, 8, -1
				]
				normal Normal
				{
					vector
					[
						-0.641 0.768 0.000,
						-0.746 0.194 0.637,
						-0.756 0.655 0.000,
						-0.851 0.525 0.000,
						-0.487 0.177 0.856,
						-0.438 0.081 0.895,
						-0.635 0.198 0.747,
						-0.727 0.135 0.674,
						-0.917 0.170 0.361,
						-0.933 0.360 0.000,
						-0.327 0.134 0.935,
						-0.091 0.017 0.996,
						-0.274 0.000 0.962,
						-0.092 0.000 0.996,
						-0.163 0.074 0.984,
						-0.000 0.000 1.000,
						0.000 0.000 1.000,
						-0.446 0.000 0.895,
						-0.603 0.000 0.798,
						-0.739 0.000 0.674,
						-0.850 0.000 0.526,
						-0.932 0.000 0.361,
						-0.983 0.000 0.184,
						-1.000 0.000 0.000,
						-0.983 0.183 0.000
					]
				}
				normalIndex
				[
					0, 1, 2, -1,
					2, 1, 3, -1,
					4, 5, 6, -1,
					6, 5, 7, -1,
					6, 7, 1, -1,
					1, 7, 8, -1,
					1, 8, 3, -1,
					3, 8, 9, -1,
					4, 10, 5, -1,
					5, 10, 11, -1,
					5, 11, 12, -1,
					12, 11, 13, -1,
					10, 14, 11, -1,
					11, 14, 15, -1,
					11, 15, 15, -1,
					14, 15, 15, -1,
					16, 13, 15, -1,
					15, 13, 11, -1,
					12, 17, 5, -1,
					5, 17, 18, -1,
					5, 18, 7, -1,
					7, 18, 19, -1,
					7, 19, 20, -1,
					7, 20, 8, -1,
					8, 20, 21, -1,
					8, 21, 22, -1,
					23, 24, 22, -1,
					22, 24, 8, -1,
					24, 9, 8, -1
				]
			}
		}
		Shape
		{
			appearance Appearance
			{
				material Material
				{
					diffuseColor 0.694 0.741 0.788
				}
			}
			geometry IndexedFaceSet
			{
				creaseAngle 0.5
				solid TRUE
				coord Coordinate
				{
					point
					[
						-1.272 -5.869 -0.100,
						-1.851 -5.338 -6.800,
						-2.113 -5.099 -0.100,
						-1.920 -5.275 -6.808,
						-1.988 -5.213 -6.832,
						-1.272 -5.869 -6.800,
						-2.053 -5.153 -6.872,
						-2.113 -5.099 -6.927
					]
				}
				coordIndex
				[
					0, 1, 2, -1,
					2, 1, 3, -1,
					2, 3, 4, -1,
					0, 5, 1, -1,
					4, 6, 2, -1,
					2, 6, 7, -1
				]
				normal Normal
				{
					vector
					[
						0.676 0.737 0.000
					]
				}
				normalIndex
				[
					0, 0, 0, -1,
					0, 0, 0, -1,
					0, 0, 0, -1,
					0, 0, 0, -1,
					0, 0, 0, -1,
					0, 0, 0, -1
				]
			}
		}
		Shape
		{
			appearance Appearance
			{
				material Material
				{
					diffuseColor 0.694 0.741 0.788
				}
			}
			geometry IndexedFaceSet
			{
				creaseAngle 0.5
				solid TRUE
				coord Coordinate
				{
					point
					[
						-2.275 -4.730 -6.800,
						-2.275 -4.730 -0.100,
						-2.261 -4.847 -6.800,
						-2.264 -4.833 -0.100,
						-2.233 -4.931 -0.100,
						-2.220 -4.957 -6.800,
						-2.181 -5.021 -0.100,
						-2.155 -5.055 -6.800,
						-2.113 -5.099 -0.100,
						-2.113 -5.099 -6.927,
						-2.155 -5.055 -6.981
					]
				}
				coordIndex
				[
					0, 1, 2, -1,
					2, 1, 3, -1,
					2, 3, 4, -1,
					2, 4, 5, -1,
					5, 4, 6, -1,
					5, 6, 7, -1,
					7, 6, 8, -1,
					7, 8, 9, -1,
					9, 10, 7, -1
				]
				normal Normal
				{
					vector
					[
						1.000 -0.000 -0.000,
						0.972 0.233 -0.000,
						0.979 0.206 -0.000,
						0.915 0.403 -0.000,
						0.891 0.454 -0.000,
						0.813 0.582 -0.000,
						0.760 0.649 0.000,
						0.676 0.737 0.000,
						0.676 0.737 -0.000
					]
				}
				normalIndex
				[
					0, 0, 1, -1,
					1, 0, 2, -1,
					1, 2, 3, -1,
					1, 3, 4, -1,
					4, 3, 5, -1,
					4, 5, 6, -1,
					6, 5, 7, -1,
					6, 7, 8, -1,
					8, 6, 6, -1
				]
			}
		}
		Shape
		{
			appearance Appearance
			{
				material Material
				{
					diffuseColor 0.694 0.741 0.788
				}
			}
			geometry IndexedFaceSet
			{
				creaseAngle 0.5
				solid TRUE
				coord Coordinate
				{
					point
					[
						2.364 -5.218 -6.800,
						2.312 -5.141 -6.800,
						2.430 -5.284 -6.800,
						2.275 -5.056 -6.800,
						2.675 -3.913 -6.800,
						2.275 -3.913 -6.800,
						2.675 -5.489 -6.800
					]
				}
				coordIndex
				[
					0, 1, 2, -1,
					2, 1, 3, -1,
					2, 3, 4, -1,
					4, 3, 5, -1,
					4, 6, 2, -1
				]
				normal Normal
				{
					vector
					[
						-0.000 -0.000 -1.000
					]
				}
				normalIndex
				[
					0, 0, 0, -1,
					0, 0, 0, -1,
					0, 0, 0, -1,
					0, 0, 0, -1,
					0, 0, 0, -1
				]
			}
		}
		Shape
		{
			appearance Appearance
			{
				material Material
				{
					diffuseColor 0.694 0.741 0.788
				}
			}
			geometry IndexedFaceSet
			{
				creaseAngle 0.5
				solid TRUE
				coord Coordinate
				{
					point
					[
						-2.155 -5.055 -6.800,
						-2.462 -5.311 -6.800,
						-2.220 -4.957 -6.800,
						-2.578 -5.136 -6.800,
						-2.261 -4.847 -6.800,
						-2.650 -4.939 -6.800,
						-2.275 -4.730 -6.800,
						-2.675 -4.730 -6.800,
						-2.275 -0.500 -6.800,
						-2.675 -0.500 -6.800
					]
				}
				coordIndex
				[
					0, 1, 2, -1,
					2, 1, 3, -1,
					2, 3, 4, -1,
					4, 3, 5, -1,
					4, 5, 6, -1,
					6, 5, 7, -1,
					6, 7, 8, -1,
					8, 7, 9, -1
				]
				normal Normal
				{
					vector
					[
						-0.000 -0.000 -1.000
					]
				}
				normalIndex
				[
					0, 0, 0, -1,
					0, 0, 0, -1,
					0, 0, 0, -1,
					0, 0, 0, -1,
					0, 0, 0, -1,
					0, 0, 0, -1,
					0, 0, 0, -1,
					0, 0, 0, -1
				]
			}
		}
		Shape
		{
			appearance Appearance
			{
				material Material
				{
					diffuseColor 0.694 0.741 0.788
				}
			}
			geometry IndexedFaceSet
			{
				creaseAngle 0.5
				solid TRUE
				coord Coordinate
				{
					point
					[
						2.820 -5.610 -6.800,
						2.820 -5.610 -8.900,
						2.675 -5.489 -6.800,
						2.430 -5.284 -8.900,
						2.430 -5.284 -6.800
					]
				}
				coordIndex
				[
					0, 1, 2, -1,
					2, 1, 3, -1,
					2, 3, 4, -1
				]
				normal Normal
				{
					vector
					[
						0.641 0.768 0.000
					]
				}
				normalIndex
				[
					0, 0, 0, -1,
					0, 0, 0, -1,
					0, 0, 0, -1
				]
			}
		}
		Shape
		{
			appearance Appearance
			{
				material Material
				{
					diffuseColor 0.694 0.741 0.788
				}
			}
			geometry IndexedFaceSet
			{
				creaseAngle 0.5
				solid TRUE
				coord Coordinate
				{
					point
					[
						2.430 -5.284 -8.900,
						2.354 -5.205 -8.900,
						2.430 -5.284 -6.800,
						2.364 -5.218 -6.800,
						2.312 -5.141 -6.800,
						2.297 -5.112 -8.900,
						2.275 -5.056 -6.800,
						2.262 -5.009 -8.900,
						2.261 -5.005 -6.800,
						2.253 -4.953 -6.800,
						2.250 -4.900 -8.900,
						2.250 -4.900 -6.800
					]
				}
				coordIndex
				[
					0, 1, 2, -1,
					2, 1, 3, -1,
					3, 1, 4, -1,
					4, 1, 5, -1,
					4, 5, 6, -1,
					6, 5, 7, -1,
					6, 7, 8, -1,
					8, 7, 9, -1,
					7, 10, 9, -1,
					9, 10, 11, -1
				]
				normal Normal
				{
					vector
					[
						0.641 0.768 -0.000,
						0.792 0.610 -0.000,
						0.772 0.636 -0.000,
						0.876 0.482 -0.000,
						0.906 0.424 -0.000,
						0.950 0.312 -0.000,
						0.976 0.217 0.000,
						0.978 0.210 -0.000,
						0.994 0.106 -0.000,
						1.000 -0.000 -0.000
					]
				}
				normalIndex
				[
					0, 1, 0, -1,
					0, 1, 2, -1,
					2, 1, 3, -1,
					3, 1, 4, -1,
					3, 4, 5, -1,
					5, 4, 6, -1,
					5, 6, 7, -1,
					7, 6, 8, -1,
					6, 9, 8, -1,
					8, 9, 9, -1
				]
			}
		}
		Shape
		{
			appearance Appearance
			{
				material Material
				{
					diffuseColor 0.694 0.741 0.788
				}
			}
			geometry IndexedFaceSet
			{
				creaseAngle 0.5
				solid TRUE
				coord Coordinate
				{
					point
					[
						2.250 6.450 -6.800,
						2.250 -4.900 -6.800,
						2.250 6.450 -8.900,
						2.250 -4.900 -8.900
					]
				}
				coordIndex
				[
					0, 1, 2, -1,
					2, 1, 3, -1
				]
				normal Normal
				{
					vector
					[
						1.000 0.000 0.000
					]
				}
				normalIndex
				[
					0, 0, 0, -1,
					0, 0, 0, -1
				]
			}
		}
		Shape
		{
			appearance Appearance
			{
				material Material
				{
					diffuseColor 0.694 0.741 0.788
				}
			}
			geometry IndexedFaceSet
			{
				creaseAngle 0.5
				solid TRUE
				coord Coordinate
				{
					point
					[
						-3.050 -12.000 -8.900,
						-3.050 -8.060 -8.900,
						-3.450 -12.000 -8.900,
						-3.450 -7.183 -8.900,
						-3.050 -7.183 -8.900,
						-3.000 -8.060 -8.900,
						-3.000 -5.994 -8.900,
						-3.050 -5.673 -8.900,
						-2.988 -5.885 -8.900,
						-2.953 -5.782 -8.900,
						-2.896 -5.689 -8.900,
						-3.038 -5.562 -8.900,
						-2.820 -5.610 -8.900,
						-3.001 -5.457 -8.900,
						-2.942 -5.363 -8.900,
						-2.430 -5.284 -8.900,
						-2.469 -4.764 -8.900,
						-2.354 -5.205 -8.900,
						-2.297 -5.112 -8.900,
						-2.262 -5.009 -8.900,
						-2.250 -4.900 -8.900,
						-2.363 -4.594 -8.900,
						-2.297 -4.405 -8.900,
						-2.275 -4.206 -8.900,
						-2.250 4.596 -8.900,
						-2.275 4.730 -8.900,
						-2.240 4.696 -8.900,
						-2.210 4.793 -8.900,
						-2.264 4.833 -8.900,
						-2.160 4.881 -8.900,
						-2.233 4.931 -8.900,
						-2.095 4.958 -8.900,
						-2.181 5.021 -8.900,
						-2.113 5.099 -8.900,
						-1.272 5.869 -8.900,
						-1.102 5.902 -8.900,
						-1.155 5.998 -8.900,
						-1.047 5.964 -8.900,
						-1.003 6.034 -8.900,
						-1.061 6.144 -8.900,
						-0.971 6.111 -8.900,
						-0.994 6.305 -8.900,
						-0.812 6.604 -8.900,
						-0.885 6.651 -8.900,
						-0.759 6.717 -8.900,
						-0.832 6.765 -8.900,
						-0.753 6.863 -8.900,
						-0.679 6.814 -8.900,
						-0.651 6.937 -8.900,
						-0.577 6.888 -8.900,
						-0.534 6.984 -8.900,
						-0.461 6.934 -8.900,
						-0.409 7.000 -8.900,
						-0.336 6.950 -8.900,
						1.775 7.000 -8.900,
						1.750 6.950 -8.900,
						1.879 6.933 -8.900,
						1.904 6.983 -8.900,
						2.000 6.883 -8.900,
						2.025 6.933 -8.900,
						2.129 6.854 -8.900,
						2.104 6.804 -8.900,
						2.208 6.750 -8.900,
						2.183 6.700 -8.900,
						2.258 6.629 -8.900,
						2.233 6.579 -8.900,
						2.275 6.500 -8.900,
						2.250 6.450 -8.900,
						2.275 -4.206 -8.900,
						2.250 -4.900 -8.900,
						2.297 -4.405 -8.900,
						2.262 -5.009 -8.900,
						2.469 -4.764 -8.900,
						2.363 -4.594 -8.900,
						2.297 -5.112 -8.900,
						2.354 -5.205 -8.900,
						2.430 -5.284 -8.900,
						2.942 -5.363 -8.900,
						2.820 -5.610 -8.900,
						3.001 -5.457 -8.900,
						3.038 -5.562 -8.900,
						2.896 -5.689 -8.900,
						3.050 -5.673 -8.900,
						2.953 -5.782 -8.900,
						2.988 -5.885 -8.900,
						3.000 -5.994 -8.900,
						3.050 -7.183 -8.900,
						3.000 -8.060 -8.900,
						3.050 -8.060 -8.900,
						3.050 -8.400 -8.900,
						3.450 -8.400 -8.900,
						3.450 -7.183 -8.900
					]
				}
				coordIndex
				[
					0, 1, 2, -1,
					2, 1, 3, -1,
					3, 1, 4, -1,
					4, 1, 5, -1,
					4, 5, 6, -1,
					4, 6, 7, -1,
					7, 6, 8, -1,
					7, 8, 9, -1,
					9, 10, 7, -1,
					7, 10, 11, -1,
					10, 12, 11, -1,
					11, 12, 13, -1,
					13, 12, 14, -1,
					14, 12, 15, -1,
					14, 15, 16, -1,
					16, 15, 17, -1,
					16, 17, 18, -1,
					18, 19, 16, -1,
					16, 19, 20, -1,
					16, 20, 21, -1,
					21, 20, 22, -1,
					22, 20, 23, -1,
					23, 20, 24, -1,
					23, 24, 25, -1,
					25, 24, 26, -1,
					25, 26, 27, -1,
					25, 27, 28, -1,
					28, 27, 29, -1,
					28, 29, 30, -1,
					30, 29, 31, -1,
					30, 31, 32, -1,
					32, 31, 33, -1,
					33, 31, 34, -1,
					34, 31, 35, -1,
					34, 35, 36, -1,
					36, 35, 37, -1,
					36, 37, 38, -1,
					36, 38, 39, -1,
					39, 38, 40, -1,
					39, 40, 41, -1,
					41, 40, 42, -1,
					41, 42, 43, -1,
					43, 42, 44, -1,
					43, 44, 45, -1,
					45, 44, 46, -1,
					44, 47, 46, -1,
					46, 47, 48, -1,
					47, 49, 48, -1,
					48, 49, 50, -1,
					49, 51, 50, -1,
					50, 51, 52, -1,
					51, 53, 52, -1,
					52, 53, 54, -1,
					53, 55, 54, -1,
					54, 55, 56, -1,
					54, 56, 57, -1,
					57, 56, 58, -1,
					57, 58, 59, -1,
					59, 58, 60, -1,
					58, 61, 60, -1,
					60, 61, 62, -1,
					61, 63, 62, -1,
					62, 63, 64, -1,
					63, 65, 64, -1,
					64, 65, 66, -1,
					65, 67, 66, -1,
					66, 67, 68, -1,
					67, 69, 68, -1,
					68, 69, 70, -1,
					71, 72, 69, -1,
					69, 72, 73, -1,
					69, 73, 70, -1,
					71, 74, 72, -1,
					72, 74, 75, -1,
					72, 75, 76, -1,
					72, 76, 77, -1,
					77, 76, 78, -1,
					77, 78, 79, -1,
					79, 78, 80, -1,
					78, 81, 80, -1,
					80, 81, 82, -1,
					81, 83, 82, -1,
					82, 83, 84, -1,
					82, 84, 85, -1,
					82, 85, 86, -1,
					86, 85, 87, -1,
					86, 87, 88, -1,
					89, 90, 88, -1,
					88, 90, 91, -1,
					88, 91, 86, -1
				]
				normal Normal
				{
					vector
					[
						-0.000 -0.000 1.000
					]
				}
				normalIndex
				[
					0, 0, 0, -1,
					0, 0, 0, -1,
					0, 0, 0, -1,
					0, 0, 0, -1,
					0, 0, 0, -1,
					0, 0, 0, -1,
					0, 0, 0, -1,
					0, 0, 0, -1,
					0, 0, 0, -1,
					0, 0, 0, -1,
					0, 0, 0, -1,
					0, 0, 0, -1,
					0, 0, 0, -1,
					0, 0, 0, -1,
					0, 0, 0, -1,
					0, 0, 0, -1,
					0, 0, 0, -1,
					0, 0, 0, -1,
					0, 0, 0, -1,
					0, 0, 0, -1,
					0, 0, 0, -1,
					0, 0, 0, -1,
					0, 0, 0, -1,
					0, 0, 0, -1,
					0, 0, 0, -1,
					0, 0, 0, -1,
					0, 0, 0, -1,
					0, 0, 0, -1,
					0, 0, 0, -1,
					0, 0, 0, -1,
					0, 0, 0, -1,
					0, 0, 0, -1,
					0, 0, 0, -1,
					0, 0, 0, -1,
					0, 0, 0, -1,
					0, 0, 0, -1,
					0, 0, 0, -1,
					0, 0, 0, -1,
					0, 0, 0, -1,
					0, 0, 0, -1,
					0, 0, 0, -1,
					0, 0, 0, -1,
					0, 0, 0, -1,
					0, 0, 0, -1,
					0, 0, 0, -1,
					0, 0, 0, -1,
					0, 0, 0, -1,
					0, 0, 0, -1,
					0, 0, 0, -1,
					0, 0, 0, -1,
					0, 0, 0, -1,
					0, 0, 0, -1,
					0, 0, 0, -1,
					0, 0, 0, -1,
					0, 0, 0, -1,
					0, 0, 0, -1,
					0, 0, 0, -1,
					0, 0, 0, -1,
					0, 0, 0, -1,
					0, 0, 0, -1,
					0, 0, 0, -1,
					0, 0, 0, -1,
					0, 0, 0, -1,
					0, 0, 0, -1,
					0, 0, 0, -1,
					0, 0, 0, -1,
					0, 0, 0, -1,
					0, 0, 0, -1,
					0, 0, 0, -1,
					0, 0, 0, -1,
					0, 0, 0, -1,
					0, 0, 0, -1,
					0, 0, 0, -1,
					0, 0, 0, -1,
					0, 0, 0, -1,
					0, 0, 0, -1,
					0, 0, 0, -1,
					0, 0, 0, -1,
					0, 0, 0, -1,
					0, 0, 0, -1,
					0, 0, 0, -1,
					0, 0, 0, -1,
					0, 0, 0, -1,
					0, 0, 0, -1,
					0, 0, 0, -1,
					0, 0, 0, -1,
					0, 0, 0, -1,
					0, 0, 0, -1,
					0, 0, 0, -1,
					0, 0, 0, -1
				]
			}
		}
		Shape
		{
			appearance Appearance
			{
				material Material
				{
					diffuseColor 0.694 0.741 0.788
				}
			}
			geometry IndexedFaceSet
			{
				creaseAngle 0.5
				solid TRUE
				coord Coordinate
				{
					point
					[
						-3.050 -12.000 -8.900,
						-3.450 -12.000 -8.900,
						-3.050 -12.194 -8.926,
						-3.450 -12.194 -8.926,
						-3.450 -12.375 -9.000,
						-3.050 -12.375 -9.000,
						-3.450 -12.530 -9.120,
						-3.050 -12.530 -9.120,
						-3.050 -12.650 -9.275,
						-3.450 -12.650 -9.275,
						-3.450 -12.724 -9.456,
						-3.050 -12.724 -9.456,
						-3.450 -12.750 -9.650,
						-3.050 -12.750 -9.650,
						-3.050 -12.724 -9.844,
						-3.450 -12.724 -9.844,
						-3.450 -12.650 -10.025,
						-3.050 -12.650 -10.025,
						-3.450 -12.530 -10.180,
						-3.050 -12.530 -10.180,
						-3.450 -12.375 -10.300,
						-3.050 -12.375 -10.300,
						-3.050 -12.194 -10.374,
						-3.450 -12.194 -10.374,
						-3.450 -12.000 -10.400,
						-3.050 -12.000 -10.400
					]
				}
				coordIndex
				[
					0, 1, 2, -1,
					2, 1, 3, -1,
					2, 3, 4, -1,
					2, 4, 5, -1,
					5, 4, 6, -1,
					5, 6, 7, -1,
					7, 6, 8, -1,
					6, 9, 8, -1,
					8, 9, 10, -1,
					8, 10, 11, -1,
					11, 10, 12, -1,
					11, 12, 13, -1,
					13, 12, 14, -1,
					12, 15, 14, -1,
					14, 15, 16, -1,
					14, 16, 17, -1,
					17, 16, 18, -1,
					17, 18, 19, -1,
					19, 18, 20, -1,
					19, 20, 21, -1,
					21, 20, 22, -1,
					20, 23, 22, -1,
					22, 23, 24, -1,
					22, 24, 25, -1
				]
				normal Normal
				{
					vector
					[
						0.000 0.000 1.000,
						0.000 -0.259 0.966,
						0.000 -0.500 0.866,
						0.000 -0.707 0.707,
						0.000 -0.866 0.500,
						0.000 -0.966 0.259,
						0.000 -1.000 -0.000,
						0.000 -1.000 0.000,
						0.000 -0.966 -0.259,
						0.000 -0.866 -0.500,
						0.000 -0.707 -0.707,
						0.000 -0.500 -0.866,
						0.000 -0.259 -0.966,
						0.000 0.000 -1.000
					]
				}
				normalIndex
				[
					0, 0, 1, -1,
					1, 0, 1, -1,
					1, 1, 2, -1,
					1, 2, 2, -1,
					2, 2, 3, -1,
					2, 3, 3, -1,
					3, 3, 4, -1,
					3, 4, 4, -1,
					4, 4, 5, -1,
					4, 5, 5, -1,
					5, 5, 6, -1,
					5, 6, 7, -1,
					7, 6, 8, -1,
					6, 8, 8, -1,
					8, 8, 9, -1,
					8, 9, 9, -1,
					9, 9, 10, -1,
					9, 10, 10, -1,
					10, 10, 11, -1,
					10, 11, 11, -1,
					11, 11, 12, -1,
					11, 12, 12, -1,
					12, 12, 13, -1,
					12, 13, 13, -1
				]
			}
		}
		Shape
		{
			appearance Appearance
			{
				material Material
				{
					diffuseColor 0.694 0.741 0.788
				}
			}
			geometry IndexedFaceSet
			{
				creaseAngle 0.5
				solid TRUE
				coord Coordinate
				{
					point
					[
						-3.050 -5.673 -7.100,
						-3.050 -6.858 -7.283,
						-3.050 -5.673 -8.900,
						-3.050 -6.984 -8.717,
						-3.050 -6.994 -8.766,
						-3.050 -6.659 -7.100,
						-3.050 -6.708 -7.106,
						-3.050 -6.754 -7.124,
						-3.050 -6.794 -7.153,
						-3.050 -6.826 -7.190,
						-3.050 -6.848 -7.234,
						-3.050 -7.016 -8.810,
						-3.050 -7.048 -8.847,
						-3.050 -7.088 -8.876,
						-3.050 -7.134 -8.894,
						-3.050 -7.183 -8.900
					]
				}
				coordIndex
				[
					0, 1, 2, -1,
					2, 1, 3, -1,
					2, 3, 4, -1,
					0, 5, 1, -1,
					1, 5, 6, -1,
					1, 6, 7, -1,
					7, 8, 1, -1,
					1, 8, 9, -1,
					1, 9, 10, -1,
					4, 11, 2, -1,
					2, 11, 12, -1,
					2, 12, 13, -1,
					13, 14, 2, -1,
					2, 14, 15, -1
				]
				normal Normal
				{
					vector
					[
						1.000 0.000 0.000
					]
				}
				normalIndex
				[
					0, 0, 0, -1,
					0, 0, 0, -1,
					0, 0, 0, -1,
					0, 0, 0, -1,
					0, 0, 0, -1,
					0, 0, 0, -1,
					0, 0, 0, -1,
					0, 0, 0, -1,
					0, 0, 0, -1,
					0, 0, 0, -1,
					0, 0, 0, -1,
					0, 0, 0, -1,
					0, 0, 0, -1,
					0, 0, 0, -1
				]
			}
		}
		Shape
		{
			appearance Appearance
			{
				material Material
				{
					diffuseColor 0.694 0.741 0.788
				}
			}
			geometry IndexedFaceSet
			{
				creaseAngle 0.5
				solid TRUE
				coord Coordinate
				{
					point
					[
						-3.050 -8.748 -10.407,
						-3.050 -8.060 -8.900,
						-3.050 -8.800 -10.400,
						-3.050 -12.000 -8.900,
						-3.050 -12.000 -10.400,
						-3.050 -12.194 -8.926,
						-3.050 -12.375 -9.000,
						-3.050 -8.700 -10.427,
						-3.050 -8.659 -10.459,
						-3.050 -8.627 -10.500,
						-3.050 -8.607 -10.548,
						-3.050 -8.600 -10.600,
						-3.050 -8.600 -17.700,
						-3.050 -8.607 -17.752,
						-3.050 -8.607 -19.548,
						-3.050 -8.600 -19.600,
						-3.050 -8.060 -22.500,
						-3.050 -8.380 -22.500,
						-3.050 -8.627 -17.800,
						-3.050 -8.627 -19.500,
						-3.050 -8.659 -17.841,
						-3.050 -8.659 -19.459,
						-3.050 -8.700 -17.873,
						-3.050 -8.700 -19.427,
						-3.050 -8.748 -17.893,
						-3.050 -8.748 -19.407,
						-3.050 -8.800 -17.900,
						-3.050 -8.800 -19.400,
						-3.050 -11.500 -17.900,
						-3.050 -11.500 -19.400,
						-3.050 -11.694 -17.926,
						-3.050 -11.875 -18.000,
						-3.050 -12.030 -18.120,
						-3.050 -12.150 -18.275,
						-3.050 -12.224 -18.456,
						-3.050 -12.250 -18.650,
						-3.050 -12.224 -18.844,
						-3.050 -12.150 -19.025,
						-3.050 -12.030 -19.180,
						-3.050 -11.875 -19.300,
						-3.050 -11.694 -19.374,
						-3.050 -8.600 -22.500,
						-3.050 -12.530 -9.120,
						-3.050 -12.650 -9.275,
						-3.050 -12.724 -9.456,
						-3.050 -12.750 -9.650,
						-3.050 -12.724 -9.844,
						-3.050 -12.650 -10.025,
						-3.050 -12.530 -10.180,
						-3.050 -12.375 -10.300,
						-3.050 -12.194 -10.374
					]
				}
				coordIndex
				[
					0, 1, 2, -1,
					2, 1, 3, -1,
					2, 3, 4, -1,
					4, 3, 5, -1,
					4, 5, 6, -1,
					0, 7, 1, -1,
					1, 7, 8, -1,
					1, 8, 9, -1,
					9, 10, 1, -1,
					1, 10, 11, -1,
					1, 11, 12, -1,
					13, 14, 12, -1,
					12, 14, 15, -1,
					12, 15, 16, -1,
					16, 15, 17, -1,
					13, 18, 14, -1,
					14, 18, 19, -1,
					18, 20, 19, -1,
					19, 20, 21, -1,
					20, 22, 21, -1,
					21, 22, 23, -1,
					22, 24, 23, -1,
					23, 24, 25, -1,
					24, 26, 25, -1,
					25, 26, 27, -1,
					26, 28, 27, -1,
					27, 28, 29, -1,
					28, 30, 29, -1,
					29, 30, 31, -1,
					29, 31, 32, -1,
					32, 33, 29, -1,
					29, 33, 34, -1,
					29, 34, 35, -1,
					35, 36, 29, -1,
					29, 36, 37, -1,
					29, 37, 38, -1,
					38, 39, 29, -1,
					29, 39, 40, -1,
					15, 41, 17, -1,
					16, 1, 12, -1,
					6, 42, 4, -1,
					4, 42, 43, -1,
					4, 43, 44, -1,
					44, 45, 4, -1,
					4, 45, 46, -1,
					4, 46, 47, -1,
					47, 48, 4, -1,
					4, 48, 49, -1,
					4, 49, 50, -1
				]
				normal Normal
				{
					vector
					[
						1.000 0.000 0.000
					]
				}
				normalIndex
				[
					0, 0, 0, -1,
					0, 0, 0, -1,
					0, 0, 0, -1,
					0, 0, 0, -1,
					0, 0, 0, -1,
					0, 0, 0, -1,
					0, 0, 0, -1,
					0, 0, 0, -1,
					0, 0, 0, -1,
					0, 0, 0, -1,
					0, 0, 0, -1,
					0, 0, 0, -1,
					0, 0, 0, -1,
					0, 0, 0, -1,
					0, 0, 0, -1,
					0, 0, 0, -1,
					0, 0, 0, -1,
					0, 0, 0, -1,
					0, 0, 0, -1,
					0, 0, 0, -1,
					0, 0, 0, -1,
					0, 0, 0, -1,
					0, 0, 0, -1,
					0, 0, 0, -1,
					0, 0, 0, -1,
					0, 0, 0, -1,
					0, 0, 0, -1,
					0, 0, 0, -1,
					0, 0, 0, -1,
					0, 0, 0, -1,
					0, 0, 0, -1,
					0, 0, 0, -1,
					0, 0, 0, -1,
					0, 0, 0, -1,
					0, 0, 0, -1,
					0, 0, 0, -1,
					0, 0, 0, -1,
					0, 0, 0, -1,
					0, 0, 0, -1,
					0, 0, 0, -1,
					0, 0, 0, -1,
					0, 0, 0, -1,
					0, 0, 0, -1,
					0, 0, 0, -1,
					0, 0, 0, -1,
					0, 0, 0, -1,
					0, 0, 0, -1,
					0, 0, 0, -1,
					0, 0, 0, -1
				]
			}
		}
		Shape
		{
			appearance Appearance
			{
				material Material
				{
					diffuseColor 0.694 0.741 0.788
				}
			}
			geometry IndexedFaceSet
			{
				creaseAngle 0.5
				solid TRUE
				coord Coordinate
				{
					point
					[
						-3.050 -6.984 -8.717,
						-3.450 -6.984 -8.717,
						-3.050 -6.994 -8.766,
						-3.450 -6.994 -8.766,
						-3.450 -7.016 -8.810,
						-3.450 -7.088 -8.876,
						-3.050 -7.088 -8.876,
						-3.450 -7.048 -8.847,
						-3.050 -7.048 -8.847,
						-3.050 -7.016 -8.810,
						-3.450 -7.134 -8.894,
						-3.050 -7.134 -8.894,
						-3.450 -7.183 -8.900,
						-3.050 -7.183 -8.900
					]
				}
				coordIndex
				[
					0, 1, 2, -1,
					2, 1, 3, -1,
					2, 3, 4, -1,
					5, 6, 7, -1,
					7, 6, 8, -1,
					7, 8, 4, -1,
					4, 8, 9, -1,
					4, 9, 2, -1,
					5, 10, 6, -1,
					6, 10, 11, -1,
					12, 13, 10, -1,
					10, 13, 11, -1
				]
				normal Normal
				{
					vector
					[
						-0.000 -0.996 0.087,
						-0.000 -0.945 0.328,
						-0.000 -0.835 0.550,
						-0.000 -0.475 0.880,
						-0.000 -0.676 0.737,
						-0.000 -0.245 0.970,
						-0.000 -0.000 1.000
					]
				}
				normalIndex
				[
					0, 0, 1, -1,
					1, 0, 1, -1,
					1, 1, 2, -1,
					3, 3, 4, -1,
					4, 3, 4, -1,
					4, 4, 2, -1,
					2, 4, 2, -1,
					2, 2, 1, -1,
					3, 5, 3, -1,
					3, 5, 5, -1,
					6, 6, 5, -1,
					5, 6, 5, -1
				]
			}
		}
		Shape
		{
			appearance Appearance
			{
				material Material
				{
					diffuseColor 0.694 0.741 0.788
				}
			}
			geometry IndexedFaceSet
			{
				creaseAngle 0.5
				solid TRUE
				coord Coordinate
				{
					point
					[
						-3.450 -8.700 -10.427,
						-3.450 -8.748 -10.407,
						-3.450 -7.183 -8.900,
						-3.450 -8.800 -10.400,
						-3.450 -12.000 -8.900,
						-3.450 -12.000 -10.400,
						-3.450 -12.194 -8.926,
						-3.450 -12.194 -10.374,
						-3.450 -12.375 -9.000,
						-3.450 -12.375 -10.300,
						-3.450 -12.530 -9.120,
						-3.450 -12.530 -10.180,
						-3.450 -12.650 -9.275,
						-3.450 -12.650 -10.025,
						-3.450 -12.724 -9.456,
						-3.450 -12.724 -9.844,
						-3.450 -12.750 -9.650,
						-3.450 -7.134 -8.894,
						-3.450 -8.600 -10.600,
						-3.450 -8.607 -10.548,
						-3.450 -8.627 -10.500,
						-3.450 -7.088 -8.876,
						-3.450 -7.048 -8.847,
						-3.450 -5.780 -19.691,
						-3.450 -7.016 -8.810,
						-3.450 -5.673 -19.799,
						-3.450 -5.673 -7.100,
						-3.450 -6.994 -8.766,
						-3.450 -6.984 -8.717,
						-3.450 -6.858 -7.283,
						-3.450 -6.848 -7.234,
						-3.450 -6.826 -7.190,
						-3.450 -6.794 -7.153,
						-3.450 -6.754 -7.124,
						-3.450 -6.708 -7.106,
						-3.450 -6.659 -7.100,
						-3.450 -8.659 -17.841,
						-3.450 -8.627 -17.800,
						-3.450 -7.880 -19.691,
						-3.450 -8.607 -17.752,
						-3.450 -8.600 -17.700,
						-3.450 -8.380 -22.500,
						-3.450 -8.600 -22.500,
						-3.450 -8.380 -20.191,
						-3.450 -8.600 -19.600,
						-3.450 -8.607 -19.548,
						-3.450 -8.627 -19.500,
						-3.450 -8.659 -19.459,
						-3.450 -8.700 -17.873,
						-3.450 -8.700 -19.427,
						-3.450 -8.748 -17.893,
						-3.450 -8.748 -19.407,
						-3.450 -8.800 -17.900,
						-3.450 -8.800 -19.400,
						-3.450 -11.500 -17.900,
						-3.450 -11.500 -19.400,
						-3.450 -11.694 -17.926,
						-3.450 -11.694 -19.374,
						-3.450 -11.875 -18.000,
						-3.450 -11.875 -19.300,
						-3.450 -12.030 -18.120,
						-3.450 -12.030 -19.180,
						-3.450 -12.150 -18.275,
						-3.450 -12.150 -19.025,
						-3.450 -12.224 -18.456,
						-3.450 -12.224 -18.844,
						-3.450 -12.250 -18.650,
						-3.450 -8.659 -10.459
					]
				}
				coordIndex
				[
					0, 1, 2, -1,
					2, 1, 3, -1,
					2, 3, 4, -1,
					4, 3, 5, -1,
					4, 5, 6, -1,
					6, 5, 7, -1,
					6, 7, 8, -1,
					8, 7, 9, -1,
					8, 9, 10, -1,
					10, 9, 11, -1,
					10, 11, 12, -1,
					12, 11, 13, -1,
					12, 13, 14, -1,
					14, 13, 15, -1,
					14, 15, 16, -1,
					17, 18, 2, -1,
					2, 18, 19, -1,
					2, 19, 20, -1,
					17, 21, 18, -1,
					18, 21, 22, -1,
					18, 22, 23, -1,
					23, 22, 24, -1,
					23, 24, 25, -1,
					25, 24, 26, -1,
					24, 27, 26, -1,
					26, 27, 28, -1,
					26, 28, 29, -1,
					30, 31, 29, -1,
					29, 31, 32, -1,
					29, 32, 33, -1,
					33, 34, 29, -1,
					29, 34, 35, -1,
					29, 35, 26, -1,
					36, 37, 38, -1,
					38, 37, 39, -1,
					38, 39, 23, -1,
					23, 39, 40, -1,
					23, 40, 18, -1,
					41, 42, 43, -1,
					43, 42, 44, -1,
					43, 44, 38, -1,
					38, 44, 45, -1,
					38, 45, 46, -1,
					46, 47, 38, -1,
					38, 47, 36, -1,
					36, 47, 48, -1,
					48, 47, 49, -1,
					48, 49, 50, -1,
					50, 49, 51, -1,
					50, 51, 52, -1,
					52, 51, 53, -1,
					52, 53, 54, -1,
					54, 53, 55, -1,
					54, 55, 56, -1,
					56, 55, 57, -1,
					56, 57, 58, -1,
					58, 57, 59, -1,
					58, 59, 60, -1,
					60, 59, 61, -1,
					60, 61, 62, -1,
					62, 61, 63, -1,
					62, 63, 64, -1,
					64, 63, 65, -1,
					64, 65, 66, -1,
					20, 67, 2, -1,
					2, 67, 0, -1
				]
				normal Normal
				{
					vector
					[
						-1.000 0.000 0.000
					]
				}
				normalIndex
				[
					0, 0, 0, -1,
					0, 0, 0, -1,
					0, 0, 0, -1,
					0, 0, 0, -1,
					0, 0, 0, -1,
					0, 0, 0, -1,
					0, 0, 0, -1,
					0, 0, 0, -1,
					0, 0, 0, -1,
					0, 0, 0, -1,
					0, 0, 0, -1,
					0, 0, 0, -1,
					0, 0, 0, -1,
					0, 0, 0, -1,
					0, 0, 0, -1,
					0, 0, 0, -1,
					0, 0, 0, -1,
					0, 0, 0, -1,
					0, 0, 0, -1,
					0, 0, 0, -1,
					0, 0, 0, -1,
					0, 0, 0, -1,
					0, 0, 0, -1,
					0, 0, 0, -1,
					0, 0, 0, -1,
					0, 0, 0, -1,
					0, 0, 0, -1,
					0, 0, 0, -1,
					0, 0, 0, -1,
					0, 0, 0, -1,
					0, 0, 0, -1,
					0, 0, 0, -1,
					0, 0, 0, -1,
					0, 0, 0, -1,
					0, 0, 0, -1,
					0, 0, 0, -1,
					0, 0, 0, -1,
					0, 0, 0, -1,
					0, 0, 0, -1,
					0, 0, 0, -1,
					0, 0, 0, -1,
					0, 0, 0, -1,
					0, 0, 0, -1,
					0, 0, 0, -1,
					0, 0, 0, -1,
					0, 0, 0, -1,
					0, 0, 0, -1,
					0, 0, 0, -1,
					0, 0, 0, -1,
					0, 0, 0, -1,
					0, 0, 0, -1,
					0, 0, 0, -1,
					0, 0, 0, -1,
					0, 0, 0, -1,
					0, 0, 0, -1,
					0, 0, 0, -1,
					0, 0, 0, -1,
					0, 0, 0, -1,
					0, 0, 0, -1,
					0, 0, 0, -1,
					0, 0, 0, -1,
					0, 0, 0, -1,
					0, 0, 0, -1,
					0, 0, 0, -1,
					0, 0, 0, -1,
					0, 0, 0, -1
				]
			}
		}
		Shape
		{
			appearance Appearance
			{
				material Material
				{
					diffuseColor 0.694 0.741 0.788
				}
			}
			geometry IndexedFaceSet
			{
				creaseAngle 0.5
				solid TRUE
				coord Coordinate
				{
					point
					[
						-3.450 -8.800 -10.400,
						-3.050 -8.800 -10.400,
						-3.450 -12.000 -10.400,
						-3.050 -12.000 -10.400
					]
				}
				coordIndex
				[
					0, 1, 2, -1,
					2, 1, 3, -1
				]
				normal Normal
				{
					vector
					[
						-0.000 -0.000 -1.000
					]
				}
				normalIndex
				[
					0, 0, 0, -1,
					0, 0, 0, -1
				]
			}
		}
		Shape
		{
			appearance Appearance
			{
				material Material
				{
					diffuseColor 0.694 0.741 0.788
				}
			}
			geometry IndexedFaceSet
			{
				creaseAngle 0.5
				solid TRUE
				coord Coordinate
				{
					point
					[
						-3.050 -8.600 -10.600,
						-3.050 -8.607 -10.548,
						-3.450 -8.600 -10.600,
						-3.450 -8.607 -10.548,
						-3.450 -8.627 -10.500,
						-3.050 -8.627 -10.500,
						-3.050 -8.659 -10.459,
						-3.450 -8.659 -10.459,
						-3.050 -8.700 -10.427,
						-3.450 -8.700 -10.427,
						-3.050 -8.748 -10.407,
						-3.450 -8.748 -10.407,
						-3.450 -8.800 -10.400,
						-3.050 -8.800 -10.400
					]
				}
				coordIndex
				[
					0, 1, 2, -1,
					2, 1, 3, -1,
					3, 1, 4, -1,
					4, 1, 5, -1,
					4, 5, 6, -1,
					4, 6, 7, -1,
					7, 6, 8, -1,
					7, 8, 9, -1,
					9, 8, 10, -1,
					9, 10, 11, -1,
					11, 10, 12, -1,
					10, 13, 12, -1
				]
				normal Normal
				{
					vector
					[
						-0.000 -1.000 -0.000,
						-0.000 -0.966 -0.259,
						-0.000 -0.866 -0.500,
						-0.000 -0.707 -0.707,
						-0.000 -0.500 -0.866,
						-0.000 -0.259 -0.966,
						-0.000 -0.000 -1.000
					]
				}
				normalIndex
				[
					0, 1, 0, -1,
					0, 1, 1, -1,
					1, 1, 2, -1,
					2, 1, 2, -1,
					2, 2, 3, -1,
					2, 3, 3, -1,
					3, 3, 4, -1,
					3, 4, 4, -1,
					4, 4, 5, -1,
					4, 5, 5, -1,
					5, 5, 6, -1,
					5, 6, 6, -1
				]
			}
		}
		Shape
		{
			appearance Appearance
			{
				material Material
				{
					diffuseColor 0.694 0.741 0.788
				}
			}
			geometry IndexedFaceSet
			{
				creaseAngle 0.5
				solid TRUE
				coord Coordinate
				{
					point
					[
						-3.450 -8.600 -19.600,
						-3.450 -8.600 -22.500,
						-3.050 -8.600 -19.600,
						-3.050 -8.600 -22.500
					]
				}
				coordIndex
				[
					0, 1, 2, -1,
					2, 1, 3, -1
				]
				normal Normal
				{
					vector
					[
						0.000 -1.000 0.000
					]
				}
				normalIndex
				[
					0, 0, 0, -1,
					0, 0, 0, -1
				]
			}
		}
		Shape
		{
			appearance Appearance
			{
				material Material
				{
					diffuseColor 0.694 0.741 0.788
				}
			}
			geometry IndexedFaceSet
			{
				creaseAngle 0.5
				solid TRUE
				coord Coordinate
				{
					point
					[
						-3.450 -8.600 -10.600,
						-3.450 -8.600 -17.700,
						-3.050 -8.600 -10.600,
						-3.050 -8.600 -17.700
					]
				}
				coordIndex
				[
					0, 1, 2, -1,
					2, 1, 3, -1
				]
				normal Normal
				{
					vector
					[
						0.000 -1.000 0.000
					]
				}
				normalIndex
				[
					0, 0, 0, -1,
					0, 0, 0, -1
				]
			}
		}
		Shape
		{
			appearance Appearance
			{
				material Material
				{
					diffuseColor 0.694 0.741 0.788
				}
			}
			geometry IndexedFaceSet
			{
				creaseAngle 0.5
				solid TRUE
				coord Coordinate
				{
					point
					[
						3.450 -8.600 -11.300,
						3.450 -8.600 -9.100,
						3.050 -8.600 -11.300,
						3.050 -8.600 -9.100
					]
				}
				coordIndex
				[
					0, 1, 2, -1,
					2, 1, 3, -1
				]
				normal Normal
				{
					vector
					[
						0.000 -1.000 0.000
					]
				}
				normalIndex
				[
					0, 0, 0, -1,
					0, 0, 0, -1
				]
			}
		}
		Shape
		{
			appearance Appearance
			{
				material Material
				{
					diffuseColor 0.694 0.741 0.788
				}
			}
			geometry IndexedFaceSet
			{
				creaseAngle 0.5
				solid TRUE
				coord Coordinate
				{
					point
					[
						-3.050 -8.600 -19.600,
						-3.050 -8.607 -19.548,
						-3.450 -8.600 -19.600,
						-3.450 -8.607 -19.548,
						-3.450 -8.627 -19.500,
						-3.050 -8.627 -19.500,
						-3.050 -8.659 -19.459,
						-3.450 -8.659 -19.459,
						-3.050 -8.700 -19.427,
						-3.450 -8.700 -19.427,
						-3.050 -8.748 -19.407,
						-3.450 -8.748 -19.407,
						-3.450 -8.800 -19.400,
						-3.050 -8.800 -19.400
					]
				}
				coordIndex
				[
					0, 1, 2, -1,
					2, 1, 3, -1,
					3, 1, 4, -1,
					4, 1, 5, -1,
					4, 5, 6, -1,
					4, 6, 7, -1,
					7, 6, 8, -1,
					7, 8, 9, -1,
					9, 8, 10, -1,
					9, 10, 11, -1,
					11, 10, 12, -1,
					10, 13, 12, -1
				]
				normal Normal
				{
					vector
					[
						-0.000 -1.000 -0.000,
						-0.000 -0.966 -0.259,
						-0.000 -0.866 -0.500,
						-0.000 -0.707 -0.707,
						-0.000 -0.500 -0.866,
						-0.000 -0.259 -0.966,
						-0.000 -0.000 -1.000
					]
				}
				normalIndex
				[
					0, 1, 0, -1,
					0, 1, 1, -1,
					1, 1, 2, -1,
					2, 1, 2, -1,
					2, 2, 3, -1,
					2, 3, 3, -1,
					3, 3, 4, -1,
					3, 4, 4, -1,
					4, 4, 5, -1,
					4, 5, 5, -1,
					5, 5, 6, -1,
					5, 6, 6, -1
				]
			}
		}
		Shape
		{
			appearance Appearance
			{
				material Material
				{
					diffuseColor 0.694 0.741 0.788
				}
			}
			geometry IndexedFaceSet
			{
				creaseAngle 0.5
				solid TRUE
				coord Coordinate
				{
					point
					[
						-3.450 -11.500 -19.400,
						-3.450 -8.800 -19.400,
						-3.050 -11.500 -19.400,
						-3.050 -8.800 -19.400
					]
				}
				coordIndex
				[
					0, 1, 2, -1,
					2, 1, 3, -1
				]
				normal Normal
				{
					vector
					[
						0.000 0.000 -1.000
					]
				}
				normalIndex
				[
					0, 0, 0, -1,
					0, 0, 0, -1
				]
			}
		}
		Shape
		{
			appearance Appearance
			{
				material Material
				{
					diffuseColor 0.694 0.741 0.788
				}
			}
			geometry IndexedFaceSet
			{
				creaseAngle 0.5
				solid TRUE
				coord Coordinate
				{
					point
					[
						-3.050 -11.500 -17.900,
						-3.450 -11.500 -17.900,
						-3.050 -11.694 -17.926,
						-3.450 -11.694 -17.926,
						-3.450 -11.875 -18.000,
						-3.050 -11.875 -18.000,
						-3.450 -12.030 -18.120,
						-3.050 -12.030 -18.120,
						-3.050 -12.150 -18.275,
						-3.450 -12.150 -18.275,
						-3.450 -12.224 -18.456,
						-3.050 -12.224 -18.456,
						-3.450 -12.250 -18.650,
						-3.050 -12.250 -18.650,
						-3.050 -12.224 -18.844,
						-3.450 -12.224 -18.844,
						-3.450 -12.150 -19.025,
						-3.050 -12.150 -19.025,
						-3.450 -12.030 -19.180,
						-3.050 -12.030 -19.180,
						-3.450 -11.875 -19.300,
						-3.050 -11.875 -19.300,
						-3.050 -11.694 -19.374,
						-3.450 -11.694 -19.374,
						-3.450 -11.500 -19.400,
						-3.050 -11.500 -19.400
					]
				}
				coordIndex
				[
					0, 1, 2, -1,
					2, 1, 3, -1,
					2, 3, 4, -1,
					2, 4, 5, -1,
					5, 4, 6, -1,
					5, 6, 7, -1,
					7, 6, 8, -1,
					6, 9, 8, -1,
					8, 9, 10, -1,
					8, 10, 11, -1,
					11, 10, 12, -1,
					11, 12, 13, -1,
					13, 12, 14, -1,
					12, 15, 14, -1,
					14, 15, 16, -1,
					14, 16, 17, -1,
					17, 16, 18, -1,
					17, 18, 19, -1,
					19, 18, 20, -1,
					19, 20, 21, -1,
					21, 20, 22, -1,
					20, 23, 22, -1,
					22, 23, 24, -1,
					22, 24, 25, -1
				]
				normal Normal
				{
					vector
					[
						0.000 0.000 1.000,
						0.000 -0.259 0.966,
						0.000 -0.500 0.866,
						0.000 -0.707 0.707,
						0.000 -0.866 0.500,
						0.000 -0.966 0.259,
						0.000 -1.000 0.000,
						0.000 -0.966 -0.259,
						0.000 -0.866 -0.500,
						0.000 -0.707 -0.707,
						0.000 -0.500 -0.866,
						0.000 -0.259 -0.966,
						0.000 0.000 -1.000
					]
				}
				normalIndex
				[
					0, 0, 1, -1,
					1, 0, 1, -1,
					1, 1, 2, -1,
					1, 2, 2, -1,
					2, 2, 3, -1,
					2, 3, 3, -1,
					3, 3, 4, -1,
					3, 4, 4, -1,
					4, 4, 5, -1,
					4, 5, 5, -1,
					5, 5, 6, -1,
					5, 6, 6, -1,
					6, 6, 7, -1,
					6, 7, 7, -1,
					7, 7, 8, -1,
					7, 8, 8, -1,
					8, 8, 9, -1,
					8, 9, 9, -1,
					9, 9, 10, -1,
					9, 10, 10, -1,
					10, 10, 11, -1,
					10, 11, 11, -1,
					11, 11, 12, -1,
					11, 12, 12, -1
				]
			}
		}
		Shape
		{
			appearance Appearance
			{
				material Material
				{
					diffuseColor 0.694 0.741 0.788
				}
			}
			geometry IndexedFaceSet
			{
				creaseAngle 0.5
				solid TRUE
				coord Coordinate
				{
					point
					[
						-3.050 -8.800 -17.900,
						-3.450 -8.800 -17.900,
						-3.050 -11.500 -17.900,
						-3.450 -11.500 -17.900
					]
				}
				coordIndex
				[
					0, 1, 2, -1,
					2, 1, 3, -1
				]
				normal Normal
				{
					vector
					[
						0.000 0.000 1.000
					]
				}
				normalIndex
				[
					0, 0, 0, -1,
					0, 0, 0, -1
				]
			}
		}
		Shape
		{
			appearance Appearance
			{
				material Material
				{
					diffuseColor 0.694 0.741 0.788
				}
			}
			geometry IndexedFaceSet
			{
				creaseAngle 0.5
				solid TRUE
				coord Coordinate
				{
					point
					[
						-3.450 -8.600 -17.700,
						-3.450 -8.607 -17.752,
						-3.050 -8.600 -17.700,
						-3.050 -8.607 -17.752,
						-3.050 -8.627 -17.800,
						-3.450 -8.627 -17.800,
						-3.450 -8.659 -17.841,
						-3.050 -8.659 -17.841,
						-3.450 -8.700 -17.873,
						-3.050 -8.700 -17.873,
						-3.450 -8.748 -17.893,
						-3.050 -8.748 -17.893,
						-3.050 -8.800 -17.900,
						-3.450 -8.800 -17.900
					]
				}
				coordIndex
				[
					0, 1, 2, -1,
					2, 1, 3, -1,
					3, 1, 4, -1,
					4, 1, 5, -1,
					4, 5, 6, -1,
					4, 6, 7, -1,
					7, 6, 8, -1,
					7, 8, 9, -1,
					9, 8, 10, -1,
					9, 10, 11, -1,
					11, 10, 12, -1,
					10, 13, 12, -1
				]
				normal Normal
				{
					vector
					[
						-0.000 -1.000 -0.000,
						-0.000 -0.966 0.259,
						-0.000 -0.866 0.500,
						-0.000 -0.707 0.707,
						-0.000 -0.500 0.866,
						-0.000 -0.259 0.966,
						-0.000 -0.000 1.000
					]
				}
				normalIndex
				[
					0, 1, 0, -1,
					0, 1, 1, -1,
					1, 1, 2, -1,
					2, 1, 2, -1,
					2, 2, 3, -1,
					2, 3, 3, -1,
					3, 3, 4, -1,
					3, 4, 4, -1,
					4, 4, 5, -1,
					4, 5, 5, -1,
					5, 5, 6, -1,
					5, 6, 6, -1
				]
			}
		}
		Shape
		{
			appearance Appearance
			{
				material Material
				{
					diffuseColor 0.694 0.741 0.788
				}
			}
			geometry IndexedFaceSet
			{
				creaseAngle 0.5
				solid TRUE
				coord Coordinate
				{
					point
					[
						-3.450 -8.380 -22.500,
						-3.050 -8.380 -22.500,
						-3.450 -8.600 -22.500,
						-3.050 -8.600 -22.500
					]
				}
				coordIndex
				[
					0, 1, 2, -1,
					2, 1, 3, -1
				]
				normal Normal
				{
					vector
					[
						-0.000 -0.000 -1.000
					]
				}
				normalIndex
				[
					0, 0, 0, -1,
					0, 0, 0, -1
				]
			}
		}
		Shape
		{
			appearance Appearance
			{
				material Material
				{
					diffuseColor 0.694 0.741 0.788
				}
			}
			geometry IndexedFaceSet
			{
				creaseAngle 0.5
				solid TRUE
				coord Coordinate
				{
					point
					[
						2.914 -4.890 -22.500,
						2.877 -4.862 -22.500,
						2.783 -4.516 -22.500,
						2.803 -4.798 -22.500,
						2.747 -4.718 -22.500,
						2.712 -4.627 -22.500,
						2.700 -4.530 -22.500,
						2.749 -4.468 -22.500,
						2.722 -4.417 -22.500,
						2.700 -4.362 -22.500,
						2.943 -4.917 -22.500,
						3.256 -5.115 -22.500,
						2.995 -4.986 -22.500,
						3.032 -5.064 -22.500,
						3.294 -5.167 -22.500,
						3.200 -5.280 -22.500,
						3.164 -5.276 -22.500,
						3.130 -5.263 -22.500,
						3.329 -5.222 -22.500,
						3.360 -5.280 -22.500,
						3.100 -5.242 -22.500,
						3.076 -5.215 -22.500,
						3.060 -5.183 -22.500,
						3.051 -5.147 -22.500
					]
				}
				coordIndex
				[
					0, 1, 2, -1,
					2, 1, 3, -1,
					2, 3, 4, -1,
					4, 5, 2, -1,
					2, 5, 6, -1,
					2, 6, 7, -1,
					7, 6, 8, -1,
					6, 9, 8, -1,
					0, 2, 10, -1,
					10, 2, 11, -1,
					10, 11, 12, -1,
					12, 11, 13, -1,
					14, 15, 11, -1,
					11, 15, 16, -1,
					11, 16, 17, -1,
					14, 18, 15, -1,
					15, 18, 19, -1,
					17, 20, 11, -1,
					11, 20, 21, -1,
					11, 21, 22, -1,
					22, 23, 11, -1,
					11, 23, 13, -1
				]
				normal Normal
				{
					vector
					[
						-0.000 -0.000 -1.000
					]
				}
				normalIndex
				[
					0, 0, 0, -1,
					0, 0, 0, -1,
					0, 0, 0, -1,
					0, 0, 0, -1,
					0, 0, 0, -1,
					0, 0, 0, -1,
					0, 0, 0, -1,
					0, 0, 0, -1,
					0, 0, 0, -1,
					0, 0, 0, -1,
					0, 0, 0, -1,
					0, 0, 0, -1,
					0, 0, 0, -1,
					0, 0, 0, -1,
					0, 0, 0, -1,
					0, 0, 0, -1,
					0, 0, 0, -1,
					0, 0, 0, -1,
					0, 0, 0, -1,
					0, 0, 0, -1,
					0, 0, 0, -1,
					0, 0, 0, -1
				]
			}
		}
		Shape
		{
			appearance Appearance
			{
				material Material
				{
					diffuseColor 0.694 0.741 0.788
				}
			}
			geometry IndexedFaceSet
			{
				creaseAngle 0.5
				solid TRUE
				coord Coordinate
				{
					point
					[
						-3.360 -5.280 -22.500,
						-3.329 -5.222 -22.500,
						-3.200 -5.280 -22.500,
						-3.294 -5.167 -22.500,
						-3.256 -5.115 -22.500,
						-2.803 -4.798 -22.500,
						-2.877 -4.862 -22.500,
						-2.783 -4.516 -22.500,
						-2.943 -4.917 -22.500,
						-2.995 -4.986 -22.500,
						-3.032 -5.064 -22.500,
						-2.749 -4.468 -22.500,
						-2.700 -4.530 -22.500,
						-2.712 -4.627 -22.500,
						-2.747 -4.718 -22.500,
						-2.722 -4.417 -22.500,
						-2.700 -4.362 -22.500,
						-3.051 -5.147 -22.500,
						-3.060 -5.183 -22.500,
						-3.076 -5.215 -22.500,
						-3.100 -5.242 -22.500,
						-3.130 -5.263 -22.500,
						-3.164 -5.276 -22.500
					]
				}
				coordIndex
				[
					0, 1, 2, -1,
					2, 1, 3, -1,
					2, 3, 4, -1,
					5, 6, 7, -1,
					7, 6, 8, -1,
					7, 8, 4, -1,
					4, 8, 9, -1,
					4, 9, 10, -1,
					11, 12, 7, -1,
					7, 12, 13, -1,
					7, 13, 14, -1,
					11, 15, 12, -1,
					12, 15, 16, -1,
					14, 5, 7, -1,
					10, 17, 4, -1,
					4, 17, 18, -1,
					4, 18, 19, -1,
					19, 20, 4, -1,
					4, 20, 21, -1,
					4, 21, 22, -1,
					22, 2, 4, -1
				]
				normal Normal
				{
					vector
					[
						-0.000 -0.000 -1.000
					]
				}
				normalIndex
				[
					0, 0, 0, -1,
					0, 0, 0, -1,
					0, 0, 0, -1,
					0, 0, 0, -1,
					0, 0, 0, -1,
					0, 0, 0, -1,
					0, 0, 0, -1,
					0, 0, 0, -1,
					0, 0, 0, -1,
					0, 0, 0, -1,
					0, 0, 0, -1,
					0, 0, 0, -1,
					0, 0, 0, -1,
					0, 0, 0, -1,
					0, 0, 0, -1,
					0, 0, 0, -1,
					0, 0, 0, -1,
					0, 0, 0, -1,
					0, 0, 0, -1,
					0, 0, 0, -1,
					0, 0, 0, -1
				]
			}
		}
		Shape
		{
			appearance Appearance
			{
				material Material
				{
					diffuseColor 0.694 0.741 0.788
				}
			}
			geometry IndexedFaceSet
			{
				creaseAngle 0.5
				solid TRUE
				coord Coordinate
				{
					point
					[
						3.050 -8.380 -22.500,
						3.450 -8.380 -22.500,
						3.050 -11.500 -22.500,
						3.450 -11.500 -22.500
					]
				}
				coordIndex
				[
					0, 1, 2, -1,
					2, 1, 3, -1
				]
				normal Normal
				{
					vector
					[
						-0.000 -0.000 -1.000
					]
				}
				normalIndex
				[
					0, 0, 0, -1,
					0, 0, 0, -1
				]
			}
		}
		Shape
		{
			appearance Appearance
			{
				material Material
				{
					diffuseColor 0.694 0.741 0.788
				}
			}
			geometry IndexedFaceSet
			{
				creaseAngle 0.5
				solid TRUE
				coord Coordinate
				{
					point
					[
						2.950 -8.380 -22.500,
						-2.950 -8.380 -22.500,
						-3.270 -8.380 -23.077,
						-3.050 -8.380 -22.500,
						-3.450 -8.380 -22.500,
						-3.450 -8.380 -20.191,
						-3.870 -8.380 -22.477,
						-3.850 -8.380 -22.632,
						-3.790 -8.380 -22.777,
						-3.870 -8.380 -20.191,
						-3.694 -8.380 -22.901,
						-3.570 -8.380 -22.996,
						-3.425 -8.380 -23.056,
						3.270 -8.380 -23.077,
						3.050 -8.380 -22.500,
						3.450 -8.380 -22.500,
						3.425 -8.380 -23.056,
						3.570 -8.380 -22.996,
						3.694 -8.380 -22.901,
						3.790 -8.380 -22.777,
						3.850 -8.380 -22.632,
						3.870 -8.380 -22.477,
						3.450 -8.380 -20.191,
						3.870 -8.380 -20.191
					]
				}
				coordIndex
				[
					0, 1, 2, -1,
					2, 1, 3, -1,
					2, 3, 4, -1,
					5, 6, 4, -1,
					4, 6, 7, -1,
					4, 7, 8, -1,
					5, 9, 6, -1,
					8, 10, 4, -1,
					4, 10, 11, -1,
					4, 11, 12, -1,
					12, 2, 4, -1,
					2, 13, 0, -1,
					0, 13, 14, -1,
					14, 13, 15, -1,
					15, 13, 16, -1,
					15, 16, 17, -1,
					17, 18, 15, -1,
					15, 18, 19, -1,
					15, 19, 20, -1,
					20, 21, 15, -1,
					15, 21, 22, -1,
					21, 23, 22, -1
				]
				normal Normal
				{
					vector
					[
						0.000 -1.000 0.000
					]
				}
				normalIndex
				[
					0, 0, 0, -1,
					0, 0, 0, -1,
					0, 0, 0, -1,
					0, 0, 0, -1,
					0, 0, 0, -1,
					0, 0, 0, -1,
					0, 0, 0, -1,
					0, 0, 0, -1,
					0, 0, 0, -1,
					0, 0, 0, -1,
					0, 0, 0, -1,
					0, 0, 0, -1,
					0, 0, 0, -1,
					0, 0, 0, -1,
					0, 0, 0, -1,
					0, 0, 0, -1,
					0, 0, 0, -1,
					0, 0, 0, -1,
					0, 0, 0, -1,
					0, 0, 0, -1,
					0, 0, 0, -1,
					0, 0, 0, -1
				]
			}
		}
		Shape
		{
			appearance Appearance
			{
				material Material
				{
					diffuseColor 0.694 0.741 0.788
				}
			}
			geometry IndexedFaceSet
			{
				creaseAngle 0.5
				solid TRUE
				coord Coordinate
				{
					point
					[
						-0.650 -9.000 -22.500,
						-2.017 -9.000 -22.500,
						-0.650 -8.700 -22.500,
						-2.950 -8.380 -22.500,
						2.950 -8.380 -22.500,
						-2.950 -9.000 -22.500,
						2.950 -8.700 -22.500,
						2.350 -8.700 -22.500,
						0.700 -8.700 -22.500,
						2.350 -9.000 -22.500,
						0.700 -9.000 -22.500
					]
				}
				coordIndex
				[
					0, 1, 2, -1,
					2, 1, 3, -1,
					2, 3, 4, -1,
					1, 5, 3, -1,
					6, 7, 4, -1,
					4, 7, 8, -1,
					4, 8, 2, -1,
					7, 9, 8, -1,
					8, 9, 10, -1
				]
				normal Normal
				{
					vector
					[
						0.000 0.000 -1.000
					]
				}
				normalIndex
				[
					0, 0, 0, -1,
					0, 0, 0, -1,
					0, 0, 0, -1,
					0, 0, 0, -1,
					0, 0, 0, -1,
					0, 0, 0, -1,
					0, 0, 0, -1,
					0, 0, 0, -1,
					0, 0, 0, -1
				]
			}
		}
		Shape
		{
			appearance Appearance
			{
				material Material
				{
					diffuseColor 0.694 0.741 0.788
				}
			}
			geometry IndexedFaceSet
			{
				creaseAngle 0.5
				solid TRUE
				coord Coordinate
				{
					point
					[
						2.250 -8.700 -8.339,
						2.250 -8.700 -8.000,
						2.241 -8.700 -8.302,
						2.230 -8.700 -8.266,
						1.788 -8.700 -7.800,
						1.788 -8.700 -8.079,
						2.000 -8.700 -7.750,
						1.845 -8.700 -8.122,
						1.895 -8.700 -8.173,
						1.938 -8.700 -8.230,
						1.518 -8.700 -7.750,
						1.609 -8.700 -7.756,
						1.700 -8.700 -7.772,
						2.217 -8.700 -8.230
					]
				}
				coordIndex
				[
					0, 1, 2, -1,
					2, 1, 3, -1,
					4, 5, 6, -1,
					6, 5, 7, -1,
					6, 7, 1, -1,
					1, 7, 8, -1,
					1, 8, 9, -1,
					10, 11, 6, -1,
					6, 11, 12, -1,
					6, 12, 4, -1,
					9, 13, 1, -1,
					1, 13, 3, -1
				]
				normal Normal
				{
					vector
					[
						0.000 -1.000 0.000
					]
				}
				normalIndex
				[
					0, 0, 0, -1,
					0, 0, 0, -1,
					0, 0, 0, -1,
					0, 0, 0, -1,
					0, 0, 0, -1,
					0, 0, 0, -1,
					0, 0, 0, -1,
					0, 0, 0, -1,
					0, 0, 0, -1,
					0, 0, 0, -1,
					0, 0, 0, -1,
					0, 0, 0, -1
				]
			}
		}
		Shape
		{
			appearance Appearance
			{
				material Material
				{
					diffuseColor 0.694 0.741 0.788
				}
			}
			geometry IndexedFaceSet
			{
				creaseAngle 0.5
				solid TRUE
				coord Coordinate
				{
					point
					[
						-2.725 -8.700 -21.500,
						-2.722 -8.700 -21.493,
						-2.950 -8.700 -21.500,
						-2.720 -8.700 -21.487,
						-2.717 -8.700 -21.480,
						-2.438 -8.700 -21.480,
						-2.395 -8.700 -21.423,
						-2.345 -8.700 -21.372,
						-2.287 -8.700 -21.050,
						-2.287 -8.700 -21.329,
						-1.315 -8.700 -21.487,
						-0.650 -8.700 -21.500,
						-1.318 -8.700 -21.480,
						-0.618 -8.700 -20.360,
						-1.747 -8.700 -21.050,
						-0.618 -8.700 -20.060,
						-1.926 -8.700 -21.006,
						-0.618 -8.700 -19.205,
						-2.109 -8.700 -21.006,
						-0.618 -8.700 -18.905,
						-0.618 -8.700 -18.050,
						-0.618 -8.700 -17.750,
						-1.747 -8.700 -21.329,
						-1.690 -8.700 -21.372,
						-1.640 -8.700 -21.423,
						-1.597 -8.700 -21.480,
						-1.313 -8.700 -21.493,
						-1.310 -8.700 -21.500,
						-0.650 -8.700 -22.500,
						0.700 -8.700 -21.500,
						0.417 -8.700 -20.935,
						-0.417 -8.700 -20.360,
						0.417 -8.700 -20.635,
						-0.417 -8.700 -20.060,
						0.417 -8.700 -19.780,
						-0.417 -8.700 -19.205,
						0.417 -8.700 -19.480,
						-0.417 -8.700 -18.905,
						0.417 -8.700 -18.625,
						-0.417 -8.700 -18.050,
						0.417 -8.700 -18.325,
						-0.417 -8.700 -17.750,
						0.417 -8.700 -17.470,
						-0.417 -8.700 -16.895,
						0.417 -8.700 -17.170,
						-0.417 -8.700 -16.595,
						0.417 -8.700 -16.315,
						-0.417 -8.700 -15.740,
						0.417 -8.700 -16.015,
						-0.417 -8.700 -15.440,
						0.417 -8.700 -15.160,
						-0.417 -8.700 -14.585,
						0.417 -8.700 -14.860,
						-0.417 -8.700 -14.285,
						0.417 -8.700 -14.005,
						-0.417 -8.700 -13.430,
						0.417 -8.700 -13.705,
						-0.417 -8.700 -13.130,
						0.417 -8.700 -12.850,
						-0.417 -8.700 -12.275,
						0.417 -8.700 -12.550,
						-0.417 -8.700 -11.975,
						0.417 -8.700 -11.695,
						-0.417 -8.700 -11.120,
						0.417 -8.700 -11.395,
						-0.417 -8.700 -10.820,
						0.417 -8.700 -10.540,
						0.417 -8.700 -10.240,
						0.700 -8.700 -22.500,
						0.618 -8.700 -20.935,
						2.350 -8.700 -21.500,
						0.618 -8.700 -20.635,
						0.618 -8.700 -19.780,
						2.350 -8.700 -22.500,
						2.950 -8.700 -22.500,
						2.950 -8.700 -9.030,
						0.618 -8.700 -16.015,
						0.618 -8.700 -15.160,
						1.895 -8.700 -8.827,
						1.845 -8.700 -8.878,
						2.250 -8.700 -9.030,
						1.788 -8.700 -9.200,
						0.618 -8.700 -11.395,
						0.618 -8.700 -11.695,
						2.250 -8.700 -8.661,
						2.241 -8.700 -8.698,
						2.230 -8.700 -8.734,
						2.217 -8.700 -8.770,
						1.938 -8.700 -8.770,
						1.788 -8.700 -8.921,
						0.618 -8.700 -10.540,
						1.609 -8.700 -9.244,
						0.618 -8.700 -10.240,
						1.426 -8.700 -9.244,
						1.247 -8.700 -9.200,
						1.247 -8.700 -8.921,
						1.190 -8.700 -8.878,
						0.818 -8.700 -8.770,
						1.140 -8.700 -8.827,
						1.097 -8.700 -8.770,
						-2.250 -8.700 -9.030,
						0.773 -8.700 -8.592,
						-2.000 -8.700 -7.750,
						0.773 -8.700 -8.408,
						0.818 -8.700 -8.230,
						1.097 -8.700 -8.230,
						1.140 -8.700 -8.173,
						1.190 -8.700 -8.122,
						1.247 -8.700 -7.800,
						1.247 -8.700 -8.079,
						1.335 -8.700 -7.772,
						1.426 -8.700 -7.756,
						1.518 -8.700 -7.750,
						-2.250 -8.700 -8.000,
						-0.618 -8.700 -12.275,
						-0.618 -8.700 -11.975,
						-2.950 -8.700 -9.030,
						-0.618 -8.700 -11.120,
						-0.618 -8.700 -10.820,
						-0.618 -8.700 -16.595,
						-0.618 -8.700 -15.740,
						-0.618 -8.700 -15.440,
						-0.618 -8.700 -14.585,
						-0.618 -8.700 -14.285,
						0.618 -8.700 -18.625,
						0.618 -8.700 -19.480,
						0.618 -8.700 -17.470,
						0.618 -8.700 -18.325,
						-0.618 -8.700 -16.895,
						0.618 -8.700 -16.315,
						0.618 -8.700 -17.170,
						0.618 -8.700 -14.005,
						0.618 -8.700 -14.860,
						-0.618 -8.700 -13.430,
						-0.618 -8.700 -13.130,
						0.618 -8.700 -12.850,
						0.618 -8.700 -13.705,
						0.618 -8.700 -12.550
					]
				}
				coordIndex
				[
					0, 1, 2, -1,
					2, 1, 3, -1,
					2, 3, 4, -1,
					5, 6, 4, -1,
					4, 6, 7, -1,
					4, 7, 8, -1,
					8, 7, 9, -1,
					10, 11, 12, -1,
					12, 11, 13, -1,
					12, 13, 14, -1,
					14, 13, 15, -1,
					14, 15, 16, -1,
					16, 15, 17, -1,
					16, 17, 18, -1,
					18, 17, 19, -1,
					18, 19, 8, -1,
					8, 19, 20, -1,
					8, 20, 21, -1,
					22, 23, 14, -1,
					14, 23, 24, -1,
					14, 24, 12, -1,
					12, 24, 25, -1,
					10, 26, 11, -1,
					11, 26, 27, -1,
					28, 29, 11, -1,
					11, 29, 30, -1,
					11, 30, 31, -1,
					31, 30, 32, -1,
					31, 32, 33, -1,
					33, 32, 34, -1,
					33, 34, 35, -1,
					35, 34, 36, -1,
					35, 36, 37, -1,
					37, 36, 38, -1,
					37, 38, 39, -1,
					39, 38, 40, -1,
					39, 40, 41, -1,
					41, 40, 42, -1,
					41, 42, 43, -1,
					43, 42, 44, -1,
					43, 44, 45, -1,
					45, 44, 46, -1,
					45, 46, 47, -1,
					47, 46, 48, -1,
					47, 48, 49, -1,
					49, 48, 50, -1,
					49, 50, 51, -1,
					51, 50, 52, -1,
					51, 52, 53, -1,
					53, 52, 54, -1,
					53, 54, 55, -1,
					55, 54, 56, -1,
					55, 56, 57, -1,
					57, 56, 58, -1,
					57, 58, 59, -1,
					59, 58, 60, -1,
					59, 60, 61, -1,
					61, 60, 62, -1,
					61, 62, 63, -1,
					63, 62, 64, -1,
					63, 64, 65, -1,
					65, 64, 66, -1,
					65, 66, 67, -1,
					28, 68, 29, -1,
					30, 29, 69, -1,
					69, 29, 70, -1,
					69, 70, 71, -1,
					71, 70, 72, -1,
					71, 72, 32, -1,
					32, 72, 34, -1,
					73, 74, 70, -1,
					70, 74, 75, -1,
					70, 75, 76, -1,
					76, 75, 77, -1,
					76, 77, 48, -1,
					48, 77, 50, -1,
					78, 79, 80, -1,
					80, 79, 81, -1,
					80, 81, 75, -1,
					75, 81, 82, -1,
					75, 82, 83, -1,
					84, 85, 80, -1,
					80, 85, 86, -1,
					80, 86, 87, -1,
					88, 78, 87, -1,
					87, 78, 80, -1,
					79, 89, 81, -1,
					82, 81, 90, -1,
					90, 81, 91, -1,
					90, 91, 92, -1,
					92, 91, 93, -1,
					92, 93, 94, -1,
					95, 96, 94, -1,
					94, 96, 97, -1,
					94, 97, 92, -1,
					92, 97, 67, -1,
					96, 98, 97, -1,
					97, 98, 99, -1,
					67, 97, 100, -1,
					100, 97, 101, -1,
					100, 101, 102, -1,
					102, 101, 103, -1,
					102, 103, 104, -1,
					105, 106, 104, -1,
					104, 106, 107, -1,
					104, 107, 108, -1,
					108, 107, 109, -1,
					104, 108, 102, -1,
					102, 108, 110, -1,
					102, 110, 111, -1,
					111, 112, 102, -1,
					102, 113, 100, -1,
					114, 115, 116, -1,
					116, 115, 117, -1,
					116, 117, 100, -1,
					100, 117, 118, -1,
					100, 118, 67, -1,
					67, 118, 65, -1,
					45, 47, 119, -1,
					119, 47, 120, -1,
					119, 120, 2, -1,
					2, 120, 121, -1,
					2, 121, 116, -1,
					116, 121, 122, -1,
					116, 122, 123, -1,
					31, 13, 11, -1,
					17, 15, 35, -1,
					35, 15, 33, -1,
					38, 36, 124, -1,
					124, 36, 125, -1,
					124, 125, 70, -1,
					70, 125, 72, -1,
					20, 19, 39, -1,
					39, 19, 37, -1,
					42, 40, 126, -1,
					126, 40, 127, -1,
					126, 127, 70, -1,
					70, 127, 124, -1,
					41, 43, 21, -1,
					21, 43, 128, -1,
					21, 128, 2, -1,
					2, 128, 119, -1,
					46, 44, 129, -1,
					129, 44, 130, -1,
					129, 130, 70, -1,
					70, 130, 126, -1,
					76, 129, 70, -1,
					122, 121, 51, -1,
					51, 121, 49, -1,
					54, 52, 131, -1,
					131, 52, 132, -1,
					131, 132, 75, -1,
					75, 132, 77, -1,
					53, 55, 123, -1,
					123, 55, 133, -1,
					123, 133, 116, -1,
					116, 133, 134, -1,
					116, 134, 114, -1,
					114, 134, 59, -1,
					58, 56, 135, -1,
					135, 56, 136, -1,
					135, 136, 75, -1,
					75, 136, 131, -1,
					134, 57, 59, -1,
					62, 60, 83, -1,
					83, 60, 137, -1,
					83, 137, 75, -1,
					75, 137, 135, -1,
					117, 115, 63, -1,
					63, 115, 61, -1,
					66, 64, 90, -1,
					90, 64, 82, -1,
					21, 2, 8, -1,
					8, 2, 4, -1
				]
				normal Normal
				{
					vector
					[
						0.000 -1.000 0.000
					]
				}
				normalIndex
				[
					0, 0, 0, -1,
					0, 0, 0, -1,
					0, 0, 0, -1,
					0, 0, 0, -1,
					0, 0, 0, -1,
					0, 0, 0, -1,
					0, 0, 0, -1,
					0, 0, 0, -1,
					0, 0, 0, -1,
					0, 0, 0, -1,
					0, 0, 0, -1,
					0, 0, 0, -1,
					0, 0, 0, -1,
					0, 0, 0, -1,
					0, 0, 0, -1,
					0, 0, 0, -1,
					0, 0, 0, -1,
					0, 0, 0, -1,
					0, 0, 0, -1,
					0, 0, 0, -1,
					0, 0, 0, -1,
					0, 0, 0, -1,
					0, 0, 0, -1,
					0, 0, 0, -1,
					0, 0, 0, -1,
					0, 0, 0, -1,
					0, 0, 0, -1,
					0, 0, 0, -1,
					0, 0, 0, -1,
					0, 0, 0, -1,
					0, 0, 0, -1,
					0, 0, 0, -1,
					0, 0, 0, -1,
					0, 0, 0, -1,
					0, 0, 0, -1,
					0, 0, 0, -1,
					0, 0, 0, -1,
					0, 0, 0, -1,
					0, 0, 0, -1,
					0, 0, 0, -1,
					0, 0, 0, -1,
					0, 0, 0, -1,
					0, 0, 0, -1,
					0, 0, 0, -1,
					0, 0, 0, -1,
					0, 0, 0, -1,
					0, 0, 0, -1,
					0, 0, 0, -1,
					0, 0, 0, -1,
					0, 0, 0, -1,
					0, 0, 0, -1,
					0, 0, 0, -1,
					0, 0, 0, -1,
					0, 0, 0, -1,
					0, 0, 0, -1,
					0, 0, 0, -1,
					0, 0, 0, -1,
					0, 0, 0, -1,
					0, 0, 0, -1,
					0, 0, 0, -1,
					0, 0, 0, -1,
					0, 0, 0, -1,
					0, 0, 0, -1,
					0, 0, 0, -1,
					0, 0, 0, -1,
					0, 0, 0, -1,
					0, 0, 0, -1,
					0, 0, 0, -1,
					0, 0, 0, -1,
					0, 0, 0, -1,
					0, 0, 0, -1,
					0, 0, 0, -1,
					0, 0, 0, -1,
					0, 0, 0, -1,
					0, 0, 0, -1,
					0, 0, 0, -1,
					0, 0, 0, -1,
					0, 0, 0, -1,
					0, 0, 0, -1,
					0, 0, 0, -1,
					0, 0, 0, -1,
					0, 0, 0, -1,
					0, 0, 0, -1,
					0, 0, 0, -1,
					0, 0, 0, -1,
					0, 0, 0, -1,
					0, 0, 0, -1,
					0, 0, 0, -1,
					0, 0, 0, -1,
					0, 0, 0, -1,
					0, 0, 0, -1,
					0, 0, 0, -1,
					0, 0, 0, -1,
					0, 0, 0, -1,
					0, 0, 0, -1,
					0, 0, 0, -1,
					0, 0, 0, -1,
					0, 0, 0, -1,
					0, 0, 0, -1,
					0, 0, 0, -1,
					0, 0, 0, -1,
					0, 0, 0, -1,
					0, 0, 0, -1,
					0, 0, 0, -1,
					0, 0, 0, -1,
					0, 0, 0, -1,
					0, 0, 0, -1,
					0, 0, 0, -1,
					0, 0, 0, -1,
					0, 0, 0, -1,
					0, 0, 0, -1,
					0, 0, 0, -1,
					0, 0, 0, -1,
					0, 0, 0, -1,
					0, 0, 0, -1,
					0, 0, 0, -1,
					0, 0, 0, -1,
					0, 0, 0, -1,
					0, 0, 0, -1,
					0, 0, 0, -1,
					0, 0, 0, -1,
					0, 0, 0, -1,
					0, 0, 0, -1,
					0, 0, 0, -1,
					0, 0, 0, -1,
					0, 0, 0, -1,
					0, 0, 0, -1,
					0, 0, 0, -1,
					0, 0, 0, -1,
					0, 0, 0, -1,
					0, 0, 0, -1,
					0, 0, 0, -1,
					0, 0, 0, -1,
					0, 0, 0, -1,
					0, 0, 0, -1,
					0, 0, 0, -1,
					0, 0, 0, -1,
					0, 0, 0, -1,
					0, 0, 0, -1,
					0, 0, 0, -1,
					0, 0, 0, -1,
					0, 0, 0, -1,
					0, 0, 0, -1,
					0, 0, 0, -1,
					0, 0, 0, -1,
					0, 0, 0, -1,
					0, 0, 0, -1,
					0, 0, 0, -1,
					0, 0, 0, -1,
					0, 0, 0, -1,
					0, 0, 0, -1,
					0, 0, 0, -1,
					0, 0, 0, -1,
					0, 0, 0, -1,
					0, 0, 0, -1,
					0, 0, 0, -1,
					0, 0, 0, -1,
					0, 0, 0, -1,
					0, 0, 0, -1,
					0, 0, 0, -1,
					0, 0, 0, -1,
					0, 0, 0, -1,
					0, 0, 0, -1,
					0, 0, 0, -1,
					0, 0, 0, -1,
					0, 0, 0, -1,
					0, 0, 0, -1,
					0, 0, 0, -1,
					0, 0, 0, -1,
					0, 0, 0, -1,
					0, 0, 0, -1,
					0, 0, 0, -1,
					0, 0, 0, -1,
					0, 0, 0, -1
				]
			}
		}
		Shape
		{
			appearance Appearance
			{
				material Material
				{
					diffuseColor 0.694 0.741 0.788
				}
			}
			geometry IndexedFaceSet
			{
				creaseAngle 0.5
				solid TRUE
				coord Coordinate
				{
					point
					[
						1.788 -8.700 -9.200,
						1.788 -12.090 -9.200,
						1.609 -8.700 -9.244,
						1.609 -12.090 -9.244,
						1.426 -12.090 -9.244,
						1.247 -12.090 -9.200,
						1.247 -8.700 -9.200,
						1.426 -8.700 -9.244
					]
				}
				coordIndex
				[
					0, 1, 2, -1,
					2, 1, 3, -1,
					2, 3, 4, -1,
					5, 6, 4, -1,
					4, 6, 7, -1,
					4, 7, 2, -1
				]
				normal Normal
				{
					vector
					[
						0.360 0.000 -0.933,
						0.122 0.000 -0.992,
						-0.122 0.000 -0.992,
						-0.360 0.000 -0.933
					]
				}
				normalIndex
				[
					0, 0, 1, -1,
					1, 0, 1, -1,
					1, 1, 2, -1,
					3, 3, 2, -1,
					2, 3, 2, -1,
					2, 2, 1, -1
				]
			}
		}
		Shape
		{
			appearance Appearance
			{
				material Material
				{
					diffuseColor 0.694 0.741 0.788
				}
			}
			geometry IndexedFaceSet
			{
				creaseAngle 0.5
				solid TRUE
				coord Coordinate
				{
					point
					[
						1.788 -8.700 -7.800,
						1.700 -8.700 -7.772,
						1.788 -12.090 -7.800,
						1.609 -12.090 -7.756,
						1.609 -8.700 -7.756,
						1.518 -8.700 -7.750,
						1.426 -12.090 -7.756,
						1.426 -8.700 -7.756,
						1.335 -8.700 -7.772,
						1.247 -8.700 -7.800,
						1.247 -12.090 -7.800
					]
				}
				coordIndex
				[
					0, 1, 2, -1,
					2, 1, 3, -1,
					1, 4, 3, -1,
					3, 4, 5, -1,
					3, 5, 6, -1,
					6, 5, 7, -1,
					6, 7, 8, -1,
					9, 10, 8, -1,
					8, 10, 6, -1
				]
				normal Normal
				{
					vector
					[
						0.360 0.000 0.933,
						0.243 0.000 0.970,
						0.122 0.000 0.992,
						0.000 0.000 1.000,
						-0.122 0.000 0.992,
						-0.243 0.000 0.970,
						-0.360 0.000 0.933
					]
				}
				normalIndex
				[
					0, 1, 0, -1,
					0, 1, 2, -1,
					1, 2, 2, -1,
					2, 2, 3, -1,
					2, 3, 4, -1,
					4, 3, 4, -1,
					4, 4, 5, -1,
					6, 6, 5, -1,
					5, 6, 4, -1
				]
			}
		}
		Shape
		{
			appearance Appearance
			{
				material Material
				{
					diffuseColor 0.694 0.741 0.788
				}
			}
			geometry IndexedFaceSet
			{
				creaseAngle 0.5
				solid TRUE
				coord Coordinate
				{
					point
					[
						2.241 -8.700 -8.302,
						2.245 -12.090 -8.318,
						2.250 -8.700 -8.339,
						2.262 -12.090 -8.408,
						2.266 -8.700 -8.446,
						2.267 -12.090 -8.500,
						2.266 -8.700 -8.554,
						2.262 -12.090 -8.592,
						2.250 -8.700 -8.661,
						2.245 -12.090 -8.682,
						2.241 -8.700 -8.698,
						2.217 -12.090 -8.770,
						2.230 -8.700 -8.734,
						2.217 -8.700 -8.770,
						2.230 -8.700 -8.266,
						2.217 -12.090 -8.230,
						2.217 -8.700 -8.230
					]
				}
				coordIndex
				[
					0, 1, 2, -1,
					2, 1, 3, -1,
					2, 3, 4, -1,
					4, 3, 5, -1,
					4, 5, 6, -1,
					6, 5, 7, -1,
					6, 7, 8, -1,
					8, 7, 9, -1,
					8, 9, 10, -1,
					10, 9, 11, -1,
					10, 11, 12, -1,
					12, 11, 13, -1,
					0, 14, 1, -1,
					1, 14, 15, -1,
					14, 16, 15, -1
				]
				normal Normal
				{
					vector
					[
						0.965 0.000 0.264,
						0.970 0.000 0.243,
						0.977 0.000 0.215,
						0.992 0.000 0.122,
						0.997 0.000 0.072,
						1.000 -0.000 0.000,
						0.997 -0.000 -0.072,
						0.992 0.000 -0.122,
						0.977 0.000 -0.215,
						0.970 0.000 -0.243,
						0.965 0.000 -0.264,
						0.933 0.000 -0.360,
						0.950 0.000 -0.312,
						0.950 0.000 0.312,
						0.933 0.000 0.360
					]
				}
				normalIndex
				[
					0, 1, 2, -1,
					2, 1, 3, -1,
					2, 3, 4, -1,
					4, 3, 5, -1,
					4, 5, 6, -1,
					6, 5, 7, -1,
					6, 7, 8, -1,
					8, 7, 9, -1,
					8, 9, 10, -1,
					10, 9, 11, -1,
					10, 11, 12, -1,
					12, 11, 11, -1,
					0, 13, 1, -1,
					1, 13, 14, -1,
					13, 14, 14, -1
				]
			}
		}
		Shape
		{
			appearance Appearance
			{
				material Material
				{
					diffuseColor 0.694 0.741 0.788
				}
			}
			geometry IndexedFaceSet
			{
				creaseAngle 0.5
				solid TRUE
				coord Coordinate
				{
					point
					[
						0.818 -12.090 -8.230,
						0.818 -8.700 -8.230,
						0.790 -12.090 -8.318,
						0.773 -8.700 -8.408,
						0.773 -12.090 -8.408,
						0.767 -12.090 -8.500,
						0.773 -8.700 -8.592,
						0.773 -12.090 -8.592,
						0.790 -12.090 -8.682,
						0.818 -8.700 -8.770,
						0.818 -12.090 -8.770
					]
				}
				coordIndex
				[
					0, 1, 2, -1,
					2, 1, 3, -1,
					2, 3, 4, -1,
					4, 3, 5, -1,
					3, 6, 5, -1,
					5, 6, 7, -1,
					7, 6, 8, -1,
					8, 6, 9, -1,
					8, 9, 10, -1
				]
				normal Normal
				{
					vector
					[
						-0.933 0.000 0.360,
						-0.970 0.000 0.243,
						-0.992 0.000 0.122,
						-1.000 0.000 0.000,
						-0.992 0.000 -0.122,
						-0.970 0.000 -0.243,
						-0.933 0.000 -0.360
					]
				}
				normalIndex
				[
					0, 0, 1, -1,
					1, 0, 2, -1,
					1, 2, 2, -1,
					2, 2, 3, -1,
					2, 4, 3, -1,
					3, 4, 4, -1,
					4, 4, 5, -1,
					5, 4, 6, -1,
					5, 6, 6, -1
				]
			}
		}
		Shape
		{
			appearance Appearance
			{
				material Material
				{
					diffuseColor 0.694 0.741 0.788
				}
			}
			geometry IndexedFaceSet
			{
				creaseAngle 0.5
				solid TRUE
				coord Coordinate
				{
					point
					[
						1.788 -8.700 -9.200,
						1.788 -8.700 -8.921,
						1.788 -12.090 -9.200,
						1.788 -12.244 -9.032,
						1.788 -12.340 -8.921
					]
				}
				coordIndex
				[
					0, 1, 2, -1,
					2, 1, 3, -1,
					1, 4, 3, -1
				]
				normal Normal
				{
					vector
					[
						1.000 -0.000 -0.000
					]
				}
				normalIndex
				[
					0, 0, 0, -1,
					0, 0, 0, -1,
					0, 0, 0, -1
				]
			}
		}
		Shape
		{
			appearance Appearance
			{
				material Material
				{
					diffuseColor 0.694 0.741 0.788
				}
			}
			geometry IndexedFaceSet
			{
				creaseAngle 0.5
				solid TRUE
				coord Coordinate
				{
					point
					[
						2.049 -12.244 -8.770,
						2.217 -12.090 -8.770,
						1.904 -12.440 -8.604,
						2.245 -12.090 -8.682,
						2.262 -12.090 -8.592,
						2.267 -12.090 -8.500,
						1.918 -12.440 -8.500,
						1.864 -12.440 -8.700,
						1.938 -12.340 -8.770,
						1.895 -12.340 -8.827,
						1.800 -12.440 -8.783,
						1.845 -12.340 -8.878,
						1.717 -12.440 -8.846,
						1.788 -12.340 -8.921,
						1.788 -12.244 -9.032,
						1.621 -12.440 -8.886,
						1.788 -12.090 -9.200,
						1.609 -12.090 -9.244,
						1.518 -12.440 -8.900,
						1.426 -12.090 -9.244,
						1.414 -12.440 -8.886,
						1.247 -12.090 -9.200,
						1.247 -12.244 -9.032,
						1.317 -12.440 -8.846,
						1.247 -12.340 -8.921,
						1.190 -12.340 -8.878,
						1.235 -12.440 -8.783,
						1.140 -12.340 -8.827,
						1.171 -12.440 -8.700,
						1.097 -12.340 -8.770,
						0.986 -12.244 -8.770,
						1.131 -12.440 -8.604,
						0.818 -12.090 -8.770,
						1.117 -12.440 -8.500,
						0.773 -12.090 -8.592,
						0.790 -12.090 -8.682,
						0.767 -12.090 -8.500
					]
				}
				coordIndex
				[
					0, 1, 2, -1,
					2, 1, 3, -1,
					2, 3, 4, -1,
					5, 6, 4, -1,
					4, 6, 2, -1,
					2, 7, 0, -1,
					0, 7, 8, -1,
					8, 7, 9, -1,
					9, 7, 10, -1,
					9, 10, 11, -1,
					11, 10, 12, -1,
					11, 12, 13, -1,
					13, 12, 14, -1,
					12, 15, 14, -1,
					14, 15, 16, -1,
					16, 15, 17, -1,
					17, 15, 18, -1,
					17, 18, 19, -1,
					19, 18, 20, -1,
					19, 20, 21, -1,
					21, 20, 22, -1,
					20, 23, 22, -1,
					22, 23, 24, -1,
					24, 23, 25, -1,
					25, 23, 26, -1,
					25, 26, 27, -1,
					27, 26, 28, -1,
					27, 28, 29, -1,
					29, 28, 30, -1,
					28, 31, 30, -1,
					30, 31, 32, -1,
					33, 34, 31, -1,
					31, 34, 35, -1,
					31, 35, 32, -1,
					33, 36, 34, -1
				]
				normal Normal
				{
					vector
					[
						0.630 -0.707 -0.320,
						0.660 -0.707 -0.255,
						0.683 -0.707 -0.183,
						0.686 -0.707 -0.172,
						0.702 -0.707 -0.087,
						0.707 -0.707 -0.000,
						0.612 -0.707 -0.354,
						0.595 -0.707 -0.382,
						0.535 -0.707 -0.463,
						0.500 -0.707 -0.500,
						0.463 -0.707 -0.535,
						0.354 -0.707 -0.612,
						0.382 -0.707 -0.595,
						0.320 -0.707 -0.630,
						0.183 -0.707 -0.683,
						0.255 -0.707 -0.660,
						0.087 -0.707 -0.702,
						0.000 -0.707 -0.707,
						-0.087 -0.707 -0.702,
						-0.183 -0.707 -0.683,
						-0.255 -0.707 -0.660,
						-0.320 -0.707 -0.630,
						-0.354 -0.707 -0.612,
						-0.382 -0.707 -0.595,
						-0.463 -0.707 -0.535,
						-0.500 -0.707 -0.500,
						-0.535 -0.707 -0.463,
						-0.612 -0.707 -0.354,
						-0.595 -0.707 -0.382,
						-0.630 -0.707 -0.320,
						-0.683 -0.707 -0.183,
						-0.660 -0.707 -0.255,
						-0.707 -0.707 -0.000,
						-0.702 -0.707 -0.087,
						-0.686 -0.707 -0.172
					]
				}
				normalIndex
				[
					0, 1, 2, -1,
					2, 1, 3, -1,
					2, 3, 4, -1,
					5, 5, 4, -1,
					4, 5, 2, -1,
					2, 6, 0, -1,
					0, 6, 7, -1,
					7, 6, 8, -1,
					8, 6, 9, -1,
					8, 9, 10, -1,
					10, 9, 11, -1,
					10, 11, 12, -1,
					12, 11, 13, -1,
					11, 14, 13, -1,
					13, 14, 15, -1,
					15, 14, 16, -1,
					16, 14, 17, -1,
					16, 17, 18, -1,
					18, 17, 19, -1,
					18, 19, 20, -1,
					20, 19, 21, -1,
					19, 22, 21, -1,
					21, 22, 23, -1,
					23, 22, 24, -1,
					24, 22, 25, -1,
					24, 25, 26, -1,
					26, 25, 27, -1,
					26, 27, 28, -1,
					28, 27, 29, -1,
					27, 30, 29, -1,
					29, 30, 31, -1,
					32, 33, 30, -1,
					30, 33, 34, -1,
					30, 34, 31, -1,
					32, 32, 33, -1
				]
			}
		}
		Shape
		{
			appearance Appearance
			{
				material Material
				{
					diffuseColor 0.694 0.741 0.788
				}
			}
			geometry IndexedFaceSet
			{
				creaseAngle 0.5
				solid TRUE
				coord Coordinate
				{
					point
					[
						2.217 -8.700 -8.770,
						2.217 -12.090 -8.770,
						1.938 -8.700 -8.770,
						2.049 -12.244 -8.770,
						1.938 -12.340 -8.770
					]
				}
				coordIndex
				[
					0, 1, 2, -1,
					2, 1, 3, -1,
					2, 3, 4, -1
				]
				normal Normal
				{
					vector
					[
						-0.000 -0.000 -1.000
					]
				}
				normalIndex
				[
					0, 0, 0, -1,
					0, 0, 0, -1,
					0, 0, 0, -1
				]
			}
		}
		Shape
		{
			appearance Appearance
			{
				material Material
				{
					diffuseColor 0.694 0.741 0.788
				}
			}
			geometry IndexedFaceSet
			{
				creaseAngle 0.5
				solid TRUE
				coord Coordinate
				{
					point
					[
						1.938 -8.700 -8.770,
						1.938 -12.340 -8.770,
						1.895 -8.700 -8.827,
						1.895 -12.340 -8.827,
						1.845 -12.340 -8.878,
						1.788 -12.340 -8.921,
						1.788 -8.700 -8.921,
						1.845 -8.700 -8.878
					]
				}
				coordIndex
				[
					0, 1, 2, -1,
					2, 1, 3, -1,
					2, 3, 4, -1,
					5, 6, 4, -1,
					4, 6, 7, -1,
					4, 7, 2, -1
				]
				normal Normal
				{
					vector
					[
						0.842 0.000 -0.540,
						0.756 0.000 -0.655,
						0.655 0.000 -0.756,
						0.540 0.000 -0.842
					]
				}
				normalIndex
				[
					0, 0, 1, -1,
					1, 0, 1, -1,
					1, 1, 2, -1,
					3, 3, 2, -1,
					2, 3, 2, -1,
					2, 2, 1, -1
				]
			}
		}
		Shape
		{
			appearance Appearance
			{
				material Material
				{
					diffuseColor 0.694 0.741 0.788
				}
			}
			geometry IndexedFaceSet
			{
				creaseAngle 0.5
				solid TRUE
				coord Coordinate
				{
					point
					[
						1.247 -8.700 -9.200,
						1.247 -12.090 -9.200,
						1.247 -8.700 -8.921,
						1.247 -12.244 -9.032,
						1.247 -12.340 -8.921
					]
				}
				coordIndex
				[
					0, 1, 2, -1,
					2, 1, 3, -1,
					2, 3, 4, -1
				]
				normal Normal
				{
					vector
					[
						-1.000 -0.000 -0.000
					]
				}
				normalIndex
				[
					0, 0, 0, -1,
					0, 0, 0, -1,
					0, 0, 0, -1
				]
			}
		}
		Shape
		{
			appearance Appearance
			{
				material Material
				{
					diffuseColor 0.694 0.741 0.788
				}
			}
			geometry IndexedFaceSet
			{
				creaseAngle 0.5
				solid TRUE
				coord Coordinate
				{
					point
					[
						1.247 -8.700 -8.921,
						1.247 -12.340 -8.921,
						1.190 -8.700 -8.878,
						1.190 -12.340 -8.878,
						1.140 -12.340 -8.827,
						1.097 -12.340 -8.770,
						1.097 -8.700 -8.770,
						1.140 -8.700 -8.827
					]
				}
				coordIndex
				[
					0, 1, 2, -1,
					2, 1, 3, -1,
					2, 3, 4, -1,
					5, 6, 4, -1,
					4, 6, 7, -1,
					4, 7, 2, -1
				]
				normal Normal
				{
					vector
					[
						-0.540 0.000 -0.842,
						-0.655 0.000 -0.756,
						-0.756 0.000 -0.655,
						-0.842 0.000 -0.540
					]
				}
				normalIndex
				[
					0, 0, 1, -1,
					1, 0, 1, -1,
					1, 1, 2, -1,
					3, 3, 2, -1,
					2, 3, 2, -1,
					2, 2, 1, -1
				]
			}
		}
		Shape
		{
			appearance Appearance
			{
				material Material
				{
					diffuseColor 0.694 0.741 0.788
				}
			}
			geometry IndexedFaceSet
			{
				creaseAngle 0.5
				solid TRUE
				coord Coordinate
				{
					point
					[
						0.818 -8.700 -8.770,
						1.097 -8.700 -8.770,
						0.818 -12.090 -8.770,
						0.986 -12.244 -8.770,
						1.097 -12.340 -8.770
					]
				}
				coordIndex
				[
					0, 1, 2, -1,
					2, 1, 3, -1,
					1, 4, 3, -1
				]
				normal Normal
				{
					vector
					[
						-0.000 -0.000 -1.000
					]
				}
				normalIndex
				[
					0, 0, 0, -1,
					0, 0, 0, -1,
					0, 0, 0, -1
				]
			}
		}
		Shape
		{
			appearance Appearance
			{
				material Material
				{
					diffuseColor 0.694 0.741 0.788
				}
			}
			geometry IndexedFaceSet
			{
				creaseAngle 0.5
				solid TRUE
				coord Coordinate
				{
					point
					[
						1.788 -12.244 -7.968,
						1.788 -12.090 -7.800,
						1.621 -12.440 -8.114,
						1.609 -12.090 -7.756,
						1.518 -12.440 -8.100,
						1.426 -12.090 -7.756,
						1.414 -12.440 -8.114,
						1.247 -12.090 -7.800,
						1.247 -12.244 -7.968,
						1.317 -12.440 -8.154,
						1.247 -12.340 -8.079,
						1.190 -12.340 -8.122,
						1.235 -12.440 -8.217,
						1.140 -12.340 -8.173,
						1.171 -12.440 -8.300,
						1.097 -12.340 -8.230,
						0.986 -12.244 -8.230,
						1.131 -12.440 -8.396,
						0.818 -12.090 -8.230,
						0.790 -12.090 -8.318,
						0.773 -12.090 -8.408,
						1.117 -12.440 -8.500,
						0.767 -12.090 -8.500,
						1.717 -12.440 -8.154,
						1.788 -12.340 -8.079,
						1.845 -12.340 -8.122,
						1.800 -12.440 -8.217,
						1.895 -12.340 -8.173,
						1.864 -12.440 -8.300,
						1.938 -12.340 -8.230,
						2.049 -12.244 -8.230,
						1.904 -12.440 -8.396,
						2.217 -12.090 -8.230,
						1.918 -12.440 -8.500,
						2.262 -12.090 -8.408,
						2.245 -12.090 -8.318,
						2.267 -12.090 -8.500
					]
				}
				coordIndex
				[
					0, 1, 2, -1,
					2, 1, 3, -1,
					2, 3, 4, -1,
					4, 3, 5, -1,
					4, 5, 6, -1,
					6, 5, 7, -1,
					6, 7, 8, -1,
					6, 8, 9, -1,
					9, 8, 10, -1,
					9, 10, 11, -1,
					9, 11, 12, -1,
					12, 11, 13, -1,
					12, 13, 14, -1,
					14, 13, 15, -1,
					14, 15, 16, -1,
					14, 16, 17, -1,
					17, 16, 18, -1,
					17, 18, 19, -1,
					19, 20, 17, -1,
					17, 20, 21, -1,
					20, 22, 21, -1,
					2, 23, 0, -1,
					0, 23, 24, -1,
					24, 23, 25, -1,
					25, 23, 26, -1,
					25, 26, 27, -1,
					27, 26, 28, -1,
					27, 28, 29, -1,
					29, 28, 30, -1,
					28, 31, 30, -1,
					30, 31, 32, -1,
					33, 34, 31, -1,
					31, 34, 35, -1,
					31, 35, 32, -1,
					33, 36, 34, -1
				]
				normal Normal
				{
					vector
					[
						0.320 -0.707 0.630,
						0.255 -0.707 0.660,
						0.183 -0.707 0.683,
						0.087 -0.707 0.702,
						-0.000 -0.707 0.707,
						-0.087 -0.707 0.702,
						-0.183 -0.707 0.683,
						-0.255 -0.707 0.660,
						-0.320 -0.707 0.630,
						-0.354 -0.707 0.612,
						-0.382 -0.707 0.595,
						-0.463 -0.707 0.535,
						-0.500 -0.707 0.500,
						-0.535 -0.707 0.463,
						-0.612 -0.707 0.354,
						-0.595 -0.707 0.382,
						-0.630 -0.707 0.320,
						-0.683 -0.707 0.183,
						-0.660 -0.707 0.255,
						-0.686 -0.707 0.172,
						-0.702 -0.707 0.087,
						-0.707 -0.707 -0.000,
						0.354 -0.707 0.612,
						0.382 -0.707 0.595,
						0.463 -0.707 0.535,
						0.500 -0.707 0.500,
						0.535 -0.707 0.463,
						0.612 -0.707 0.354,
						0.595 -0.707 0.382,
						0.630 -0.707 0.320,
						0.683 -0.707 0.183,
						0.660 -0.707 0.255,
						0.707 -0.707 -0.000,
						0.702 -0.707 0.087,
						0.686 -0.707 0.172
					]
				}
				normalIndex
				[
					0, 1, 2, -1,
					2, 1, 3, -1,
					2, 3, 4, -1,
					4, 3, 5, -1,
					4, 5, 6, -1,
					6, 5, 7, -1,
					6, 7, 8, -1,
					6, 8, 9, -1,
					9, 8, 10, -1,
					9, 10, 11, -1,
					9, 11, 12, -1,
					12, 11, 13, -1,
					12, 13, 14, -1,
					14, 13, 15, -1,
					14, 15, 16, -1,
					14, 16, 17, -1,
					17, 16, 18, -1,
					17, 18, 19, -1,
					19, 20, 17, -1,
					17, 20, 21, -1,
					20, 21, 21, -1,
					2, 22, 0, -1,
					0, 22, 23, -1,
					23, 22, 24, -1,
					24, 22, 25, -1,
					24, 25, 26, -1,
					26, 25, 27, -1,
					26, 27, 28, -1,
					28, 27, 29, -1,
					27, 30, 29, -1,
					29, 30, 31, -1,
					32, 33, 30, -1,
					30, 33, 34, -1,
					30, 34, 31, -1,
					32, 32, 33, -1
				]
			}
		}
		Shape
		{
			appearance Appearance
			{
				material Material
				{
					diffuseColor 0.694 0.741 0.788
				}
			}
			geometry IndexedFaceSet
			{
				creaseAngle 0.5
				solid TRUE
				coord Coordinate
				{
					point
					[
						1.788 -8.700 -7.800,
						1.788 -12.090 -7.800,
						1.788 -8.700 -8.079,
						1.788 -12.244 -7.968,
						1.788 -12.340 -8.079
					]
				}
				coordIndex
				[
					0, 1, 2, -1,
					2, 1, 3, -1,
					2, 3, 4, -1
				]
				normal Normal
				{
					vector
					[
						1.000 -0.000 -0.000
					]
				}
				normalIndex
				[
					0, 0, 0, -1,
					0, 0, 0, -1,
					0, 0, 0, -1
				]
			}
		}
		Shape
		{
			appearance Appearance
			{
				material Material
				{
					diffuseColor 0.694 0.741 0.788
				}
			}
			geometry IndexedFaceSet
			{
				creaseAngle 0.5
				solid TRUE
				coord Coordinate
				{
					point
					[
						1.788 -8.700 -8.079,
						1.788 -12.340 -8.079,
						1.845 -8.700 -8.122,
						1.845 -12.340 -8.122,
						1.895 -12.340 -8.173,
						1.938 -12.340 -8.230,
						1.938 -8.700 -8.230,
						1.895 -8.700 -8.173
					]
				}
				coordIndex
				[
					0, 1, 2, -1,
					2, 1, 3, -1,
					2, 3, 4, -1,
					5, 6, 4, -1,
					4, 6, 7, -1,
					4, 7, 2, -1
				]
				normal Normal
				{
					vector
					[
						0.540 0.000 0.842,
						0.655 0.000 0.756,
						0.756 0.000 0.655,
						0.842 0.000 0.540
					]
				}
				normalIndex
				[
					0, 0, 1, -1,
					1, 0, 1, -1,
					1, 1, 2, -1,
					3, 3, 2, -1,
					2, 3, 2, -1,
					2, 2, 1, -1
				]
			}
		}
		Shape
		{
			appearance Appearance
			{
				material Material
				{
					diffuseColor 0.694 0.741 0.788
				}
			}
			geometry IndexedFaceSet
			{
				creaseAngle 0.5
				solid TRUE
				coord Coordinate
				{
					point
					[
						2.217 -8.700 -8.230,
						1.938 -8.700 -8.230,
						2.217 -12.090 -8.230,
						2.049 -12.244 -8.230,
						1.938 -12.340 -8.230
					]
				}
				coordIndex
				[
					0, 1, 2, -1,
					2, 1, 3, -1,
					1, 4, 3, -1
				]
				normal Normal
				{
					vector
					[
						-0.000 -0.000 1.000
					]
				}
				normalIndex
				[
					0, 0, 0, -1,
					0, 0, 0, -1,
					0, 0, 0, -1
				]
			}
		}
		Shape
		{
			appearance Appearance
			{
				material Material
				{
					diffuseColor 0.694 0.741 0.788
				}
			}
			geometry IndexedFaceSet
			{
				creaseAngle 0.5
				solid TRUE
				coord Coordinate
				{
					point
					[
						1.414 -12.440 -8.886,
						1.621 -12.440 -8.886,
						1.317 -12.440 -8.846,
						1.717 -12.440 -8.846,
						1.235 -12.440 -8.783,
						1.800 -12.440 -8.783,
						1.171 -12.440 -8.700,
						1.864 -12.440 -8.700,
						1.131 -12.440 -8.604,
						1.904 -12.440 -8.604,
						1.117 -12.440 -8.500,
						1.918 -12.440 -8.500,
						1.131 -12.440 -8.396,
						1.904 -12.440 -8.396,
						1.171 -12.440 -8.300,
						1.864 -12.440 -8.300,
						1.235 -12.440 -8.217,
						1.800 -12.440 -8.217,
						1.317 -12.440 -8.154,
						1.717 -12.440 -8.154,
						1.414 -12.440 -8.114,
						1.621 -12.440 -8.114,
						1.518 -12.440 -8.100,
						1.518 -12.440 -8.900
					]
				}
				coordIndex
				[
					0, 1, 2, -1,
					2, 1, 3, -1,
					2, 3, 4, -1,
					4, 3, 5, -1,
					4, 5, 6, -1,
					6, 5, 7, -1,
					6, 7, 8, -1,
					8, 7, 9, -1,
					8, 9, 10, -1,
					10, 9, 11, -1,
					10, 11, 12, -1,
					12, 11, 13, -1,
					12, 13, 14, -1,
					14, 13, 15, -1,
					14, 15, 16, -1,
					16, 15, 17, -1,
					16, 17, 18, -1,
					18, 17, 19, -1,
					18, 19, 20, -1,
					20, 19, 21, -1,
					20, 21, 22, -1,
					0, 23, 1, -1
				]
				normal Normal
				{
					vector
					[
						0.000 -1.000 -0.000
					]
				}
				normalIndex
				[
					0, 0, 0, -1,
					0, 0, 0, -1,
					0, 0, 0, -1,
					0, 0, 0, -1,
					0, 0, 0, -1,
					0, 0, 0, -1,
					0, 0, 0, -1,
					0, 0, 0, -1,
					0, 0, 0, -1,
					0, 0, 0, -1,
					0, 0, 0, -1,
					0, 0, 0, -1,
					0, 0, 0, -1,
					0, 0, 0, -1,
					0, 0, 0, -1,
					0, 0, 0, -1,
					0, 0, 0, -1,
					0, 0, 0, -1,
					0, 0, 0, -1,
					0, 0, 0, -1,
					0, 0, 0, -1,
					0, 0, 0, -1
				]
			}
		}
		Shape
		{
			appearance Appearance
			{
				material Material
				{
					diffuseColor 0.694 0.741 0.788
				}
			}
			geometry IndexedFaceSet
			{
				creaseAngle 0.5
				solid TRUE
				coord Coordinate
				{
					point
					[
						-2.121 -12.440 -22.136,
						-1.914 -12.440 -22.136,
						-2.217 -12.440 -22.096,
						-1.817 -12.440 -22.096,
						-2.300 -12.440 -22.033,
						-1.735 -12.440 -22.033,
						-2.364 -12.440 -21.950,
						-1.671 -12.440 -21.950,
						-2.404 -12.440 -21.854,
						-1.631 -12.440 -21.854,
						-2.418 -12.440 -21.750,
						-1.617 -12.440 -21.750,
						-2.404 -12.440 -21.646,
						-1.631 -12.440 -21.646,
						-2.364 -12.440 -21.550,
						-1.671 -12.440 -21.550,
						-2.300 -12.440 -21.467,
						-1.735 -12.440 -21.467,
						-2.217 -12.440 -21.404,
						-1.817 -12.440 -21.404,
						-2.121 -12.440 -21.364,
						-1.914 -12.440 -21.364,
						-2.017 -12.440 -21.350,
						-2.017 -12.440 -22.150
					]
				}
				coordIndex
				[
					0, 1, 2, -1,
					2, 1, 3, -1,
					2, 3, 4, -1,
					4, 3, 5, -1,
					4, 5, 6, -1,
					6, 5, 7, -1,
					6, 7, 8, -1,
					8, 7, 9, -1,
					8, 9, 10, -1,
					10, 9, 11, -1,
					10, 11, 12, -1,
					12, 11, 13, -1,
					12, 13, 14, -1,
					14, 13, 15, -1,
					14, 15, 16, -1,
					16, 15, 17, -1,
					16, 17, 18, -1,
					18, 17, 19, -1,
					18, 19, 20, -1,
					20, 19, 21, -1,
					20, 21, 22, -1,
					0, 23, 1, -1
				]
				normal Normal
				{
					vector
					[
						0.000 -1.000 -0.000
					]
				}
				normalIndex
				[
					0, 0, 0, -1,
					0, 0, 0, -1,
					0, 0, 0, -1,
					0, 0, 0, -1,
					0, 0, 0, -1,
					0, 0, 0, -1,
					0, 0, 0, -1,
					0, 0, 0, -1,
					0, 0, 0, -1,
					0, 0, 0, -1,
					0, 0, 0, -1,
					0, 0, 0, -1,
					0, 0, 0, -1,
					0, 0, 0, -1,
					0, 0, 0, -1,
					0, 0, 0, -1,
					0, 0, 0, -1,
					0, 0, 0, -1,
					0, 0, 0, -1,
					0, 0, 0, -1,
					0, 0, 0, -1,
					0, 0, 0, -1
				]
			}
		}
		Shape
		{
			appearance Appearance
			{
				material Material
				{
					diffuseColor 0.694 0.741 0.788
				}
			}
			geometry IndexedFaceSet
			{
				creaseAngle 0.5
				solid TRUE
				coord Coordinate
				{
					point
					[
						-1.747 -12.244 -21.218,
						-1.747 -12.090 -21.050,
						-1.914 -12.440 -21.364,
						-1.926 -12.090 -21.006,
						-2.017 -12.440 -21.350,
						-2.109 -12.090 -21.006,
						-2.121 -12.440 -21.364,
						-2.287 -12.090 -21.050,
						-2.287 -12.244 -21.218,
						-2.217 -12.440 -21.404,
						-2.287 -12.340 -21.329,
						-2.345 -12.340 -21.372,
						-2.300 -12.440 -21.467,
						-2.395 -12.340 -21.423,
						-2.364 -12.440 -21.550,
						-2.438 -12.340 -21.480,
						-2.549 -12.244 -21.480,
						-2.404 -12.440 -21.646,
						-2.717 -12.090 -21.480,
						-2.745 -12.090 -21.568,
						-2.762 -12.090 -21.658,
						-2.418 -12.440 -21.750,
						-2.767 -12.090 -21.750,
						-1.817 -12.440 -21.404,
						-1.747 -12.340 -21.329,
						-1.690 -12.340 -21.372,
						-1.735 -12.440 -21.467,
						-1.640 -12.340 -21.423,
						-1.671 -12.440 -21.550,
						-1.597 -12.340 -21.480,
						-1.486 -12.244 -21.480,
						-1.631 -12.440 -21.646,
						-1.318 -12.090 -21.480,
						-1.617 -12.440 -21.750,
						-1.273 -12.090 -21.658,
						-1.290 -12.090 -21.568,
						-1.268 -12.090 -21.750
					]
				}
				coordIndex
				[
					0, 1, 2, -1,
					2, 1, 3, -1,
					2, 3, 4, -1,
					4, 3, 5, -1,
					4, 5, 6, -1,
					6, 5, 7, -1,
					6, 7, 8, -1,
					6, 8, 9, -1,
					9, 8, 10, -1,
					9, 10, 11, -1,
					9, 11, 12, -1,
					12, 11, 13, -1,
					12, 13, 14, -1,
					14, 13, 15, -1,
					14, 15, 16, -1,
					14, 16, 17, -1,
					17, 16, 18, -1,
					17, 18, 19, -1,
					19, 20, 17, -1,
					17, 20, 21, -1,
					20, 22, 21, -1,
					2, 23, 0, -1,
					0, 23, 24, -1,
					24, 23, 25, -1,
					25, 23, 26, -1,
					25, 26, 27, -1,
					27, 26, 28, -1,
					27, 28, 29, -1,
					29, 28, 30, -1,
					28, 31, 30, -1,
					30, 31, 32, -1,
					33, 34, 31, -1,
					31, 34, 35, -1,
					31, 35, 32, -1,
					33, 36, 34, -1
				]
				normal Normal
				{
					vector
					[
						0.320 -0.707 0.630,
						0.255 -0.707 0.660,
						0.183 -0.707 0.683,
						0.087 -0.707 0.702,
						-0.000 -0.707 0.707,
						-0.087 -0.707 0.702,
						-0.183 -0.707 0.683,
						-0.255 -0.707 0.660,
						-0.320 -0.707 0.630,
						-0.354 -0.707 0.612,
						-0.382 -0.707 0.595,
						-0.463 -0.707 0.535,
						-0.500 -0.707 0.500,
						-0.535 -0.707 0.463,
						-0.612 -0.707 0.354,
						-0.595 -0.707 0.382,
						-0.630 -0.707 0.320,
						-0.683 -0.707 0.183,
						-0.660 -0.707 0.255,
						-0.686 -0.707 0.172,
						-0.702 -0.707 0.087,
						-0.707 -0.707 -0.000,
						0.354 -0.707 0.612,
						0.382 -0.707 0.595,
						0.463 -0.707 0.535,
						0.500 -0.707 0.500,
						0.535 -0.707 0.463,
						0.612 -0.707 0.354,
						0.595 -0.707 0.382,
						0.630 -0.707 0.320,
						0.683 -0.707 0.183,
						0.660 -0.707 0.255,
						0.707 -0.707 -0.000,
						0.702 -0.707 0.087,
						0.686 -0.707 0.172
					]
				}
				normalIndex
				[
					0, 1, 2, -1,
					2, 1, 3, -1,
					2, 3, 4, -1,
					4, 3, 5, -1,
					4, 5, 6, -1,
					6, 5, 7, -1,
					6, 7, 8, -1,
					6, 8, 9, -1,
					9, 8, 10, -1,
					9, 10, 11, -1,
					9, 11, 12, -1,
					12, 11, 13, -1,
					12, 13, 14, -1,
					14, 13, 15, -1,
					14, 15, 16, -1,
					14, 16, 17, -1,
					17, 16, 18, -1,
					17, 18, 19, -1,
					19, 20, 17, -1,
					17, 20, 21, -1,
					20, 21, 21, -1,
					2, 22, 0, -1,
					0, 22, 23, -1,
					23, 22, 24, -1,
					24, 22, 25, -1,
					24, 25, 26, -1,
					26, 25, 27, -1,
					26, 27, 28, -1,
					28, 27, 29, -1,
					27, 30, 29, -1,
					29, 30, 31, -1,
					32, 33, 30, -1,
					30, 33, 34, -1,
					30, 34, 31, -1,
					32, 32, 33, -1
				]
			}
		}
		Shape
		{
			appearance Appearance
			{
				material Material
				{
					diffuseColor 0.694 0.741 0.788
				}
			}
			geometry IndexedFaceSet
			{
				creaseAngle 0.5
				solid TRUE
				coord Coordinate
				{
					point
					[
						-1.747 -8.700 -21.050,
						-1.747 -12.090 -21.050,
						-1.747 -8.700 -21.329,
						-1.747 -12.244 -21.218,
						-1.747 -12.340 -21.329
					]
				}
				coordIndex
				[
					0, 1, 2, -1,
					2, 1, 3, -1,
					2, 3, 4, -1
				]
				normal Normal
				{
					vector
					[
						1.000 -0.000 -0.000
					]
				}
				normalIndex
				[
					0, 0, 0, -1,
					0, 0, 0, -1,
					0, 0, 0, -1
				]
			}
		}
		Shape
		{
			appearance Appearance
			{
				material Material
				{
					diffuseColor 0.694 0.741 0.788
				}
			}
			geometry IndexedFaceSet
			{
				creaseAngle 0.5
				solid TRUE
				coord Coordinate
				{
					point
					[
						-1.747 -12.090 -21.050,
						-1.747 -8.700 -21.050,
						-1.926 -12.090 -21.006,
						-1.926 -8.700 -21.006,
						-2.109 -8.700 -21.006,
						-2.287 -8.700 -21.050,
						-2.287 -12.090 -21.050,
						-2.109 -12.090 -21.006
					]
				}
				coordIndex
				[
					0, 1, 2, -1,
					2, 1, 3, -1,
					2, 3, 4, -1,
					5, 6, 4, -1,
					4, 6, 7, -1,
					4, 7, 2, -1
				]
				normal Normal
				{
					vector
					[
						0.360 0.000 0.933,
						0.122 0.000 0.992,
						-0.122 0.000 0.992,
						-0.360 0.000 0.933
					]
				}
				normalIndex
				[
					0, 0, 1, -1,
					1, 0, 1, -1,
					1, 1, 2, -1,
					3, 3, 2, -1,
					2, 3, 2, -1,
					2, 2, 1, -1
				]
			}
		}
		Shape
		{
			appearance Appearance
			{
				material Material
				{
					diffuseColor 0.694 0.741 0.788
				}
			}
			geometry IndexedFaceSet
			{
				creaseAngle 0.5
				solid TRUE
				coord Coordinate
				{
					point
					[
						-2.767 -12.090 -21.750,
						-2.762 -12.090 -21.658,
						-2.763 -9.000 -21.672,
						-2.745 -12.090 -21.568,
						-2.725 -9.000 -21.500,
						-2.717 -12.090 -21.480,
						-2.717 -8.700 -21.480,
						-2.761 -9.000 -21.849,
						-2.762 -12.090 -21.842,
						-2.745 -12.090 -21.932,
						-2.717 -9.000 -22.020,
						-2.717 -12.090 -22.020,
						-2.720 -8.700 -21.487,
						-2.722 -8.700 -21.493,
						-2.725 -8.700 -21.500
					]
				}
				coordIndex
				[
					0, 1, 2, -1,
					2, 1, 3, -1,
					2, 3, 4, -1,
					4, 3, 5, -1,
					4, 5, 6, -1,
					2, 7, 0, -1,
					0, 7, 8, -1,
					8, 7, 9, -1,
					9, 7, 10, -1,
					9, 10, 11, -1,
					6, 12, 4, -1,
					4, 12, 13, -1,
					4, 13, 14, -1
				]
				normal Normal
				{
					vector
					[
						-1.000 0.000 0.000,
						-0.992 0.000 0.122,
						-0.995 0.000 0.104,
						-0.970 0.000 0.243,
						-0.943 0.000 0.333,
						-0.933 0.000 0.360,
						-0.991 0.000 -0.132,
						-0.992 0.000 -0.122,
						-0.970 0.000 -0.243,
						-0.933 0.000 -0.360,
						-0.936 0.000 0.351,
						-0.940 0.000 0.342
					]
				}
				normalIndex
				[
					0, 1, 2, -1,
					2, 1, 3, -1,
					2, 3, 4, -1,
					4, 3, 5, -1,
					4, 5, 5, -1,
					2, 6, 0, -1,
					0, 6, 7, -1,
					7, 6, 8, -1,
					8, 6, 9, -1,
					8, 9, 9, -1,
					5, 10, 4, -1,
					4, 10, 11, -1,
					4, 11, 4, -1
				]
			}
		}
		Shape
		{
			appearance Appearance
			{
				material Material
				{
					diffuseColor 0.694 0.741 0.788
				}
			}
			geometry IndexedFaceSet
			{
				creaseAngle 0.5
				solid TRUE
				coord Coordinate
				{
					point
					[
						-1.747 -9.000 -22.450,
						-1.747 -12.090 -22.450,
						-1.835 -9.000 -22.478,
						-1.926 -12.090 -22.494,
						-1.926 -9.000 -22.494,
						-2.017 -9.000 -22.500,
						-2.109 -12.090 -22.494,
						-2.109 -9.000 -22.494,
						-2.200 -9.000 -22.478,
						-2.287 -12.090 -22.450,
						-2.287 -9.000 -22.450
					]
				}
				coordIndex
				[
					0, 1, 2, -1,
					2, 1, 3, -1,
					2, 3, 4, -1,
					4, 3, 5, -1,
					3, 6, 5, -1,
					5, 6, 7, -1,
					7, 6, 8, -1,
					8, 6, 9, -1,
					8, 9, 10, -1
				]
				normal Normal
				{
					vector
					[
						0.360 0.000 -0.933,
						0.243 0.000 -0.970,
						0.122 0.000 -0.992,
						0.000 0.000 -1.000,
						-0.122 0.000 -0.992,
						-0.243 0.000 -0.970,
						-0.360 0.000 -0.933
					]
				}
				normalIndex
				[
					0, 0, 1, -1,
					1, 0, 2, -1,
					1, 2, 2, -1,
					2, 2, 3, -1,
					2, 4, 3, -1,
					3, 4, 4, -1,
					4, 4, 5, -1,
					5, 4, 6, -1,
					5, 6, 6, -1
				]
			}
		}
		Shape
		{
			appearance Appearance
			{
				material Material
				{
					diffuseColor 0.694 0.741 0.788
				}
			}
			geometry IndexedFaceSet
			{
				creaseAngle 0.5
				solid TRUE
				coord Coordinate
				{
					point
					[
						-1.310 -8.700 -21.500,
						-1.313 -8.700 -21.493,
						-1.310 -9.000 -21.500,
						-1.315 -8.700 -21.487,
						-1.318 -8.700 -21.480,
						-1.318 -12.090 -21.480,
						-1.290 -12.090 -21.568,
						-1.272 -9.000 -21.672,
						-1.273 -12.090 -21.658,
						-1.268 -12.090 -21.750,
						-1.274 -9.000 -21.849,
						-1.273 -12.090 -21.842,
						-1.290 -12.090 -21.932,
						-1.318 -12.090 -22.020,
						-1.318 -9.000 -22.020
					]
				}
				coordIndex
				[
					0, 1, 2, -1,
					2, 1, 3, -1,
					2, 3, 4, -1,
					4, 5, 2, -1,
					2, 5, 6, -1,
					2, 6, 7, -1,
					7, 6, 8, -1,
					7, 8, 9, -1,
					7, 9, 10, -1,
					10, 9, 11, -1,
					10, 11, 12, -1,
					13, 14, 12, -1,
					12, 14, 10, -1
				]
				normal Normal
				{
					vector
					[
						0.943 0.000 0.333,
						0.940 -0.000 0.342,
						0.936 -0.000 0.351,
						0.933 0.000 0.360,
						0.933 -0.000 0.360,
						0.970 -0.000 0.243,
						0.995 0.000 0.104,
						0.992 0.000 0.122,
						1.000 -0.000 0.000,
						0.991 -0.000 -0.132,
						0.992 0.000 -0.122,
						0.970 0.000 -0.243,
						0.933 0.000 -0.360
					]
				}
				normalIndex
				[
					0, 1, 0, -1,
					0, 1, 2, -1,
					0, 2, 3, -1,
					3, 4, 0, -1,
					0, 4, 5, -1,
					0, 5, 6, -1,
					6, 5, 7, -1,
					6, 7, 8, -1,
					6, 8, 9, -1,
					9, 8, 10, -1,
					9, 10, 11, -1,
					12, 12, 11, -1,
					11, 12, 9, -1
				]
			}
		}
		Shape
		{
			appearance Appearance
			{
				material Material
				{
					diffuseColor 0.694 0.741 0.788
				}
			}
			geometry IndexedFaceSet
			{
				creaseAngle 0.5
				solid TRUE
				coord Coordinate
				{
					point
					[
						-2.287 -8.700 -21.050,
						-2.287 -8.700 -21.329,
						-2.287 -12.090 -21.050,
						-2.287 -12.244 -21.218,
						-2.287 -12.340 -21.329
					]
				}
				coordIndex
				[
					0, 1, 2, -1,
					2, 1, 3, -1,
					1, 4, 3, -1
				]
				normal Normal
				{
					vector
					[
						-1.000 -0.000 -0.000
					]
				}
				normalIndex
				[
					0, 0, 0, -1,
					0, 0, 0, -1,
					0, 0, 0, -1
				]
			}
		}
		Shape
		{
			appearance Appearance
			{
				material Material
				{
					diffuseColor 0.694 0.741 0.788
				}
			}
			geometry IndexedFaceSet
			{
				creaseAngle 0.5
				solid TRUE
				coord Coordinate
				{
					point
					[
						-2.438 -8.700 -21.480,
						-2.438 -12.340 -21.480,
						-2.395 -8.700 -21.423,
						-2.395 -12.340 -21.423,
						-2.345 -12.340 -21.372,
						-2.287 -12.340 -21.329,
						-2.287 -8.700 -21.329,
						-2.345 -8.700 -21.372
					]
				}
				coordIndex
				[
					0, 1, 2, -1,
					2, 1, 3, -1,
					2, 3, 4, -1,
					5, 6, 4, -1,
					4, 6, 7, -1,
					4, 7, 2, -1
				]
				normal Normal
				{
					vector
					[
						-0.842 0.000 0.540,
						-0.756 0.000 0.655,
						-0.655 0.000 0.756,
						-0.540 0.000 0.842
					]
				}
				normalIndex
				[
					0, 0, 1, -1,
					1, 0, 1, -1,
					1, 1, 2, -1,
					3, 3, 2, -1,
					2, 3, 2, -1,
					2, 2, 1, -1
				]
			}
		}
		Shape
		{
			appearance Appearance
			{
				material Material
				{
					diffuseColor 0.694 0.741 0.788
				}
			}
			geometry IndexedFaceSet
			{
				creaseAngle 0.5
				solid TRUE
				coord Coordinate
				{
					point
					[
						-2.717 -8.700 -21.480,
						-2.717 -12.090 -21.480,
						-2.438 -8.700 -21.480,
						-2.549 -12.244 -21.480,
						-2.438 -12.340 -21.480
					]
				}
				coordIndex
				[
					0, 1, 2, -1,
					2, 1, 3, -1,
					2, 3, 4, -1
				]
				normal Normal
				{
					vector
					[
						-0.000 -0.000 1.000
					]
				}
				normalIndex
				[
					0, 0, 0, -1,
					0, 0, 0, -1,
					0, 0, 0, -1
				]
			}
		}
		Shape
		{
			appearance Appearance
			{
				material Material
				{
					diffuseColor 0.694 0.741 0.788
				}
			}
			geometry IndexedFaceSet
			{
				creaseAngle 0.5
				solid TRUE
				coord Coordinate
				{
					point
					[
						-2.950 -8.700 -21.500,
						-2.950 -9.000 -21.500,
						-2.725 -8.700 -21.500,
						-2.725 -9.000 -21.500
					]
				}
				coordIndex
				[
					0, 1, 2, -1,
					2, 1, 3, -1
				]
				normal Normal
				{
					vector
					[
						-0.000 -0.000 1.000
					]
				}
				normalIndex
				[
					0, 0, 0, -1,
					0, 0, 0, -1
				]
			}
		}
		Shape
		{
			appearance Appearance
			{
				material Material
				{
					diffuseColor 0.694 0.741 0.788
				}
			}
			geometry IndexedFaceSet
			{
				creaseAngle 0.5
				solid TRUE
				coord Coordinate
				{
					point
					[
						-1.310 -8.700 -21.500,
						-1.310 -9.000 -21.500,
						-0.650 -8.700 -21.500,
						-0.650 -9.000 -21.500
					]
				}
				coordIndex
				[
					0, 1, 2, -1,
					2, 1, 3, -1
				]
				normal Normal
				{
					vector
					[
						-0.000 -0.000 1.000
					]
				}
				normalIndex
				[
					0, 0, 0, -1,
					0, 0, 0, -1
				]
			}
		}
		Shape
		{
			appearance Appearance
			{
				material Material
				{
					diffuseColor 0.694 0.741 0.788
				}
			}
			geometry IndexedFaceSet
			{
				creaseAngle 0.5
				solid TRUE
				coord Coordinate
				{
					point
					[
						2.350 -9.000 -21.500,
						2.350 -8.700 -21.500,
						0.700 -9.000 -21.500,
						0.700 -8.700 -21.500
					]
				}
				coordIndex
				[
					0, 1, 2, -1,
					2, 1, 3, -1
				]
				normal Normal
				{
					vector
					[
						-0.000 -0.000 1.000
					]
				}
				normalIndex
				[
					0, 0, 0, -1,
					0, 0, 0, -1
				]
			}
		}
		Shape
		{
			appearance Appearance
			{
				material Material
				{
					diffuseColor 0.694 0.741 0.788
				}
			}
			geometry IndexedFaceSet
			{
				creaseAngle 0.5
				solid TRUE
				coord Coordinate
				{
					point
					[
						-2.725 -9.000 -21.500,
						-2.950 -9.000 -21.500,
						-2.763 -9.000 -21.672,
						-2.761 -9.000 -21.849,
						-2.950 -9.000 -22.500,
						-2.717 -9.000 -22.020,
						-2.017 -9.000 -22.500,
						-2.109 -9.000 -22.494,
						-2.200 -9.000 -22.478,
						-2.287 -9.000 -22.450,
						-2.287 -9.000 -22.171,
						-2.345 -9.000 -22.128,
						-2.395 -9.000 -22.077,
						-2.438 -9.000 -22.020
					]
				}
				coordIndex
				[
					0, 1, 2, -1,
					2, 1, 3, -1,
					1, 4, 3, -1,
					3, 4, 5, -1,
					6, 7, 4, -1,
					4, 7, 8, -1,
					4, 8, 9, -1,
					10, 11, 9, -1,
					9, 11, 5, -1,
					9, 5, 4, -1,
					11, 12, 5, -1,
					5, 12, 13, -1
				]
				normal Normal
				{
					vector
					[
						0.000 -1.000 0.000
					]
				}
				normalIndex
				[
					0, 0, 0, -1,
					0, 0, 0, -1,
					0, 0, 0, -1,
					0, 0, 0, -1,
					0, 0, 0, -1,
					0, 0, 0, -1,
					0, 0, 0, -1,
					0, 0, 0, -1,
					0, 0, 0, -1,
					0, 0, 0, -1,
					0, 0, 0, -1,
					0, 0, 0, -1
				]
			}
		}
		Shape
		{
			appearance Appearance
			{
				material Material
				{
					diffuseColor 0.694 0.741 0.788
				}
			}
			geometry IndexedFaceSet
			{
				creaseAngle 0.5
				solid TRUE
				coord Coordinate
				{
					point
					[
						-1.597 -9.000 -22.020,
						-1.640 -9.000 -22.077,
						-1.318 -9.000 -22.020,
						-1.747 -9.000 -22.450,
						-0.650 -9.000 -22.500,
						-1.835 -9.000 -22.478,
						-1.926 -9.000 -22.494,
						-1.690 -9.000 -22.128,
						-1.747 -9.000 -22.171,
						-2.017 -9.000 -22.500,
						-1.274 -9.000 -21.849,
						-0.650 -9.000 -21.500,
						-1.272 -9.000 -21.672,
						-1.310 -9.000 -21.500
					]
				}
				coordIndex
				[
					0, 1, 2, -1,
					2, 1, 3, -1,
					2, 3, 4, -1,
					4, 3, 5, -1,
					4, 5, 6, -1,
					1, 7, 3, -1,
					3, 7, 8, -1,
					6, 9, 4, -1,
					2, 4, 10, -1,
					10, 4, 11, -1,
					10, 11, 12, -1,
					12, 11, 13, -1
				]
				normal Normal
				{
					vector
					[
						0.000 -1.000 0.000
					]
				}
				normalIndex
				[
					0, 0, 0, -1,
					0, 0, 0, -1,
					0, 0, 0, -1,
					0, 0, 0, -1,
					0, 0, 0, -1,
					0, 0, 0, -1,
					0, 0, 0, -1,
					0, 0, 0, -1,
					0, 0, 0, -1,
					0, 0, 0, -1,
					0, 0, 0, -1,
					0, 0, 0, -1
				]
			}
		}
		Shape
		{
			appearance Appearance
			{
				material Material
				{
					diffuseColor 0.694 0.741 0.788
				}
			}
			geometry IndexedFaceSet
			{
				creaseAngle 0.5
				solid TRUE
				coord Coordinate
				{
					point
					[
						-2.717 -9.000 -22.020,
						-2.438 -9.000 -22.020,
						-2.717 -12.090 -22.020,
						-2.549 -12.244 -22.020,
						-2.438 -12.340 -22.020
					]
				}
				coordIndex
				[
					0, 1, 2, -1,
					2, 1, 3, -1,
					1, 4, 3, -1
				]
				normal Normal
				{
					vector
					[
						-0.000 -0.000 -1.000
					]
				}
				normalIndex
				[
					0, 0, 0, -1,
					0, 0, 0, -1,
					0, 0, 0, -1
				]
			}
		}
		Shape
		{
			appearance Appearance
			{
				material Material
				{
					diffuseColor 0.694 0.741 0.788
				}
			}
			geometry IndexedFaceSet
			{
				creaseAngle 0.5
				solid TRUE
				coord Coordinate
				{
					point
					[
						-1.486 -12.244 -22.020,
						-1.318 -12.090 -22.020,
						-1.631 -12.440 -21.854,
						-1.290 -12.090 -21.932,
						-1.273 -12.090 -21.842,
						-1.268 -12.090 -21.750,
						-1.617 -12.440 -21.750,
						-1.671 -12.440 -21.950,
						-1.597 -12.340 -22.020,
						-1.640 -12.340 -22.077,
						-1.735 -12.440 -22.033,
						-1.690 -12.340 -22.128,
						-1.817 -12.440 -22.096,
						-1.747 -12.340 -22.171,
						-1.747 -12.244 -22.282,
						-1.914 -12.440 -22.136,
						-1.747 -12.090 -22.450,
						-1.926 -12.090 -22.494,
						-2.017 -12.440 -22.150,
						-2.109 -12.090 -22.494,
						-2.121 -12.440 -22.136,
						-2.287 -12.090 -22.450,
						-2.287 -12.244 -22.282,
						-2.217 -12.440 -22.096,
						-2.287 -12.340 -22.171,
						-2.345 -12.340 -22.128,
						-2.300 -12.440 -22.033,
						-2.395 -12.340 -22.077,
						-2.364 -12.440 -21.950,
						-2.438 -12.340 -22.020,
						-2.549 -12.244 -22.020,
						-2.404 -12.440 -21.854,
						-2.717 -12.090 -22.020,
						-2.418 -12.440 -21.750,
						-2.762 -12.090 -21.842,
						-2.745 -12.090 -21.932,
						-2.767 -12.090 -21.750
					]
				}
				coordIndex
				[
					0, 1, 2, -1,
					2, 1, 3, -1,
					2, 3, 4, -1,
					5, 6, 4, -1,
					4, 6, 2, -1,
					2, 7, 0, -1,
					0, 7, 8, -1,
					8, 7, 9, -1,
					9, 7, 10, -1,
					9, 10, 11, -1,
					11, 10, 12, -1,
					11, 12, 13, -1,
					13, 12, 14, -1,
					12, 15, 14, -1,
					14, 15, 16, -1,
					16, 15, 17, -1,
					17, 15, 18, -1,
					17, 18, 19, -1,
					19, 18, 20, -1,
					19, 20, 21, -1,
					21, 20, 22, -1,
					20, 23, 22, -1,
					22, 23, 24, -1,
					24, 23, 25, -1,
					25, 23, 26, -1,
					25, 26, 27, -1,
					27, 26, 28, -1,
					27, 28, 29, -1,
					29, 28, 30, -1,
					28, 31, 30, -1,
					30, 31, 32, -1,
					33, 34, 31, -1,
					31, 34, 35, -1,
					31, 35, 32, -1,
					33, 36, 34, -1
				]
				normal Normal
				{
					vector
					[
						0.630 -0.707 -0.320,
						0.660 -0.707 -0.255,
						0.683 -0.707 -0.183,
						0.686 -0.707 -0.172,
						0.702 -0.707 -0.087,
						0.707 -0.707 -0.000,
						0.612 -0.707 -0.354,
						0.595 -0.707 -0.382,
						0.535 -0.707 -0.463,
						0.500 -0.707 -0.500,
						0.463 -0.707 -0.535,
						0.354 -0.707 -0.612,
						0.382 -0.707 -0.595,
						0.320 -0.707 -0.630,
						0.183 -0.707 -0.683,
						0.255 -0.707 -0.660,
						0.087 -0.707 -0.702,
						-0.000 -0.707 -0.707,
						-0.087 -0.707 -0.702,
						-0.183 -0.707 -0.683,
						-0.255 -0.707 -0.660,
						-0.320 -0.707 -0.630,
						-0.354 -0.707 -0.612,
						-0.382 -0.707 -0.595,
						-0.463 -0.707 -0.535,
						-0.500 -0.707 -0.500,
						-0.535 -0.707 -0.463,
						-0.612 -0.707 -0.354,
						-0.595 -0.707 -0.382,
						-0.630 -0.707 -0.320,
						-0.683 -0.707 -0.183,
						-0.660 -0.707 -0.255,
						-0.707 -0.707 -0.000,
						-0.702 -0.707 -0.087,
						-0.686 -0.707 -0.172
					]
				}
				normalIndex
				[
					0, 1, 2, -1,
					2, 1, 3, -1,
					2, 3, 4, -1,
					5, 5, 4, -1,
					4, 5, 2, -1,
					2, 6, 0, -1,
					0, 6, 7, -1,
					7, 6, 8, -1,
					8, 6, 9, -1,
					8, 9, 10, -1,
					10, 9, 11, -1,
					10, 11, 12, -1,
					12, 11, 13, -1,
					11, 14, 13, -1,
					13, 14, 15, -1,
					15, 14, 16, -1,
					16, 14, 17, -1,
					16, 17, 18, -1,
					18, 17, 19, -1,
					18, 19, 20, -1,
					20, 19, 21, -1,
					19, 22, 21, -1,
					21, 22, 23, -1,
					23, 22, 24, -1,
					24, 22, 25, -1,
					24, 25, 26, -1,
					26, 25, 27, -1,
					26, 27, 28, -1,
					28, 27, 29, -1,
					27, 30, 29, -1,
					29, 30, 31, -1,
					32, 33, 30, -1,
					30, 33, 34, -1,
					30, 34, 31, -1,
					32, 32, 33, -1
				]
			}
		}
		Shape
		{
			appearance Appearance
			{
				material Material
				{
					diffuseColor 0.694 0.741 0.788
				}
			}
			geometry IndexedFaceSet
			{
				creaseAngle 0.5
				solid TRUE
				coord Coordinate
				{
					point
					[
						-1.318 -9.000 -22.020,
						-1.318 -12.090 -22.020,
						-1.597 -9.000 -22.020,
						-1.486 -12.244 -22.020,
						-1.597 -12.340 -22.020
					]
				}
				coordIndex
				[
					0, 1, 2, -1,
					2, 1, 3, -1,
					2, 3, 4, -1
				]
				normal Normal
				{
					vector
					[
						-0.000 -0.000 -1.000
					]
				}
				normalIndex
				[
					0, 0, 0, -1,
					0, 0, 0, -1,
					0, 0, 0, -1
				]
			}
		}
		Shape
		{
			appearance Appearance
			{
				material Material
				{
					diffuseColor 0.694 0.741 0.788
				}
			}
			geometry IndexedFaceSet
			{
				creaseAngle 0.5
				solid TRUE
				coord Coordinate
				{
					point
					[
						-1.747 -12.340 -22.171,
						-1.747 -9.000 -22.171,
						-1.690 -12.340 -22.128,
						-1.690 -9.000 -22.128,
						-1.640 -9.000 -22.077,
						-1.597 -9.000 -22.020,
						-1.597 -12.340 -22.020,
						-1.640 -12.340 -22.077
					]
				}
				coordIndex
				[
					0, 1, 2, -1,
					2, 1, 3, -1,
					2, 3, 4, -1,
					5, 6, 4, -1,
					4, 6, 7, -1,
					4, 7, 2, -1
				]
				normal Normal
				{
					vector
					[
						0.540 0.000 -0.842,
						0.655 0.000 -0.756,
						0.756 0.000 -0.655,
						0.842 0.000 -0.540
					]
				}
				normalIndex
				[
					0, 0, 1, -1,
					1, 0, 1, -1,
					1, 1, 2, -1,
					3, 3, 2, -1,
					2, 3, 2, -1,
					2, 2, 1, -1
				]
			}
		}
		Shape
		{
			appearance Appearance
			{
				material Material
				{
					diffuseColor 0.694 0.741 0.788
				}
			}
			geometry IndexedFaceSet
			{
				creaseAngle 0.5
				solid TRUE
				coord Coordinate
				{
					point
					[
						-1.747 -9.000 -22.450,
						-1.747 -9.000 -22.171,
						-1.747 -12.090 -22.450,
						-1.747 -12.244 -22.282,
						-1.747 -12.340 -22.171
					]
				}
				coordIndex
				[
					0, 1, 2, -1,
					2, 1, 3, -1,
					1, 4, 3, -1
				]
				normal Normal
				{
					vector
					[
						1.000 -0.000 -0.000
					]
				}
				normalIndex
				[
					0, 0, 0, -1,
					0, 0, 0, -1,
					0, 0, 0, -1
				]
			}
		}
		Shape
		{
			appearance Appearance
			{
				material Material
				{
					diffuseColor 0.694 0.741 0.788
				}
			}
			geometry IndexedFaceSet
			{
				creaseAngle 0.5
				solid TRUE
				coord Coordinate
				{
					point
					[
						-2.287 -9.000 -22.450,
						-2.287 -12.090 -22.450,
						-2.287 -9.000 -22.171,
						-2.287 -12.244 -22.282,
						-2.287 -12.340 -22.171
					]
				}
				coordIndex
				[
					0, 1, 2, -1,
					2, 1, 3, -1,
					2, 3, 4, -1
				]
				normal Normal
				{
					vector
					[
						-1.000 -0.000 -0.000
					]
				}
				normalIndex
				[
					0, 0, 0, -1,
					0, 0, 0, -1,
					0, 0, 0, -1
				]
			}
		}
		Shape
		{
			appearance Appearance
			{
				material Material
				{
					diffuseColor 0.694 0.741 0.788
				}
			}
			geometry IndexedFaceSet
			{
				creaseAngle 0.5
				solid TRUE
				coord Coordinate
				{
					point
					[
						-2.287 -9.000 -22.171,
						-2.287 -12.340 -22.171,
						-2.345 -9.000 -22.128,
						-2.345 -12.340 -22.128,
						-2.395 -12.340 -22.077,
						-2.438 -12.340 -22.020,
						-2.438 -9.000 -22.020,
						-2.395 -9.000 -22.077
					]
				}
				coordIndex
				[
					0, 1, 2, -1,
					2, 1, 3, -1,
					2, 3, 4, -1,
					5, 6, 4, -1,
					4, 6, 7, -1,
					4, 7, 2, -1
				]
				normal Normal
				{
					vector
					[
						-0.540 0.000 -0.842,
						-0.655 0.000 -0.756,
						-0.756 0.000 -0.655,
						-0.842 0.000 -0.540
					]
				}
				normalIndex
				[
					0, 0, 1, -1,
					1, 0, 1, -1,
					1, 1, 2, -1,
					3, 3, 2, -1,
					2, 3, 2, -1,
					2, 2, 1, -1
				]
			}
		}
		Shape
		{
			appearance Appearance
			{
				material Material
				{
					diffuseColor 0.694 0.741 0.788
				}
			}
			geometry IndexedFaceSet
			{
				creaseAngle 0.5
				solid TRUE
				coord Coordinate
				{
					point
					[
						-2.950 -8.700 -9.030,
						-2.950 -8.060 -9.030,
						-2.950 -8.700 -21.500,
						-2.950 -8.060 -22.500,
						-2.950 -8.380 -22.500,
						-2.950 -9.000 -22.500,
						-2.950 -9.000 -21.500
					]
				}
				coordIndex
				[
					0, 1, 2, -1,
					2, 1, 3, -1,
					2, 3, 4, -1,
					4, 5, 2, -1,
					2, 5, 6, -1
				]
				normal Normal
				{
					vector
					[
						-1.000 0.000 0.000
					]
				}
				normalIndex
				[
					0, 0, 0, -1,
					0, 0, 0, -1,
					0, 0, 0, -1,
					0, 0, 0, -1,
					0, 0, 0, -1
				]
			}
		}
		Shape
		{
			appearance Appearance
			{
				material Material
				{
					diffuseColor 0.694 0.741 0.788
				}
			}
			geometry IndexedFaceSet
			{
				creaseAngle 0.5
				solid TRUE
				coord Coordinate
				{
					point
					[
						-2.686 -4.311 -22.500,
						-2.678 -4.259 -22.500,
						-2.700 -4.362 -22.500,
						-2.675 -4.206 -22.500,
						-2.700 -2.228 -22.500,
						-2.675 -2.228 -22.500
					]
				}
				coordIndex
				[
					0, 1, 2, -1,
					2, 1, 3, -1,
					2, 3, 4, -1,
					4, 3, 5, -1
				]
				normal Normal
				{
					vector
					[
						0.000 0.000 1.000
					]
				}
				normalIndex
				[
					0, 0, 0, -1,
					0, 0, 0, -1,
					0, 0, 0, -1,
					0, 0, 0, -1
				]
			}
		}
		Shape
		{
			appearance Appearance
			{
				material Material
				{
					diffuseColor 0.694 0.741 0.788
				}
			}
			geometry IndexedFaceSet
			{
				creaseAngle 0.5
				solid TRUE
				coord Coordinate
				{
					point
					[
						2.675 -2.228 -22.500,
						2.675 -4.206 -22.500,
						2.700 -2.228 -22.500,
						2.700 -4.362 -22.500,
						2.678 -4.259 -22.500,
						2.686 -4.311 -22.500
					]
				}
				coordIndex
				[
					0, 1, 2, -1,
					2, 1, 3, -1,
					1, 4, 3, -1,
					3, 4, 5, -1
				]
				normal Normal
				{
					vector
					[
						0.000 0.000 1.000
					]
				}
				normalIndex
				[
					0, 0, 0, -1,
					0, 0, 0, -1,
					0, 0, 0, -1,
					0, 0, 0, -1
				]
			}
		}
		Shape
		{
			appearance Appearance
			{
				material Material
				{
					diffuseColor 0.694 0.741 0.788
				}
			}
			geometry IndexedFaceSet
			{
				creaseAngle 0.5
				solid TRUE
				coord Coordinate
				{
					point
					[
						2.950 -8.380 -22.500,
						3.050 -8.380 -22.500,
						2.950 -8.060 -22.500,
						3.050 -8.060 -22.500
					]
				}
				coordIndex
				[
					0, 1, 2, -1,
					2, 1, 3, -1
				]
				normal Normal
				{
					vector
					[
						0.000 0.000 1.000
					]
				}
				normalIndex
				[
					0, 0, 0, -1,
					0, 0, 0, -1
				]
			}
		}
		Shape
		{
			appearance Appearance
			{
				material Material
				{
					diffuseColor 0.694 0.741 0.788
				}
			}
			geometry IndexedFaceSet
			{
				creaseAngle 0.5
				solid TRUE
				coord Coordinate
				{
					point
					[
						-2.950 -8.060 -22.500,
						-3.050 -8.060 -22.500,
						-2.950 -8.380 -22.500,
						-3.050 -8.380 -22.500
					]
				}
				coordIndex
				[
					0, 1, 2, -1,
					2, 1, 3, -1
				]
				normal Normal
				{
					vector
					[
						0.000 0.000 1.000
					]
				}
				normalIndex
				[
					0, 0, 0, -1,
					0, 0, 0, -1
				]
			}
		}
		Shape
		{
			appearance Appearance
			{
				material Material
				{
					diffuseColor 0.694 0.741 0.788
				}
			}
			geometry IndexedFaceSet
			{
				creaseAngle 0.5
				solid TRUE
				coord Coordinate
				{
					point
					[
						-2.700 -4.530 -22.500,
						-2.700 -4.362 -22.500,
						-2.700 -4.530 -23.077,
						-2.700 -2.228 -22.500,
						-2.700 -1.677 -23.077,
						-2.700 -1.711 -22.432,
						-2.700 -1.470 -23.050,
						-2.700 -1.277 -22.970,
						-2.700 -1.111 -22.842,
						-2.700 -1.228 -22.232,
						-2.700 -0.814 -21.914,
						-2.700 4.753 -16.347,
						-2.700 4.753 -16.979
					]
				}
				coordIndex
				[
					0, 1, 2, -1,
					2, 1, 3, -1,
					2, 3, 4, -1,
					4, 3, 5, -1,
					4, 5, 6, -1,
					6, 5, 7, -1,
					7, 5, 8, -1,
					8, 5, 9, -1,
					8, 9, 10, -1,
					11, 12, 10, -1,
					10, 12, 8, -1
				]
				normal Normal
				{
					vector
					[
						-1.000 -0.000 -0.000
					]
				}
				normalIndex
				[
					0, 0, 0, -1,
					0, 0, 0, -1,
					0, 0, 0, -1,
					0, 0, 0, -1,
					0, 0, 0, -1,
					0, 0, 0, -1,
					0, 0, 0, -1,
					0, 0, 0, -1,
					0, 0, 0, -1,
					0, 0, 0, -1,
					0, 0, 0, -1
				]
			}
		}
		Shape
		{
			appearance Appearance
			{
				material Material
				{
					diffuseColor 0.694 0.741 0.788
				}
			}
			geometry IndexedFaceSet
			{
				creaseAngle 0.5
				solid TRUE
				coord Coordinate
				{
					point
					[
						-2.700 -4.530 -22.500,
						-2.700 -4.530 -23.077,
						-2.712 -4.627 -22.500,
						-2.712 -4.627 -23.077,
						-2.747 -4.718 -23.077,
						-2.747 -4.718 -22.500,
						-2.803 -4.798 -23.077,
						-2.803 -4.798 -22.500,
						-2.877 -4.862 -23.077,
						-2.877 -4.862 -22.500
					]
				}
				coordIndex
				[
					0, 1, 2, -1,
					2, 1, 3, -1,
					2, 3, 4, -1,
					2, 4, 5, -1,
					5, 4, 6, -1,
					5, 6, 7, -1,
					7, 6, 8, -1,
					7, 8, 9, -1
				]
				normal Normal
				{
					vector
					[
						-1.000 -0.000 -0.000,
						-0.970 0.242 -0.000,
						-0.883 0.470 -0.000,
						-0.742 0.670 -0.000,
						-0.558 0.830 -0.000
					]
				}
				normalIndex
				[
					0, 0, 1, -1,
					1, 0, 1, -1,
					1, 1, 2, -1,
					1, 2, 2, -1,
					2, 2, 3, -1,
					2, 3, 3, -1,
					3, 3, 4, -1,
					3, 4, 4, -1
				]
			}
		}
		Shape
		{
			appearance Appearance
			{
				material Material
				{
					diffuseColor 0.694 0.741 0.788
				}
			}
			geometry IndexedFaceSet
			{
				creaseAngle 0.5
				solid TRUE
				coord Coordinate
				{
					point
					[
						-2.877 -4.862 -23.077,
						-2.943 -4.917 -23.077,
						-2.877 -4.862 -22.500,
						-2.943 -4.917 -22.500,
						-2.995 -4.986 -23.077,
						-2.995 -4.986 -22.500,
						-3.032 -5.064 -23.077,
						-3.032 -5.064 -22.500,
						-3.051 -5.147 -23.077,
						-3.051 -5.147 -22.500
					]
				}
				coordIndex
				[
					0, 1, 2, -1,
					2, 1, 3, -1,
					1, 4, 3, -1,
					3, 4, 5, -1,
					4, 6, 5, -1,
					5, 6, 7, -1,
					8, 9, 6, -1,
					6, 9, 7, -1
				]
				normal Normal
				{
					vector
					[
						-0.558 0.830 0.000,
						-0.722 0.691 0.000,
						-0.854 0.521 0.000,
						-0.945 0.326 0.000,
						-0.993 0.116 0.000
					]
				}
				normalIndex
				[
					0, 1, 0, -1,
					0, 1, 1, -1,
					1, 2, 1, -1,
					1, 2, 2, -1,
					2, 3, 2, -1,
					2, 3, 3, -1,
					4, 4, 3, -1,
					3, 4, 3, -1
				]
			}
		}
		Shape
		{
			appearance Appearance
			{
				material Material
				{
					diffuseColor 0.694 0.741 0.788
				}
			}
			geometry IndexedFaceSet
			{
				creaseAngle 0.5
				solid TRUE
				coord Coordinate
				{
					point
					[
						-3.200 -5.280 -23.077,
						-3.200 -5.280 -22.500,
						-3.164 -5.276 -23.077,
						-3.164 -5.276 -22.500,
						-3.130 -5.263 -22.500,
						-3.076 -5.215 -22.500,
						-3.076 -5.215 -23.077,
						-3.100 -5.242 -22.500,
						-3.100 -5.242 -23.077,
						-3.130 -5.263 -23.077,
						-3.060 -5.183 -22.500,
						-3.060 -5.183 -23.077,
						-3.051 -5.147 -22.500,
						-3.051 -5.147 -23.077
					]
				}
				coordIndex
				[
					0, 1, 2, -1,
					2, 1, 3, -1,
					2, 3, 4, -1,
					5, 6, 7, -1,
					7, 6, 8, -1,
					7, 8, 4, -1,
					4, 8, 9, -1,
					4, 9, 2, -1,
					5, 10, 6, -1,
					6, 10, 11, -1,
					12, 13, 10, -1,
					10, 13, 11, -1
				]
				normal Normal
				{
					vector
					[
						-0.000 1.000 -0.000,
						-0.240 0.971 -0.000,
						-0.466 0.885 -0.000,
						-0.825 0.566 -0.000,
						-0.665 0.747 -0.000,
						-0.936 0.351 -0.000,
						-0.993 0.116 -0.000
					]
				}
				normalIndex
				[
					0, 0, 1, -1,
					1, 0, 1, -1,
					1, 1, 2, -1,
					3, 3, 4, -1,
					4, 3, 4, -1,
					4, 4, 2, -1,
					2, 4, 2, -1,
					2, 2, 1, -1,
					3, 5, 3, -1,
					3, 5, 5, -1,
					6, 6, 5, -1,
					5, 6, 5, -1
				]
			}
		}
		Shape
		{
			appearance Appearance
			{
				material Material
				{
					diffuseColor 0.694 0.741 0.788
				}
			}
			geometry IndexedFaceSet
			{
				creaseAngle 0.5
				solid TRUE
				coord Coordinate
				{
					point
					[
						3.450 -5.280 -20.191,
						3.870 -5.280 -20.191,
						3.450 -5.280 -22.300,
						3.870 -5.280 -22.477,
						3.444 -5.280 -22.349,
						3.426 -5.280 -22.395,
						3.850 -5.280 -22.632,
						3.397 -5.280 -22.435,
						3.360 -5.280 -22.500,
						3.790 -5.280 -22.777,
						3.694 -5.280 -22.901,
						3.570 -5.280 -22.996,
						3.425 -5.280 -23.056,
						3.270 -5.280 -23.077,
						3.200 -5.280 -23.077,
						3.200 -5.280 -22.500,
						3.360 -5.280 -22.467
					]
				}
				coordIndex
				[
					0, 1, 2, -1,
					2, 1, 3, -1,
					2, 3, 4, -1,
					4, 3, 5, -1,
					3, 6, 5, -1,
					5, 6, 7, -1,
					7, 6, 8, -1,
					8, 6, 9, -1,
					8, 9, 10, -1,
					10, 11, 8, -1,
					8, 11, 12, -1,
					8, 12, 13, -1,
					14, 15, 13, -1,
					13, 15, 8, -1,
					8, 16, 7, -1
				]
				normal Normal
				{
					vector
					[
						-0.000 1.000 0.000
					]
				}
				normalIndex
				[
					0, 0, 0, -1,
					0, 0, 0, -1,
					0, 0, 0, -1,
					0, 0, 0, -1,
					0, 0, 0, -1,
					0, 0, 0, -1,
					0, 0, 0, -1,
					0, 0, 0, -1,
					0, 0, 0, -1,
					0, 0, 0, -1,
					0, 0, 0, -1,
					0, 0, 0, -1,
					0, 0, 0, -1,
					0, 0, 0, -1,
					0, 0, 0, -1
				]
			}
		}
		Shape
		{
			appearance Appearance
			{
				material Material
				{
					diffuseColor 0.694 0.741 0.788
				}
			}
			geometry IndexedFaceSet
			{
				creaseAngle 0.5
				solid TRUE
				coord Coordinate
				{
					point
					[
						-3.450 -5.280 -20.191,
						-3.450 -5.280 -22.300,
						-3.870 -5.280 -20.191,
						-3.870 -5.280 -22.477,
						-3.444 -5.280 -22.349,
						-3.426 -5.280 -22.395,
						-3.850 -5.280 -22.632,
						-3.397 -5.280 -22.435,
						-3.360 -5.280 -22.500,
						-3.360 -5.280 -22.467,
						-3.200 -5.280 -22.500,
						-3.270 -5.280 -23.077,
						-3.425 -5.280 -23.056,
						-3.570 -5.280 -22.996,
						-3.200 -5.280 -23.077,
						-3.694 -5.280 -22.901,
						-3.790 -5.280 -22.777
					]
				}
				coordIndex
				[
					0, 1, 2, -1,
					2, 1, 3, -1,
					1, 4, 3, -1,
					3, 4, 5, -1,
					3, 5, 6, -1,
					6, 5, 7, -1,
					6, 7, 8, -1,
					8, 7, 9, -1,
					10, 11, 8, -1,
					8, 11, 12, -1,
					8, 12, 13, -1,
					10, 14, 11, -1,
					13, 15, 8, -1,
					8, 15, 16, -1,
					8, 16, 6, -1
				]
				normal Normal
				{
					vector
					[
						-0.000 1.000 0.000
					]
				}
				normalIndex
				[
					0, 0, 0, -1,
					0, 0, 0, -1,
					0, 0, 0, -1,
					0, 0, 0, -1,
					0, 0, 0, -1,
					0, 0, 0, -1,
					0, 0, 0, -1,
					0, 0, 0, -1,
					0, 0, 0, -1,
					0, 0, 0, -1,
					0, 0, 0, -1,
					0, 0, 0, -1,
					0, 0, 0, -1,
					0, 0, 0, -1,
					0, 0, 0, -1
				]
			}
		}
		Shape
		{
			appearance Appearance
			{
				material Material
				{
					diffuseColor 0.694 0.741 0.788
				}
			}
			geometry IndexedFaceSet
			{
				creaseAngle 0.5
				solid TRUE
				coord Coordinate
				{
					point
					[
						3.450 -5.280 -20.191,
						3.450 -5.673 -19.799,
						3.870 -5.280 -20.191,
						3.870 -5.780 -19.691,
						3.450 -5.780 -19.691
					]
				}
				coordIndex
				[
					0, 1, 2, -1,
					2, 1, 3, -1,
					1, 4, 3, -1
				]
				normal Normal
				{
					vector
					[
						0.000 0.707 0.707
					]
				}
				normalIndex
				[
					0, 0, 0, -1,
					0, 0, 0, -1,
					0, 0, 0, -1
				]
			}
		}
		Shape
		{
			appearance Appearance
			{
				material Material
				{
					diffuseColor 0.694 0.741 0.788
				}
			}
			geometry IndexedFaceSet
			{
				creaseAngle 0.5
				solid TRUE
				coord Coordinate
				{
					point
					[
						3.870 -5.280 -20.191,
						3.870 -5.780 -19.691,
						3.870 -6.180 -20.127,
						3.870 -7.880 -19.691,
						3.870 -7.480 -20.127,
						3.870 -8.380 -20.191,
						3.870 -7.480 -21.627,
						3.870 -8.380 -22.477,
						3.870 -5.280 -22.477,
						3.870 -6.180 -21.627
					]
				}
				coordIndex
				[
					0, 1, 2, -1,
					2, 1, 3, -1,
					2, 3, 4, -1,
					4, 3, 5, -1,
					4, 5, 6, -1,
					6, 5, 7, -1,
					6, 7, 8, -1,
					6, 8, 9, -1,
					9, 8, 0, -1,
					9, 0, 2, -1
				]
				normal Normal
				{
					vector
					[
						1.000 0.000 0.000
					]
				}
				normalIndex
				[
					0, 0, 0, -1,
					0, 0, 0, -1,
					0, 0, 0, -1,
					0, 0, 0, -1,
					0, 0, 0, -1,
					0, 0, 0, -1,
					0, 0, 0, -1,
					0, 0, 0, -1,
					0, 0, 0, -1,
					0, 0, 0, -1
				]
			}
		}
		Shape
		{
			appearance Appearance
			{
				material Material
				{
					diffuseColor 0.694 0.741 0.788
				}
			}
			geometry IndexedFaceSet
			{
				creaseAngle 0.5
				solid TRUE
				coord Coordinate
				{
					point
					[
						3.470 -7.480 -21.627,
						3.470 -7.480 -21.227,
						3.870 -7.480 -21.627,
						3.870 -7.480 -20.127
					]
				}
				coordIndex
				[
					0, 1, 2, -1,
					2, 1, 3, -1
				]
				normal Normal
				{
					vector
					[
						-0.000 1.000 0.000
					]
				}
				normalIndex
				[
					0, 0, 0, -1,
					0, 0, 0, -1
				]
			}
		}
		Shape
		{
			appearance Appearance
			{
				material Material
				{
					diffuseColor 0.694 0.741 0.788
				}
			}
			geometry IndexedFaceSet
			{
				creaseAngle 0.5
				solid TRUE
				coord Coordinate
				{
					point
					[
						-3.870 -7.480 -20.127,
						-3.470 -7.480 -21.227,
						-3.870 -7.480 -21.627,
						-3.470 -7.480 -21.627
					]
				}
				coordIndex
				[
					0, 1, 2, -1,
					2, 1, 3, -1
				]
				normal Normal
				{
					vector
					[
						-0.000 1.000 0.000
					]
				}
				normalIndex
				[
					0, 0, 0, -1,
					0, 0, 0, -1
				]
			}
		}
		Shape
		{
			appearance Appearance
			{
				material Material
				{
					diffuseColor 0.694 0.741 0.788
				}
			}
			geometry IndexedFaceSet
			{
				creaseAngle 0.5
				solid TRUE
				coord Coordinate
				{
					point
					[
						3.470 -7.480 -21.227,
						3.470 -6.180 -21.227,
						3.870 -7.480 -20.127,
						3.870 -6.180 -20.127
					]
				}
				coordIndex
				[
					0, 1, 2, -1,
					2, 1, 3, -1
				]
				normal Normal
				{
					vector
					[
						0.940 -0.000 -0.342
					]
				}
				normalIndex
				[
					0, 0, 0, -1,
					0, 0, 0, -1
				]
			}
		}
		Shape
		{
			appearance Appearance
			{
				material Material
				{
					diffuseColor 0.694 0.741 0.788
				}
			}
			geometry IndexedFaceSet
			{
				creaseAngle 0.5
				solid TRUE
				coord Coordinate
				{
					point
					[
						3.870 -6.180 -20.127,
						3.470 -6.180 -21.227,
						3.870 -6.180 -21.627,
						3.470 -6.180 -21.627
					]
				}
				coordIndex
				[
					0, 1, 2, -1,
					2, 1, 3, -1
				]
				normal Normal
				{
					vector
					[
						0.000 -1.000 -0.000
					]
				}
				normalIndex
				[
					0, 0, 0, -1,
					0, 0, 0, -1
				]
			}
		}
		Shape
		{
			appearance Appearance
			{
				material Material
				{
					diffuseColor 0.694 0.741 0.788
				}
			}
			geometry IndexedFaceSet
			{
				creaseAngle 0.5
				solid TRUE
				coord Coordinate
				{
					point
					[
						-3.470 -6.180 -21.627,
						-3.470 -6.180 -21.227,
						-3.870 -6.180 -21.627,
						-3.870 -6.180 -20.127
					]
				}
				coordIndex
				[
					0, 1, 2, -1,
					2, 1, 3, -1
				]
				normal Normal
				{
					vector
					[
						0.000 -1.000 -0.000
					]
				}
				normalIndex
				[
					0, 0, 0, -1,
					0, 0, 0, -1
				]
			}
		}
		Shape
		{
			appearance Appearance
			{
				material Material
				{
					diffuseColor 0.694 0.741 0.788
				}
			}
			geometry IndexedFaceSet
			{
				creaseAngle 0.5
				solid TRUE
				coord Coordinate
				{
					point
					[
						3.470 -6.180 -21.627,
						3.470 -7.480 -21.627,
						3.870 -6.180 -21.627,
						3.870 -7.480 -21.627
					]
				}
				coordIndex
				[
					0, 1, 2, -1,
					2, 1, 3, -1
				]
				normal Normal
				{
					vector
					[
						-0.000 -0.000 1.000
					]
				}
				normalIndex
				[
					0, 0, 0, -1,
					0, 0, 0, -1
				]
			}
		}
		Shape
		{
			appearance Appearance
			{
				material Material
				{
					diffuseColor 0.694 0.741 0.788
				}
			}
			geometry IndexedFaceSet
			{
				creaseAngle 0.5
				solid TRUE
				coord Coordinate
				{
					point
					[
						3.470 -6.180 -21.627,
						3.470 -6.180 -21.227,
						3.470 -7.480 -21.627,
						3.470 -7.480 -21.227
					]
				}
				coordIndex
				[
					0, 1, 2, -1,
					2, 1, 3, -1
				]
				normal Normal
				{
					vector
					[
						1.000 -0.000 -0.000
					]
				}
				normalIndex
				[
					0, 0, 0, -1,
					0, 0, 0, -1
				]
			}
		}
		Shape
		{
			appearance Appearance
			{
				material Material
				{
					diffuseColor 0.694 0.741 0.788
				}
			}
			geometry IndexedFaceSet
			{
				creaseAngle 0.5
				solid TRUE
				coord Coordinate
				{
					point
					[
						-3.870 -5.280 -22.477,
						-3.870 -6.180 -21.627,
						-3.870 -5.280 -20.191,
						-3.870 -6.180 -20.127,
						-3.870 -5.780 -19.691,
						-3.870 -7.880 -19.691,
						-3.870 -8.380 -22.477,
						-3.870 -7.480 -21.627,
						-3.870 -8.380 -20.191,
						-3.870 -7.480 -20.127
					]
				}
				coordIndex
				[
					0, 1, 2, -1,
					2, 1, 3, -1,
					2, 3, 4, -1,
					4, 3, 5, -1,
					0, 6, 1, -1,
					1, 6, 7, -1,
					6, 8, 7, -1,
					7, 8, 9, -1,
					8, 5, 9, -1,
					9, 5, 3, -1
				]
				normal Normal
				{
					vector
					[
						-1.000 0.000 0.000
					]
				}
				normalIndex
				[
					0, 0, 0, -1,
					0, 0, 0, -1,
					0, 0, 0, -1,
					0, 0, 0, -1,
					0, 0, 0, -1,
					0, 0, 0, -1,
					0, 0, 0, -1,
					0, 0, 0, -1,
					0, 0, 0, -1,
					0, 0, 0, -1
				]
			}
		}
		Shape
		{
			appearance Appearance
			{
				material Material
				{
					diffuseColor 0.694 0.741 0.788
				}
			}
			geometry IndexedFaceSet
			{
				creaseAngle 0.5
				solid TRUE
				coord Coordinate
				{
					point
					[
						-3.470 -6.180 -21.227,
						-3.470 -7.480 -21.227,
						-3.870 -6.180 -20.127,
						-3.870 -7.480 -20.127
					]
				}
				coordIndex
				[
					0, 1, 2, -1,
					2, 1, 3, -1
				]
				normal Normal
				{
					vector
					[
						-0.940 -0.000 -0.342
					]
				}
				normalIndex
				[
					0, 0, 0, -1,
					0, 0, 0, -1
				]
			}
		}
		Shape
		{
			appearance Appearance
			{
				material Material
				{
					diffuseColor 0.694 0.741 0.788
				}
			}
			geometry IndexedFaceSet
			{
				creaseAngle 0.5
				solid TRUE
				coord Coordinate
				{
					point
					[
						-3.470 -7.480 -21.227,
						-3.470 -6.180 -21.227,
						-3.470 -7.480 -21.627,
						-3.470 -6.180 -21.627
					]
				}
				coordIndex
				[
					0, 1, 2, -1,
					2, 1, 3, -1
				]
				normal Normal
				{
					vector
					[
						-1.000 -0.000 -0.000
					]
				}
				normalIndex
				[
					0, 0, 0, -1,
					0, 0, 0, -1
				]
			}
		}
		Shape
		{
			appearance Appearance
			{
				material Material
				{
					diffuseColor 0.694 0.741 0.788
				}
			}
			geometry IndexedFaceSet
			{
				creaseAngle 0.5
				solid TRUE
				coord Coordinate
				{
					point
					[
						-3.470 -7.480 -21.627,
						-3.470 -6.180 -21.627,
						-3.870 -7.480 -21.627,
						-3.870 -6.180 -21.627
					]
				}
				coordIndex
				[
					0, 1, 2, -1,
					2, 1, 3, -1
				]
				normal Normal
				{
					vector
					[
						-0.000 -0.000 1.000
					]
				}
				normalIndex
				[
					0, 0, 0, -1,
					0, 0, 0, -1
				]
			}
		}
		Shape
		{
			appearance Appearance
			{
				material Material
				{
					diffuseColor 0.694 0.741 0.788
				}
			}
			geometry IndexedFaceSet
			{
				creaseAngle 0.5
				solid TRUE
				coord Coordinate
				{
					point
					[
						-3.450 -5.280 -20.191,
						-3.870 -5.280 -20.191,
						-3.450 -5.673 -19.799,
						-3.870 -5.780 -19.691,
						-3.450 -5.780 -19.691
					]
				}
				coordIndex
				[
					0, 1, 2, -1,
					2, 1, 3, -1,
					2, 3, 4, -1
				]
				normal Normal
				{
					vector
					[
						0.000 0.707 0.707
					]
				}
				normalIndex
				[
					0, 0, 0, -1,
					0, 0, 0, -1,
					0, 0, 0, -1
				]
			}
		}
		Shape
		{
			appearance Appearance
			{
				material Material
				{
					diffuseColor 0.694 0.741 0.788
				}
			}
			geometry IndexedFaceSet
			{
				creaseAngle 0.5
				solid TRUE
				coord Coordinate
				{
					point
					[
						-3.450 -5.673 -19.799,
						-3.450 -5.673 -22.300,
						-3.450 -5.280 -20.191,
						-3.450 -5.280 -22.300
					]
				}
				coordIndex
				[
					0, 1, 2, -1,
					2, 1, 3, -1
				]
				normal Normal
				{
					vector
					[
						1.000 0.000 0.000
					]
				}
				normalIndex
				[
					0, 0, 0, -1,
					0, 0, 0, -1
				]
			}
		}
		Shape
		{
			appearance Appearance
			{
				material Material
				{
					diffuseColor 0.694 0.741 0.788
				}
			}
			geometry IndexedFaceSet
			{
				creaseAngle 0.5
				solid TRUE
				coord Coordinate
				{
					point
					[
						-3.450 -5.280 -22.300,
						-3.450 -5.673 -22.300,
						-3.444 -5.280 -22.349,
						-3.424 -5.460 -22.398,
						-3.426 -5.280 -22.395,
						-3.397 -5.280 -22.435,
						-3.360 -5.280 -22.467
					]
				}
				coordIndex
				[
					0, 1, 2, -1,
					2, 1, 3, -1,
					2, 3, 4, -1,
					4, 3, 5, -1,
					3, 6, 5, -1
				]
				normal Normal
				{
					vector
					[
						1.000 -0.000 -0.000,
						0.970 -0.000 0.245,
						0.872 -0.000 0.490,
						0.880 -0.000 0.475,
						0.737 -0.000 0.676,
						0.549 -0.000 0.836
					]
				}
				normalIndex
				[
					0, 0, 1, -1,
					1, 0, 2, -1,
					1, 2, 3, -1,
					3, 2, 4, -1,
					2, 5, 4, -1
				]
			}
		}
		Shape
		{
			appearance Appearance
			{
				material Material
				{
					diffuseColor 0.694 0.741 0.788
				}
			}
			geometry IndexedFaceSet
			{
				creaseAngle 0.5
				solid TRUE
				coord Coordinate
				{
					point
					[
						-3.450 -5.673 -7.100,
						-3.428 -5.474 -7.100,
						-3.450 -5.673 -19.799,
						-3.424 -5.460 -22.398,
						-3.450 -5.673 -22.300,
						-3.362 -5.285 -7.100,
						-3.360 -5.280 -22.467,
						-3.256 -5.115 -7.100,
						-3.294 -5.167 -22.500,
						-3.329 -5.222 -22.500,
						-3.360 -5.280 -22.500,
						-3.256 -5.115 -22.500
					]
				}
				coordIndex
				[
					0, 1, 2, -1,
					2, 1, 3, -1,
					2, 3, 4, -1,
					1, 5, 3, -1,
					3, 5, 6, -1,
					7, 8, 5, -1,
					5, 8, 9, -1,
					5, 9, 6, -1,
					6, 9, 10, -1,
					7, 11, 8, -1
				]
				normal Normal
				{
					vector
					[
						-1.000 0.000 0.000,
						-0.975 0.221 -0.000,
						-0.972 0.237 0.000,
						-0.902 0.431 0.000,
						-0.900 0.437 -0.000,
						-0.784 0.620 0.000,
						-0.827 0.562 -0.000,
						-0.866 0.501 -0.000
					]
				}
				normalIndex
				[
					0, 1, 0, -1,
					0, 1, 2, -1,
					0, 2, 0, -1,
					1, 3, 2, -1,
					2, 3, 4, -1,
					5, 6, 3, -1,
					3, 6, 7, -1,
					3, 7, 4, -1,
					4, 7, 4, -1,
					5, 5, 6, -1
				]
			}
		}
		Shape
		{
			appearance Appearance
			{
				material Material
				{
					diffuseColor 0.694 0.741 0.788
				}
			}
			geometry IndexedFaceSet
			{
				creaseAngle 0.5
				solid TRUE
				coord Coordinate
				{
					point
					[
						-2.783 -4.516 -7.100,
						-2.783 -4.516 -22.500,
						-3.256 -5.115 -7.100,
						-3.256 -5.115 -22.500
					]
				}
				coordIndex
				[
					0, 1, 2, -1,
					2, 1, 3, -1
				]
				normal Normal
				{
					vector
					[
						-0.784 0.620 0.000
					]
				}
				normalIndex
				[
					0, 0, 0, -1,
					0, 0, 0, -1
				]
			}
		}
		Shape
		{
			appearance Appearance
			{
				material Material
				{
					diffuseColor 0.694 0.741 0.788
				}
			}
			geometry IndexedFaceSet
			{
				creaseAngle 0.5
				solid TRUE
				coord Coordinate
				{
					point
					[
						-2.675 -0.500 -7.100,
						-2.675 -4.206 -7.100,
						-2.275 -0.500 -7.100,
						-2.275 -4.206 -7.100,
						-2.687 -4.317 -7.100,
						-2.297 -4.405 -7.100,
						-2.363 -4.594 -7.100,
						-2.724 -4.422 -7.100,
						-2.469 -4.764 -7.100,
						-2.783 -4.516 -7.100,
						-2.942 -5.363 -7.100,
						-3.256 -5.115 -7.100,
						-3.001 -5.457 -7.100,
						-3.362 -5.285 -7.100,
						-3.038 -5.562 -7.100,
						-3.428 -5.474 -7.100,
						-3.050 -5.673 -7.100,
						-3.450 -5.673 -7.100,
						-3.450 -6.659 -7.100,
						-3.050 -6.659 -7.100
					]
				}
				coordIndex
				[
					0, 1, 2, -1,
					2, 1, 3, -1,
					1, 4, 3, -1,
					3, 4, 5, -1,
					5, 4, 6, -1,
					6, 4, 7, -1,
					6, 7, 8, -1,
					8, 7, 9, -1,
					8, 9, 10, -1,
					10, 9, 11, -1,
					10, 11, 12, -1,
					12, 11, 13, -1,
					12, 13, 14, -1,
					14, 13, 15, -1,
					14, 15, 16, -1,
					16, 15, 17, -1,
					16, 17, 18, -1,
					18, 19, 16, -1
				]
				normal Normal
				{
					vector
					[
						-0.000 -0.000 1.000
					]
				}
				normalIndex
				[
					0, 0, 0, -1,
					0, 0, 0, -1,
					0, 0, 0, -1,
					0, 0, 0, -1,
					0, 0, 0, -1,
					0, 0, 0, -1,
					0, 0, 0, -1,
					0, 0, 0, -1,
					0, 0, 0, -1,
					0, 0, 0, -1,
					0, 0, 0, -1,
					0, 0, 0, -1,
					0, 0, 0, -1,
					0, 0, 0, -1,
					0, 0, 0, -1,
					0, 0, 0, -1,
					0, 0, 0, -1,
					0, 0, 0, -1
				]
			}
		}
		Shape
		{
			appearance Appearance
			{
				material Material
				{
					diffuseColor 0.694 0.741 0.788
				}
			}
			geometry IndexedFaceSet
			{
				creaseAngle 0.5
				solid TRUE
				coord Coordinate
				{
					point
					[
						-2.275 -3.518 -6.090,
						-2.275 -3.536 -6.039,
						-2.275 -4.730 -6.800,
						-2.275 -3.541 -5.986,
						-2.275 -4.730 -0.100,
						-2.275 -3.325 -1.091,
						-2.275 -3.317 -1.041,
						-2.275 -1.655 -6.200,
						-2.275 -1.708 -6.195,
						-2.275 -0.500 -6.800,
						-2.275 -3.292 -6.195,
						-2.275 -3.345 -6.200,
						-2.275 -3.398 -6.190,
						-2.275 1.602 -6.190,
						-2.275 1.554 -6.168,
						-2.275 -0.500 -7.100,
						-2.275 1.513 -6.133,
						-2.275 1.482 -6.090,
						-2.275 1.464 -6.039,
						-2.275 -4.206 -7.100,
						-2.275 -4.206 -8.900,
						-2.275 4.730 -8.900,
						-2.275 1.655 -6.200,
						-2.275 1.708 -6.195,
						-2.275 3.317 -1.041,
						-2.275 3.325 -1.091,
						-2.275 4.730 -0.100,
						-2.275 3.541 -5.986,
						-2.275 3.536 -6.039,
						-2.275 3.518 -6.090,
						-2.275 -1.875 -0.900,
						-2.275 -1.824 -0.906,
						-2.275 1.824 -0.906,
						-2.275 1.875 -0.900,
						-2.275 3.125 -0.900,
						-2.275 1.777 -0.925,
						-2.275 -1.777 -0.925,
						-2.275 1.736 -0.955,
						-2.275 -1.736 -0.955,
						-2.275 1.704 -0.995,
						-2.275 -1.704 -0.995,
						-2.275 1.683 -1.041,
						-2.275 -1.683 -1.041,
						-2.275 1.675 -1.091,
						-2.275 -1.675 -1.091,
						-2.275 1.459 -5.986,
						-2.275 -1.459 -5.986,
						-2.275 -1.464 -6.039,
						-2.275 -1.482 -6.090,
						-2.275 3.176 -0.906,
						-2.275 3.223 -0.925,
						-2.275 3.264 -0.955,
						-2.275 3.296 -0.995,
						-2.275 3.487 -6.133,
						-2.275 3.446 -6.168,
						-2.275 3.398 -6.190,
						-2.275 3.345 -6.200,
						-2.275 3.292 -6.195,
						-2.275 1.758 -6.177,
						-2.275 3.242 -6.177,
						-2.275 1.802 -6.146,
						-2.275 3.198 -6.146,
						-2.275 1.837 -6.105,
						-2.275 3.163 -6.105,
						-2.275 1.859 -6.057,
						-2.275 3.141 -6.057,
						-2.275 1.869 -6.004,
						-2.275 3.131 -6.004,
						-2.275 2.008 -2.850,
						-2.275 2.992 -2.850,
						-2.275 -2.008 -2.850,
						-2.275 -2.992 -2.850,
						-2.275 -1.869 -6.004,
						-2.275 -3.131 -6.004,
						-2.275 -1.859 -6.057,
						-2.275 -3.141 -6.057,
						-2.275 -1.837 -6.105,
						-2.275 -3.163 -6.105,
						-2.275 -1.802 -6.146,
						-2.275 -3.198 -6.146,
						-2.275 -1.758 -6.177,
						-2.275 -3.242 -6.177,
						-2.275 -3.446 -6.168,
						-2.275 -3.487 -6.133,
						-2.275 -3.296 -0.995,
						-2.275 -3.264 -0.955,
						-2.275 -3.223 -0.925,
						-2.275 -3.176 -0.906,
						-2.275 -3.125 -0.900,
						-2.275 -1.513 -6.133,
						-2.275 -1.554 -6.168,
						-2.275 -1.602 -6.190
					]
				}
				coordIndex
				[
					0, 1, 2, -1,
					2, 1, 3, -1,
					2, 3, 4, -1,
					4, 3, 5, -1,
					4, 5, 6, -1,
					7, 8, 9, -1,
					9, 8, 10, -1,
					9, 10, 2, -1,
					2, 10, 11, -1,
					2, 11, 12, -1,
					13, 14, 15, -1,
					15, 14, 16, -1,
					15, 16, 9, -1,
					9, 16, 17, -1,
					9, 17, 18, -1,
					19, 20, 15, -1,
					15, 20, 21, -1,
					15, 21, 22, -1,
					22, 21, 23, -1,
					24, 25, 26, -1,
					26, 25, 27, -1,
					26, 27, 21, -1,
					21, 27, 28, -1,
					21, 28, 29, -1,
					30, 31, 4, -1,
					4, 31, 32, -1,
					4, 32, 26, -1,
					26, 32, 33, -1,
					26, 33, 34, -1,
					32, 31, 35, -1,
					35, 31, 36, -1,
					35, 36, 37, -1,
					37, 36, 38, -1,
					37, 38, 39, -1,
					39, 38, 40, -1,
					39, 40, 41, -1,
					41, 40, 42, -1,
					41, 42, 43, -1,
					43, 42, 44, -1,
					43, 44, 45, -1,
					45, 44, 46, -1,
					45, 46, 9, -1,
					9, 46, 47, -1,
					9, 47, 48, -1,
					34, 49, 26, -1,
					26, 49, 50, -1,
					26, 50, 51, -1,
					51, 52, 26, -1,
					26, 52, 24, -1,
					29, 53, 21, -1,
					21, 53, 54, -1,
					21, 54, 55, -1,
					55, 56, 21, -1,
					21, 56, 57, -1,
					21, 57, 23, -1,
					23, 57, 58, -1,
					57, 59, 58, -1,
					58, 59, 60, -1,
					59, 61, 60, -1,
					60, 61, 62, -1,
					61, 63, 62, -1,
					62, 63, 64, -1,
					63, 65, 64, -1,
					64, 65, 66, -1,
					65, 67, 66, -1,
					66, 67, 68, -1,
					67, 69, 68, -1,
					22, 13, 15, -1,
					18, 45, 9, -1,
					70, 71, 72, -1,
					72, 71, 73, -1,
					72, 73, 74, -1,
					74, 73, 75, -1,
					74, 75, 76, -1,
					76, 75, 77, -1,
					76, 77, 78, -1,
					78, 77, 79, -1,
					78, 79, 80, -1,
					80, 79, 81, -1,
					80, 81, 8, -1,
					8, 81, 10, -1,
					12, 82, 2, -1,
					2, 82, 83, -1,
					2, 83, 0, -1,
					6, 84, 4, -1,
					4, 84, 85, -1,
					4, 85, 86, -1,
					86, 87, 4, -1,
					4, 87, 88, -1,
					4, 88, 30, -1,
					48, 89, 9, -1,
					9, 89, 90, -1,
					9, 90, 91, -1,
					91, 7, 9, -1
				]
				normal Normal
				{
					vector
					[
						1.000 0.000 0.000
					]
				}
				normalIndex
				[
					0, 0, 0, -1,
					0, 0, 0, -1,
					0, 0, 0, -1,
					0, 0, 0, -1,
					0, 0, 0, -1,
					0, 0, 0, -1,
					0, 0, 0, -1,
					0, 0, 0, -1,
					0, 0, 0, -1,
					0, 0, 0, -1,
					0, 0, 0, -1,
					0, 0, 0, -1,
					0, 0, 0, -1,
					0, 0, 0, -1,
					0, 0, 0, -1,
					0, 0, 0, -1,
					0, 0, 0, -1,
					0, 0, 0, -1,
					0, 0, 0, -1,
					0, 0, 0, -1,
					0, 0, 0, -1,
					0, 0, 0, -1,
					0, 0, 0, -1,
					0, 0, 0, -1,
					0, 0, 0, -1,
					0, 0, 0, -1,
					0, 0, 0, -1,
					0, 0, 0, -1,
					0, 0, 0, -1,
					0, 0, 0, -1,
					0, 0, 0, -1,
					0, 0, 0, -1,
					0, 0, 0, -1,
					0, 0, 0, -1,
					0, 0, 0, -1,
					0, 0, 0, -1,
					0, 0, 0, -1,
					0, 0, 0, -1,
					0, 0, 0, -1,
					0, 0, 0, -1,
					0, 0, 0, -1,
					0, 0, 0, -1,
					0, 0, 0, -1,
					0, 0, 0, -1,
					0, 0, 0, -1,
					0, 0, 0, -1,
					0, 0, 0, -1,
					0, 0, 0, -1,
					0, 0, 0, -1,
					0, 0, 0, -1,
					0, 0, 0, -1,
					0, 0, 0, -1,
					0, 0, 0, -1,
					0, 0, 0, -1,
					0, 0, 0, -1,
					0, 0, 0, -1,
					0, 0, 0, -1,
					0, 0, 0, -1,
					0, 0, 0, -1,
					0, 0, 0, -1,
					0, 0, 0, -1,
					0, 0, 0, -1,
					0, 0, 0, -1,
					0, 0, 0, -1,
					0, 0, 0, -1,
					0, 0, 0, -1,
					0, 0, 0, -1,
					0, 0, 0, -1,
					0, 0, 0, -1,
					0, 0, 0, -1,
					0, 0, 0, -1,
					0, 0, 0, -1,
					0, 0, 0, -1,
					0, 0, 0, -1,
					0, 0, 0, -1,
					0, 0, 0, -1,
					0, 0, 0, -1,
					0, 0, 0, -1,
					0, 0, 0, -1,
					0, 0, 0, -1,
					0, 0, 0, -1,
					0, 0, 0, -1,
					0, 0, 0, -1,
					0, 0, 0, -1,
					0, 0, 0, -1,
					0, 0, 0, -1,
					0, 0, 0, -1,
					0, 0, 0, -1,
					0, 0, 0, -1,
					0, 0, 0, -1,
					0, 0, 0, -1,
					0, 0, 0, -1,
					0, 0, 0, -1,
					0, 0, 0, -1
				]
			}
		}
		Shape
		{
			appearance Appearance
			{
				material Material
				{
					diffuseColor 0.694 0.741 0.788
				}
			}
			geometry IndexedFaceSet
			{
				creaseAngle 0.5
				solid TRUE
				coord Coordinate
				{
					point
					[
						-2.275 -4.730 -0.100,
						-2.275 4.730 -0.100,
						-2.375 -4.730 0.000,
						-2.375 4.730 0.000
					]
				}
				coordIndex
				[
					0, 1, 2, -1,
					2, 1, 3, -1
				]
				normal Normal
				{
					vector
					[
						0.707 0.000 0.707
					]
				}
				normalIndex
				[
					0, 0, 0, -1,
					0, 0, 0, -1
				]
			}
		}
		Shape
		{
			appearance Appearance
			{
				material Material
				{
					diffuseColor 0.694 0.741 0.788
				}
			}
			geometry IndexedFaceSet
			{
				creaseAngle 0.5
				solid TRUE
				coord Coordinate
				{
					point
					[
						2.008 -7.369 0.000,
						1.930 -7.080 0.000,
						1.775 -7.400 0.000,
						1.775 -7.100 0.000,
						-0.409 -7.400 0.000,
						-0.409 -7.100 0.000,
						-0.634 -7.371 0.000,
						-0.559 -7.081 0.000,
						-0.845 -7.287 0.000,
						-0.699 -7.025 0.000,
						-1.028 -7.153 0.000,
						-0.821 -6.935 0.000,
						-1.172 -6.977 0.000,
						-0.917 -6.818 0.000,
						-1.267 -6.771 0.000,
						-0.981 -6.681 0.000,
						-1.376 -6.426 0.000,
						-1.090 -6.335 0.000,
						-1.416 -6.329 0.000,
						-1.150 -6.191 0.000,
						-1.472 -6.241 0.000,
						-1.234 -6.058 0.000,
						-1.543 -6.164 0.000,
						-1.340 -5.943 0.000,
						-2.383 -5.393 0.000,
						-2.180 -5.172 0.000,
						-2.507 -5.254 0.000,
						-2.263 -5.079 0.000,
						-2.599 -5.092 0.000,
						-2.324 -4.972 0.000,
						-2.656 -4.915 0.000,
						-2.362 -4.853 0.000,
						-2.675 -4.730 0.000,
						-2.375 -4.730 0.000,
						-2.675 4.730 0.000,
						-2.375 4.730 0.000,
						-2.362 4.853 0.000,
						2.225 -7.279 0.000,
						2.075 -7.020 0.000,
						2.411 -7.136 0.000,
						2.199 -6.924 0.000,
						2.554 -6.950 0.000,
						2.295 -6.800 0.000,
						2.644 -6.733 0.000,
						2.355 -6.655 0.000,
						2.375 -6.500 0.000,
						2.675 -6.500 0.000,
						2.375 6.500 0.000,
						2.675 6.500 0.000,
						2.355 6.655 0.000,
						2.644 6.733 0.000,
						2.295 6.800 0.000,
						2.554 6.950 0.000,
						2.199 6.924 0.000,
						2.411 7.136 0.000,
						2.075 7.020 0.000,
						2.225 7.279 0.000,
						1.930 7.080 0.000,
						2.008 7.369 0.000,
						1.775 7.100 0.000,
						1.775 7.400 0.000,
						-0.409 7.400 0.000,
						-0.409 7.100 0.000,
						-0.634 7.371 0.000,
						-0.559 7.081 0.000,
						-0.845 7.287 0.000,
						-0.699 7.025 0.000,
						-1.028 7.153 0.000,
						-0.821 6.935 0.000,
						-1.172 6.977 0.000,
						-0.917 6.818 0.000,
						-1.267 6.771 0.000,
						-0.981 6.681 0.000,
						-1.376 6.426 0.000,
						-1.090 6.335 0.000,
						-1.416 6.329 0.000,
						-1.150 6.191 0.000,
						-1.472 6.241 0.000,
						-1.234 6.058 0.000,
						-1.543 6.164 0.000,
						-1.340 5.943 0.000,
						-2.383 5.393 0.000,
						-2.180 5.172 0.000,
						-2.507 5.254 0.000,
						-2.263 5.079 0.000,
						-2.599 5.092 0.000,
						-2.324 4.972 0.000,
						-2.656 4.915 0.000
					]
				}
				coordIndex
				[
					0, 1, 2, -1,
					2, 1, 3, -1,
					2, 3, 4, -1,
					4, 3, 5, -1,
					4, 5, 6, -1,
					6, 5, 7, -1,
					6, 7, 8, -1,
					8, 7, 9, -1,
					8, 9, 10, -1,
					10, 9, 11, -1,
					10, 11, 12, -1,
					12, 11, 13, -1,
					12, 13, 14, -1,
					14, 13, 15, -1,
					14, 15, 16, -1,
					16, 15, 17, -1,
					16, 17, 18, -1,
					18, 17, 19, -1,
					18, 19, 20, -1,
					20, 19, 21, -1,
					20, 21, 22, -1,
					22, 21, 23, -1,
					22, 23, 24, -1,
					24, 23, 25, -1,
					24, 25, 26, -1,
					26, 25, 27, -1,
					26, 27, 28, -1,
					28, 27, 29, -1,
					28, 29, 30, -1,
					30, 29, 31, -1,
					30, 31, 32, -1,
					32, 31, 33, -1,
					32, 33, 34, -1,
					34, 33, 35, -1,
					34, 35, 36, -1,
					0, 37, 1, -1,
					1, 37, 38, -1,
					37, 39, 38, -1,
					38, 39, 40, -1,
					39, 41, 40, -1,
					40, 41, 42, -1,
					41, 43, 42, -1,
					42, 43, 44, -1,
					44, 43, 45, -1,
					45, 43, 46, -1,
					45, 46, 47, -1,
					47, 46, 48, -1,
					47, 48, 49, -1,
					49, 48, 50, -1,
					49, 50, 51, -1,
					51, 50, 52, -1,
					51, 52, 53, -1,
					53, 52, 54, -1,
					53, 54, 55, -1,
					55, 54, 56, -1,
					55, 56, 57, -1,
					57, 56, 58, -1,
					57, 58, 59, -1,
					59, 58, 60, -1,
					59, 60, 61, -1,
					59, 61, 62, -1,
					62, 61, 63, -1,
					62, 63, 64, -1,
					64, 63, 65, -1,
					64, 65, 66, -1,
					66, 65, 67, -1,
					66, 67, 68, -1,
					68, 67, 69, -1,
					68, 69, 70, -1,
					70, 69, 71, -1,
					70, 71, 72, -1,
					72, 71, 73, -1,
					72, 73, 74, -1,
					74, 73, 75, -1,
					74, 75, 76, -1,
					76, 75, 77, -1,
					76, 77, 78, -1,
					78, 77, 79, -1,
					78, 79, 80, -1,
					80, 79, 81, -1,
					80, 81, 82, -1,
					82, 81, 83, -1,
					82, 83, 84, -1,
					84, 83, 85, -1,
					84, 85, 86, -1,
					86, 85, 87, -1,
					86, 87, 36, -1,
					36, 87, 34, -1
				]
				normal Normal
				{
					vector
					[
						0.000 0.000 1.000
					]
				}
				normalIndex
				[
					0, 0, 0, -1,
					0, 0, 0, -1,
					0, 0, 0, -1,
					0, 0, 0, -1,
					0, 0, 0, -1,
					0, 0, 0, -1,
					0, 0, 0, -1,
					0, 0, 0, -1,
					0, 0, 0, -1,
					0, 0, 0, -1,
					0, 0, 0, -1,
					0, 0, 0, -1,
					0, 0, 0, -1,
					0, 0, 0, -1,
					0, 0, 0, -1,
					0, 0, 0, -1,
					0, 0, 0, -1,
					0, 0, 0, -1,
					0, 0, 0, -1,
					0, 0, 0, -1,
					0, 0, 0, -1,
					0, 0, 0, -1,
					0, 0, 0, -1,
					0, 0, 0, -1,
					0, 0, 0, -1,
					0, 0, 0, -1,
					0, 0, 0, -1,
					0, 0, 0, -1,
					0, 0, 0, -1,
					0, 0, 0, -1,
					0, 0, 0, -1,
					0, 0, 0, -1,
					0, 0, 0, -1,
					0, 0, 0, -1,
					0, 0, 0, -1,
					0, 0, 0, -1,
					0, 0, 0, -1,
					0, 0, 0, -1,
					0, 0, 0, -1,
					0, 0, 0, -1,
					0, 0, 0, -1,
					0, 0, 0, -1,
					0, 0, 0, -1,
					0, 0, 0, -1,
					0, 0, 0, -1,
					0, 0, 0, -1,
					0, 0, 0, -1,
					0, 0, 0, -1,
					0, 0, 0, -1,
					0, 0, 0, -1,
					0, 0, 0, -1,
					0, 0, 0, -1,
					0, 0, 0, -1,
					0, 0, 0, -1,
					0, 0, 0, -1,
					0, 0, 0, -1,
					0, 0, 0, -1,
					0, 0, 0, -1,
					0, 0, 0, -1,
					0, 0, 0, -1,
					0, 0, 0, -1,
					0, 0, 0, -1,
					0, 0, 0, -1,
					0, 0, 0, -1,
					0, 0, 0, -1,
					0, 0, 0, -1,
					0, 0, 0, -1,
					0, 0, 0, -1,
					0, 0, 0, -1,
					0, 0, 0, -1,
					0, 0, 0, -1,
					0, 0, 0, -1,
					0, 0, 0, -1,
					0, 0, 0, -1,
					0, 0, 0, -1,
					0, 0, 0, -1,
					0, 0, 0, -1,
					0, 0, 0, -1,
					0, 0, 0, -1,
					0, 0, 0, -1,
					0, 0, 0, -1,
					0, 0, 0, -1,
					0, 0, 0, -1,
					0, 0, 0, -1,
					0, 0, 0, -1,
					0, 0, 0, -1,
					0, 0, 0, -1,
					0, 0, 0, -1
				]
			}
		}
		Shape
		{
			appearance Appearance
			{
				material Material
				{
					diffuseColor 0.694 0.741 0.788
				}
			}
			geometry IndexedFaceSet
			{
				creaseAngle 0.5
				solid TRUE
				coord Coordinate
				{
					point
					[
						-2.383 -5.393 -6.800,
						-2.383 -5.393 0.000,
						-2.411 -5.367 -6.800,
						-2.437 -5.340 -6.800,
						-2.507 -5.254 0.000,
						-2.462 -5.311 -6.800,
						-2.578 -5.136 -6.800,
						-2.599 -5.092 0.000,
						-2.650 -4.939 -6.800,
						-2.656 -4.915 0.000,
						-2.675 -4.730 -6.800,
						-2.675 -4.730 0.000
					]
				}
				coordIndex
				[
					0, 1, 2, -1,
					2, 1, 3, -1,
					1, 4, 3, -1,
					3, 4, 5, -1,
					5, 4, 6, -1,
					6, 4, 7, -1,
					6, 7, 8, -1,
					8, 7, 9, -1,
					8, 9, 10, -1,
					10, 9, 11, -1
				]
				normal Normal
				{
					vector
					[
						-0.676 -0.737 0.000,
						-0.706 -0.708 0.000,
						-0.736 -0.677 0.000,
						-0.813 -0.582 0.000,
						-0.764 -0.646 0.000,
						-0.893 -0.451 -0.000,
						-0.915 -0.403 0.000,
						-0.973 -0.232 0.000,
						-0.979 -0.206 -0.000,
						-1.000 0.000 0.000
					]
				}
				normalIndex
				[
					0, 0, 1, -1,
					1, 0, 2, -1,
					0, 3, 2, -1,
					2, 3, 4, -1,
					4, 3, 5, -1,
					5, 3, 6, -1,
					5, 6, 7, -1,
					7, 6, 8, -1,
					7, 8, 9, -1,
					9, 8, 9, -1
				]
			}
		}
		Shape
		{
			appearance Appearance
			{
				material Material
				{
					diffuseColor 0.694 0.741 0.788
				}
			}
			geometry IndexedFaceSet
			{
				creaseAngle 0.5
				solid TRUE
				coord Coordinate
				{
					point
					[
						-2.675 3.650 -9.000,
						-2.675 4.730 -16.370,
						-2.675 2.350 -9.000,
						-2.675 -2.350 -9.000,
						-2.675 -0.500 -7.100,
						-2.675 -2.350 -7.430,
						-2.675 -4.206 -7.100,
						-2.675 -3.650 -7.430,
						-2.675 -3.650 -9.000,
						-2.675 1.464 -6.039,
						-2.675 1.482 -6.090,
						-2.675 -0.500 -6.800,
						-2.675 1.513 -6.133,
						-2.675 1.554 -6.168,
						-2.675 2.350 -7.430,
						-2.675 1.602 -6.190,
						-2.675 1.655 -6.200,
						-2.675 -3.398 -6.190,
						-2.675 -3.345 -6.200,
						-2.675 -4.730 -6.800,
						-2.675 -3.292 -6.195,
						-2.675 -1.708 -6.195,
						-2.675 -1.655 -6.200,
						-2.675 -3.296 -0.995,
						-2.675 -3.317 -1.041,
						-2.675 -4.730 0.000,
						-2.675 -3.325 -1.091,
						-2.675 -3.541 -5.986,
						-2.675 -3.536 -6.039,
						-2.675 3.125 -0.900,
						-2.675 1.875 -0.900,
						-2.675 4.730 0.000,
						-2.675 1.824 -0.906,
						-2.675 -1.824 -0.906,
						-2.675 -1.875 -0.900,
						-2.675 3.650 -7.430,
						-2.675 3.541 -5.986,
						-2.675 3.325 -1.091,
						-2.675 -0.814 -21.914,
						-2.675 -1.228 -22.232,
						-2.675 -2.228 -22.500,
						-2.675 -4.206 -22.500,
						-2.675 -1.711 -22.432,
						-2.675 3.198 -6.146,
						-2.675 3.242 -6.177,
						-2.675 3.292 -6.195,
						-2.675 3.345 -6.200,
						-2.675 3.398 -6.190,
						-2.675 2.008 -2.850,
						-2.675 2.992 -2.850,
						-2.675 1.869 -6.004,
						-2.675 3.131 -6.004,
						-2.675 3.141 -6.057,
						-2.675 1.859 -6.057,
						-2.675 3.163 -6.105,
						-2.675 1.837 -6.105,
						-2.675 1.802 -6.146,
						-2.675 1.758 -6.177,
						-2.675 3.446 -6.168,
						-2.675 3.487 -6.133,
						-2.675 3.518 -6.090,
						-2.675 3.536 -6.039,
						-2.675 3.317 -1.041,
						-2.675 3.296 -0.995,
						-2.675 3.264 -0.955,
						-2.675 3.223 -0.925,
						-2.675 3.176 -0.906,
						-2.675 1.777 -0.925,
						-2.675 -1.777 -0.925,
						-2.675 1.736 -0.955,
						-2.675 -1.736 -0.955,
						-2.675 1.704 -0.995,
						-2.675 -1.704 -0.995,
						-2.675 1.683 -1.041,
						-2.675 -1.683 -1.041,
						-2.675 1.675 -1.091,
						-2.675 -1.675 -1.091,
						-2.675 1.459 -5.986,
						-2.675 -1.459 -5.986,
						-2.675 1.708 -6.195,
						-2.675 -3.125 -0.900,
						-2.675 -3.176 -0.906,
						-2.675 -3.223 -0.925,
						-2.675 -3.264 -0.955,
						-2.675 -3.518 -6.090,
						-2.675 -3.487 -6.133,
						-2.675 -3.446 -6.168,
						-2.675 -1.758 -6.177,
						-2.675 -3.242 -6.177,
						-2.675 -1.802 -6.146,
						-2.675 -3.198 -6.146,
						-2.675 -1.837 -6.105,
						-2.675 -3.163 -6.105,
						-2.675 -1.859 -6.057,
						-2.675 -3.141 -6.057,
						-2.675 -1.869 -6.004,
						-2.675 -3.131 -6.004,
						-2.675 -2.008 -2.850,
						-2.675 -2.992 -2.850,
						-2.675 -1.602 -6.190,
						-2.675 -1.554 -6.168,
						-2.675 -1.513 -6.133,
						-2.675 -1.482 -6.090,
						-2.675 -1.464 -6.039
					]
				}
				coordIndex
				[
					0, 1, 2, -1,
					2, 1, 3, -1,
					2, 3, 4, -1,
					4, 3, 5, -1,
					4, 5, 6, -1,
					6, 5, 7, -1,
					6, 7, 8, -1,
					9, 10, 11, -1,
					11, 10, 12, -1,
					11, 12, 4, -1,
					4, 12, 13, -1,
					4, 13, 14, -1,
					14, 13, 15, -1,
					14, 15, 16, -1,
					17, 18, 19, -1,
					19, 18, 20, -1,
					19, 20, 11, -1,
					11, 20, 21, -1,
					11, 21, 22, -1,
					23, 24, 25, -1,
					25, 24, 26, -1,
					25, 26, 19, -1,
					19, 26, 27, -1,
					19, 27, 28, -1,
					29, 30, 31, -1,
					31, 30, 32, -1,
					31, 32, 25, -1,
					25, 32, 33, -1,
					25, 33, 34, -1,
					1, 35, 31, -1,
					31, 35, 36, -1,
					31, 36, 37, -1,
					1, 38, 3, -1,
					3, 38, 8, -1,
					39, 40, 38, -1,
					38, 40, 41, -1,
					38, 41, 8, -1,
					8, 41, 6, -1,
					39, 42, 40, -1,
					0, 35, 1, -1,
					43, 44, 14, -1,
					14, 44, 45, -1,
					14, 45, 35, -1,
					35, 45, 46, -1,
					35, 46, 47, -1,
					14, 2, 4, -1,
					48, 49, 50, -1,
					50, 49, 51, -1,
					50, 51, 52, -1,
					50, 52, 53, -1,
					53, 52, 54, -1,
					53, 54, 55, -1,
					55, 54, 14, -1,
					55, 14, 56, -1,
					56, 14, 57, -1,
					54, 43, 14, -1,
					47, 58, 35, -1,
					35, 58, 59, -1,
					35, 59, 60, -1,
					60, 61, 35, -1,
					35, 61, 36, -1,
					37, 62, 31, -1,
					31, 62, 63, -1,
					31, 63, 64, -1,
					64, 65, 31, -1,
					31, 65, 66, -1,
					31, 66, 29, -1,
					32, 67, 33, -1,
					33, 67, 68, -1,
					67, 69, 68, -1,
					68, 69, 70, -1,
					69, 71, 70, -1,
					70, 71, 72, -1,
					71, 73, 72, -1,
					72, 73, 74, -1,
					73, 75, 74, -1,
					74, 75, 76, -1,
					75, 77, 76, -1,
					76, 77, 78, -1,
					78, 77, 11, -1,
					11, 77, 9, -1,
					16, 79, 14, -1,
					14, 79, 57, -1,
					34, 80, 25, -1,
					25, 80, 81, -1,
					25, 81, 82, -1,
					82, 83, 25, -1,
					25, 83, 23, -1,
					28, 84, 19, -1,
					19, 84, 85, -1,
					19, 85, 86, -1,
					86, 17, 19, -1,
					21, 20, 87, -1,
					87, 20, 88, -1,
					87, 88, 89, -1,
					89, 88, 90, -1,
					89, 90, 91, -1,
					91, 90, 92, -1,
					91, 92, 93, -1,
					93, 92, 94, -1,
					93, 94, 95, -1,
					95, 94, 96, -1,
					95, 96, 97, -1,
					97, 96, 98, -1,
					22, 99, 11, -1,
					11, 99, 100, -1,
					11, 100, 101, -1,
					101, 102, 11, -1,
					11, 102, 103, -1,
					11, 103, 78, -1
				]
				normal Normal
				{
					vector
					[
						-1.000 0.000 0.000
					]
				}
				normalIndex
				[
					0, 0, 0, -1,
					0, 0, 0, -1,
					0, 0, 0, -1,
					0, 0, 0, -1,
					0, 0, 0, -1,
					0, 0, 0, -1,
					0, 0, 0, -1,
					0, 0, 0, -1,
					0, 0, 0, -1,
					0, 0, 0, -1,
					0, 0, 0, -1,
					0, 0, 0, -1,
					0, 0, 0, -1,
					0, 0, 0, -1,
					0, 0, 0, -1,
					0, 0, 0, -1,
					0, 0, 0, -1,
					0, 0, 0, -1,
					0, 0, 0, -1,
					0, 0, 0, -1,
					0, 0, 0, -1,
					0, 0, 0, -1,
					0, 0, 0, -1,
					0, 0, 0, -1,
					0, 0, 0, -1,
					0, 0, 0, -1,
					0, 0, 0, -1,
					0, 0, 0, -1,
					0, 0, 0, -1,
					0, 0, 0, -1,
					0, 0, 0, -1,
					0, 0, 0, -1,
					0, 0, 0, -1,
					0, 0, 0, -1,
					0, 0, 0, -1,
					0, 0, 0, -1,
					0, 0, 0, -1,
					0, 0, 0, -1,
					0, 0, 0, -1,
					0, 0, 0, -1,
					0, 0, 0, -1,
					0, 0, 0, -1,
					0, 0, 0, -1,
					0, 0, 0, -1,
					0, 0, 0, -1,
					0, 0, 0, -1,
					0, 0, 0, -1,
					0, 0, 0, -1,
					0, 0, 0, -1,
					0, 0, 0, -1,
					0, 0, 0, -1,
					0, 0, 0, -1,
					0, 0, 0, -1,
					0, 0, 0, -1,
					0, 0, 0, -1,
					0, 0, 0, -1,
					0, 0, 0, -1,
					0, 0, 0, -1,
					0, 0, 0, -1,
					0, 0, 0, -1,
					0, 0, 0, -1,
					0, 0, 0, -1,
					0, 0, 0, -1,
					0, 0, 0, -1,
					0, 0, 0, -1,
					0, 0, 0, -1,
					0, 0, 0, -1,
					0, 0, 0, -1,
					0, 0, 0, -1,
					0, 0, 0, -1,
					0, 0, 0, -1,
					0, 0, 0, -1,
					0, 0, 0, -1,
					0, 0, 0, -1,
					0, 0, 0, -1,
					0, 0, 0, -1,
					0, 0, 0, -1,
					0, 0, 0, -1,
					0, 0, 0, -1,
					0, 0, 0, -1,
					0, 0, 0, -1,
					0, 0, 0, -1,
					0, 0, 0, -1,
					0, 0, 0, -1,
					0, 0, 0, -1,
					0, 0, 0, -1,
					0, 0, 0, -1,
					0, 0, 0, -1,
					0, 0, 0, -1,
					0, 0, 0, -1,
					0, 0, 0, -1,
					0, 0, 0, -1,
					0, 0, 0, -1,
					0, 0, 0, -1,
					0, 0, 0, -1,
					0, 0, 0, -1,
					0, 0, 0, -1,
					0, 0, 0, -1,
					0, 0, 0, -1,
					0, 0, 0, -1,
					0, 0, 0, -1,
					0, 0, 0, -1,
					0, 0, 0, -1,
					0, 0, 0, -1,
					0, 0, 0, -1,
					0, 0, 0, -1,
					0, 0, 0, -1,
					0, 0, 0, -1,
					0, 0, 0, -1,
					0, 0, 0, -1
				]
			}
		}
		Shape
		{
			appearance Appearance
			{
				material Material
				{
					diffuseColor 0.694 0.741 0.788
				}
			}
			geometry IndexedFaceSet
			{
				creaseAngle 0.5
				solid TRUE
				coord Coordinate
				{
					point
					[
						-2.675 3.650 -9.000,
						-2.675 2.350 -9.000,
						-3.075 3.650 -9.000,
						-3.075 2.350 -9.000
					]
				}
				coordIndex
				[
					0, 1, 2, -1,
					2, 1, 3, -1
				]
				normal Normal
				{
					vector
					[
						0.000 0.000 -1.000
					]
				}
				normalIndex
				[
					0, 0, 0, -1,
					0, 0, 0, -1
				]
			}
		}
		Shape
		{
			appearance Appearance
			{
				material Material
				{
					diffuseColor 0.694 0.741 0.788
				}
			}
			geometry IndexedFaceSet
			{
				creaseAngle 0.5
				solid TRUE
				coord Coordinate
				{
					point
					[
						-2.675 -2.350 -9.000,
						-2.675 -3.650 -9.000,
						-3.075 -2.350 -9.000,
						-3.075 -3.650 -9.000
					]
				}
				coordIndex
				[
					0, 1, 2, -1,
					2, 1, 3, -1
				]
				normal Normal
				{
					vector
					[
						0.000 0.000 -1.000
					]
				}
				normalIndex
				[
					0, 0, 0, -1,
					0, 0, 0, -1
				]
			}
		}
		Shape
		{
			appearance Appearance
			{
				material Material
				{
					diffuseColor 0.694 0.741 0.788
				}
			}
			geometry IndexedFaceSet
			{
				creaseAngle 0.5
				solid TRUE
				coord Coordinate
				{
					point
					[
						-3.075 3.650 -9.000,
						-3.075 3.650 -8.530,
						-2.675 3.650 -9.000,
						-2.675 3.650 -7.430
					]
				}
				coordIndex
				[
					0, 1, 2, -1,
					2, 1, 3, -1
				]
				normal Normal
				{
					vector
					[
						-0.000 1.000 -0.000
					]
				}
				normalIndex
				[
					0, 0, 0, -1,
					0, 0, 0, -1
				]
			}
		}
		Shape
		{
			appearance Appearance
			{
				material Material
				{
					diffuseColor 0.694 0.741 0.788
				}
			}
			geometry IndexedFaceSet
			{
				creaseAngle 0.5
				solid TRUE
				coord Coordinate
				{
					point
					[
						-3.075 3.650 -8.530,
						-3.075 2.350 -8.530,
						-2.675 3.650 -7.430,
						-2.675 2.350 -7.430
					]
				}
				coordIndex
				[
					0, 1, 2, -1,
					2, 1, 3, -1
				]
				normal Normal
				{
					vector
					[
						-0.940 0.000 0.342
					]
				}
				normalIndex
				[
					0, 0, 0, -1,
					0, 0, 0, -1
				]
			}
		}
		Shape
		{
			appearance Appearance
			{
				material Material
				{
					diffuseColor 0.694 0.741 0.788
				}
			}
			geometry IndexedFaceSet
			{
				creaseAngle 0.5
				solid TRUE
				coord Coordinate
				{
					point
					[
						-3.075 -2.350 -8.530,
						-3.075 -3.650 -8.530,
						-2.675 -2.350 -7.430,
						-2.675 -3.650 -7.430
					]
				}
				coordIndex
				[
					0, 1, 2, -1,
					2, 1, 3, -1
				]
				normal Normal
				{
					vector
					[
						-0.940 0.000 0.342
					]
				}
				normalIndex
				[
					0, 0, 0, -1,
					0, 0, 0, -1
				]
			}
		}
		Shape
		{
			appearance Appearance
			{
				material Material
				{
					diffuseColor 0.694 0.741 0.788
				}
			}
			geometry IndexedFaceSet
			{
				creaseAngle 0.5
				solid TRUE
				coord Coordinate
				{
					point
					[
						-2.675 2.350 -7.430,
						-3.075 2.350 -8.530,
						-2.675 2.350 -9.000,
						-3.075 2.350 -9.000
					]
				}
				coordIndex
				[
					0, 1, 2, -1,
					2, 1, 3, -1
				]
				normal Normal
				{
					vector
					[
						0.000 -1.000 -0.000
					]
				}
				normalIndex
				[
					0, 0, 0, -1,
					0, 0, 0, -1
				]
			}
		}
		Shape
		{
			appearance Appearance
			{
				material Material
				{
					diffuseColor 0.694 0.741 0.788
				}
			}
			geometry IndexedFaceSet
			{
				creaseAngle 0.5
				solid TRUE
				coord Coordinate
				{
					point
					[
						-3.075 2.350 -9.000,
						-3.075 2.350 -8.530,
						-3.075 3.650 -9.000,
						-3.075 3.650 -8.530
					]
				}
				coordIndex
				[
					0, 1, 2, -1,
					2, 1, 3, -1
				]
				normal Normal
				{
					vector
					[
						-1.000 0.000 0.000
					]
				}
				normalIndex
				[
					0, 0, 0, -1,
					0, 0, 0, -1
				]
			}
		}
		Shape
		{
			appearance Appearance
			{
				material Material
				{
					diffuseColor 0.694 0.741 0.788
				}
			}
			geometry IndexedFaceSet
			{
				creaseAngle 0.5
				solid TRUE
				coord Coordinate
				{
					point
					[
						-3.075 -3.650 -9.000,
						-3.075 -3.650 -8.530,
						-3.075 -2.350 -9.000,
						-3.075 -2.350 -8.530
					]
				}
				coordIndex
				[
					0, 1, 2, -1,
					2, 1, 3, -1
				]
				normal Normal
				{
					vector
					[
						-1.000 0.000 0.000
					]
				}
				normalIndex
				[
					0, 0, 0, -1,
					0, 0, 0, -1
				]
			}
		}
		Shape
		{
			appearance Appearance
			{
				material Material
				{
					diffuseColor 0.694 0.741 0.788
				}
			}
			geometry IndexedFaceSet
			{
				creaseAngle 0.5
				solid TRUE
				coord Coordinate
				{
					point
					[
						-3.075 -2.350 -9.000,
						-3.075 -2.350 -8.530,
						-2.675 -2.350 -9.000,
						-2.675 -2.350 -7.430
					]
				}
				coordIndex
				[
					0, 1, 2, -1,
					2, 1, 3, -1
				]
				normal Normal
				{
					vector
					[
						-0.000 1.000 -0.000
					]
				}
				normalIndex
				[
					0, 0, 0, -1,
					0, 0, 0, -1
				]
			}
		}
		Shape
		{
			appearance Appearance
			{
				material Material
				{
					diffuseColor 0.694 0.741 0.788
				}
			}
			geometry IndexedFaceSet
			{
				creaseAngle 0.5
				solid TRUE
				coord Coordinate
				{
					point
					[
						-2.675 -3.650 -7.430,
						-3.075 -3.650 -8.530,
						-2.675 -3.650 -9.000,
						-3.075 -3.650 -9.000
					]
				}
				coordIndex
				[
					0, 1, 2, -1,
					2, 1, 3, -1
				]
				normal Normal
				{
					vector
					[
						0.000 -1.000 -0.000
					]
				}
				normalIndex
				[
					0, 0, 0, -1,
					0, 0, 0, -1
				]
			}
		}
		Shape
		{
			appearance Appearance
			{
				material Material
				{
					diffuseColor 0.694 0.741 0.788
				}
			}
			geometry IndexedFaceSet
			{
				creaseAngle 0.5
				solid TRUE
				coord Coordinate
				{
					point
					[
						-2.675 -4.206 -22.500,
						-2.678 -4.259 -22.500,
						-2.675 -4.206 -7.100,
						-2.687 -4.317 -7.100,
						-2.686 -4.311 -22.500,
						-2.700 -4.362 -22.500,
						-2.724 -4.422 -7.100,
						-2.722 -4.417 -22.500,
						-2.749 -4.468 -22.500,
						-2.783 -4.516 -22.500,
						-2.783 -4.516 -7.100
					]
				}
				coordIndex
				[
					0, 1, 2, -1,
					2, 1, 3, -1,
					1, 4, 3, -1,
					3, 4, 5, -1,
					3, 5, 6, -1,
					6, 5, 7, -1,
					6, 7, 8, -1,
					9, 10, 8, -1,
					8, 10, 6, -1
				]
				normal Normal
				{
					vector
					[
						-1.000 -0.000 -0.000,
						-0.994 0.106 -0.000,
						-1.000 -0.000 0.000,
						-0.975 0.221 0.000,
						-0.978 0.210 0.000,
						-0.950 0.312 -0.000,
						-0.902 0.431 -0.000,
						-0.907 0.421 0.000,
						-0.852 0.524 -0.000,
						-0.784 0.620 -0.000
					]
				}
				normalIndex
				[
					0, 1, 2, -1,
					2, 1, 3, -1,
					1, 4, 3, -1,
					3, 4, 5, -1,
					3, 5, 6, -1,
					6, 5, 7, -1,
					6, 7, 8, -1,
					9, 9, 8, -1,
					8, 9, 6, -1
				]
			}
		}
		Shape
		{
			appearance Appearance
			{
				material Material
				{
					diffuseColor 0.694 0.741 0.788
				}
			}
			geometry IndexedFaceSet
			{
				creaseAngle 0.5
				solid TRUE
				coord Coordinate
				{
					point
					[
						2.675 -2.228 -22.500,
						2.700 -2.228 -22.500,
						2.675 -1.711 -22.432,
						2.700 -1.711 -22.432,
						2.675 -1.228 -22.232,
						2.700 -1.228 -22.232,
						2.675 -0.814 -21.914,
						2.700 -0.814 -21.914
					]
				}
				coordIndex
				[
					0, 1, 2, -1,
					2, 1, 3, -1,
					2, 3, 4, -1,
					4, 3, 5, -1,
					4, 5, 6, -1,
					6, 5, 7, -1
				]
				normal Normal
				{
					vector
					[
						-0.000 -0.000 1.000,
						-0.000 -0.259 0.966,
						-0.000 -0.500 0.866,
						-0.000 -0.707 0.707
					]
				}
				normalIndex
				[
					0, 0, 1, -1,
					1, 0, 1, -1,
					1, 1, 2, -1,
					2, 1, 2, -1,
					2, 2, 3, -1,
					3, 2, 3, -1
				]
			}
		}
		Shape
		{
			appearance Appearance
			{
				material Material
				{
					diffuseColor 0.694 0.741 0.788
				}
			}
			geometry IndexedFaceSet
			{
				creaseAngle 0.5
				solid TRUE
				coord Coordinate
				{
					point
					[
						-2.675 -0.814 -21.914,
						-2.700 -0.814 -21.914,
						-2.675 -1.228 -22.232,
						-2.700 -1.228 -22.232,
						-2.675 -1.711 -22.432,
						-2.700 -1.711 -22.432,
						-2.675 -2.228 -22.500,
						-2.700 -2.228 -22.500
					]
				}
				coordIndex
				[
					0, 1, 2, -1,
					2, 1, 3, -1,
					2, 3, 4, -1,
					4, 3, 5, -1,
					4, 5, 6, -1,
					6, 5, 7, -1
				]
				normal Normal
				{
					vector
					[
						-0.000 -0.707 0.707,
						-0.000 -0.500 0.866,
						-0.000 -0.259 0.966,
						-0.000 -0.000 1.000
					]
				}
				normalIndex
				[
					0, 0, 1, -1,
					1, 0, 1, -1,
					1, 1, 2, -1,
					2, 1, 2, -1,
					2, 2, 3, -1,
					3, 2, 3, -1
				]
			}
		}
		Shape
		{
			appearance Appearance
			{
				material Material
				{
					diffuseColor 0.694 0.741 0.788
				}
			}
			geometry IndexedFaceSet
			{
				creaseAngle 0.5
				solid TRUE
				coord Coordinate
				{
					point
					[
						2.675 -4.946 -6.217,
						2.675 -4.969 -6.176,
						2.675 -5.489 -6.800,
						2.675 -4.982 -6.130,
						2.675 -6.500 -6.800,
						2.675 -5.447 -3.088,
						2.675 -6.500 0.000,
						2.675 -5.448 -3.023,
						2.675 -5.433 -2.959,
						2.675 -3.873 -6.805,
						2.675 -3.246 -6.300,
						2.675 -3.913 -6.800,
						2.675 -4.784 -6.300,
						2.675 -4.831 -6.294,
						2.675 -4.875 -6.278,
						2.675 -3.836 -6.820,
						2.675 -3.803 -6.843,
						2.675 -3.777 -6.873,
						2.675 -3.759 -6.909,
						2.675 -3.751 -6.949,
						2.675 -3.199 -6.294,
						2.675 -3.752 -6.989,
						2.675 -2.350 -7.430,
						2.675 -3.650 -7.430,
						2.675 -3.763 -7.028,
						2.675 -3.784 -7.062,
						2.675 -3.812 -7.091,
						2.675 -3.846 -7.112,
						2.675 -3.885 -7.124,
						2.675 -4.206 -7.180,
						2.675 -3.650 -9.000,
						2.675 -4.206 -22.500,
						2.675 -0.814 -21.914,
						2.675 -2.228 -22.500,
						2.675 -1.228 -22.232,
						2.675 -1.711 -22.432,
						2.675 -2.350 -9.000,
						2.675 6.500 -14.600,
						2.675 2.350 -9.000,
						2.675 3.650 -9.000,
						2.675 5.433 -2.959,
						2.675 5.448 -3.023,
						2.675 6.500 0.000,
						2.675 5.447 -3.088,
						2.675 4.982 -6.130,
						2.675 4.969 -6.176,
						2.675 -1.002 -1.105,
						2.675 -0.956 -1.100,
						2.675 0.956 -1.100,
						2.675 1.002 -1.105,
						2.675 1.046 -1.121,
						2.675 2.350 -7.430,
						2.675 -1.536 -5.954,
						2.675 1.536 -5.954,
						2.675 -1.488 -5.910,
						2.675 1.488 -5.910,
						2.675 -1.453 -5.855,
						2.675 1.453 -5.855,
						2.675 -1.434 -5.793,
						2.675 1.434 -5.793,
						2.675 -1.130 -4.050,
						2.675 1.130 -4.050,
						2.675 -4.914 -6.252,
						2.675 -5.401 -2.902,
						2.675 -5.356 -2.855,
						2.675 -5.300 -2.821,
						2.675 -5.237 -2.803,
						2.675 -5.172 -2.802,
						2.675 -5.109 -2.817,
						2.675 -4.820 -3.878,
						2.675 -3.210 -3.878,
						2.675 -4.953 -3.012,
						2.675 -3.077 -3.012,
						2.675 -4.971 -2.950,
						2.675 -3.059 -2.950,
						2.675 -5.005 -2.894,
						2.675 -3.025 -2.894,
						2.675 -5.052 -2.849,
						2.675 -2.978 -2.849,
						2.675 -2.921 -2.817,
						2.675 -1.139 -1.221,
						2.675 -1.116 -1.181,
						2.675 -2.858 -2.802,
						2.675 -1.153 -1.266,
						2.675 -2.793 -2.803,
						2.675 -2.730 -2.821,
						2.675 -2.674 -2.855,
						2.675 -2.629 -2.902,
						2.675 -2.597 -2.959,
						2.675 -2.582 -3.023,
						2.675 -2.583 -3.088,
						2.675 -1.926 -5.707,
						2.675 -3.048 -6.130,
						2.675 -1.929 -5.772,
						2.675 -3.116 -6.252,
						2.675 -3.084 -6.217,
						2.675 -1.841 -5.942,
						2.675 -3.061 -6.176,
						2.675 -1.885 -5.894,
						2.675 -1.915 -5.836,
						2.675 -3.155 -6.278,
						2.675 3.210 -3.878,
						2.675 4.820 -3.878,
						2.675 3.077 -3.012,
						2.675 4.953 -3.012,
						2.675 3.059 -2.950,
						2.675 4.971 -2.950,
						2.675 3.025 -2.894,
						2.675 5.005 -2.894,
						2.675 2.978 -2.849,
						2.675 5.052 -2.849,
						2.675 2.921 -2.817,
						2.675 5.109 -2.817,
						2.675 5.172 -2.802,
						2.675 5.237 -2.803,
						2.675 5.300 -2.821,
						2.675 5.356 -2.855,
						2.675 5.401 -2.902,
						2.675 4.946 -6.217,
						2.675 4.914 -6.252,
						2.675 4.875 -6.278,
						2.675 4.831 -6.294,
						2.675 3.650 -7.430,
						2.675 4.784 -6.300,
						2.675 3.246 -6.300,
						2.675 3.199 -6.294,
						2.675 3.155 -6.278,
						2.675 3.116 -6.252,
						2.675 3.084 -6.217,
						2.675 1.841 -5.942,
						2.675 3.061 -6.176,
						2.675 1.885 -5.894,
						2.675 3.048 -6.130,
						2.675 1.915 -5.836,
						2.675 1.929 -5.772,
						2.675 1.926 -5.707,
						2.675 2.583 -3.088,
						2.675 1.153 -1.266,
						2.675 2.582 -3.023,
						2.675 2.597 -2.959,
						2.675 2.629 -2.902,
						2.675 2.674 -2.855,
						2.675 2.730 -2.821,
						2.675 2.793 -2.803,
						2.675 2.858 -2.802,
						2.675 1.139 -1.221,
						2.675 -1.594 -5.985,
						2.675 -1.658 -5.999,
						2.675 -1.723 -5.996,
						2.675 -1.785 -5.977,
						2.675 -1.084 -1.147,
						2.675 -1.046 -1.121,
						2.675 1.084 -1.147,
						2.675 1.116 -1.181,
						2.675 1.785 -5.977,
						2.675 1.723 -5.996,
						2.675 1.658 -5.999,
						2.675 1.594 -5.985
					]
				}
				coordIndex
				[
					0, 1, 2, -1,
					2, 1, 3, -1,
					2, 3, 4, -1,
					4, 3, 5, -1,
					4, 5, 6, -1,
					6, 5, 7, -1,
					6, 7, 8, -1,
					9, 10, 11, -1,
					11, 10, 12, -1,
					11, 12, 2, -1,
					2, 12, 13, -1,
					2, 13, 14, -1,
					9, 15, 10, -1,
					10, 15, 16, -1,
					10, 16, 17, -1,
					17, 18, 10, -1,
					10, 18, 19, -1,
					10, 19, 20, -1,
					20, 19, 21, -1,
					20, 21, 22, -1,
					22, 21, 23, -1,
					21, 24, 23, -1,
					23, 24, 25, -1,
					23, 25, 26, -1,
					26, 27, 23, -1,
					23, 27, 28, -1,
					23, 28, 29, -1,
					23, 29, 30, -1,
					30, 29, 31, -1,
					30, 31, 32, -1,
					32, 31, 33, -1,
					32, 33, 34, -1,
					34, 33, 35, -1,
					30, 32, 36, -1,
					36, 32, 37, -1,
					36, 37, 38, -1,
					38, 37, 39, -1,
					40, 41, 42, -1,
					42, 41, 43, -1,
					42, 43, 37, -1,
					37, 43, 44, -1,
					37, 44, 45, -1,
					46, 47, 6, -1,
					6, 47, 48, -1,
					6, 48, 42, -1,
					42, 48, 49, -1,
					42, 49, 50, -1,
					36, 38, 22, -1,
					22, 38, 51, -1,
					22, 51, 52, -1,
					52, 51, 53, -1,
					52, 53, 54, -1,
					54, 53, 55, -1,
					54, 55, 56, -1,
					56, 55, 57, -1,
					56, 57, 58, -1,
					58, 57, 59, -1,
					58, 59, 60, -1,
					60, 59, 61, -1,
					14, 62, 2, -1,
					2, 62, 0, -1,
					8, 63, 6, -1,
					6, 63, 64, -1,
					6, 64, 65, -1,
					65, 66, 6, -1,
					6, 66, 67, -1,
					6, 67, 68, -1,
					69, 70, 71, -1,
					71, 70, 72, -1,
					71, 72, 73, -1,
					73, 72, 74, -1,
					73, 74, 75, -1,
					75, 74, 76, -1,
					75, 76, 77, -1,
					77, 76, 78, -1,
					77, 78, 68, -1,
					68, 78, 79, -1,
					68, 79, 6, -1,
					6, 79, 80, -1,
					6, 80, 81, -1,
					79, 82, 80, -1,
					80, 82, 83, -1,
					82, 84, 83, -1,
					83, 84, 85, -1,
					83, 85, 86, -1,
					86, 87, 83, -1,
					83, 87, 88, -1,
					83, 88, 89, -1,
					89, 90, 83, -1,
					83, 90, 91, -1,
					90, 92, 91, -1,
					91, 92, 93, -1,
					94, 22, 95, -1,
					95, 22, 96, -1,
					95, 96, 97, -1,
					97, 96, 98, -1,
					97, 98, 92, -1,
					92, 98, 99, -1,
					92, 99, 93, -1,
					94, 100, 22, -1,
					22, 100, 20, -1,
					101, 102, 103, -1,
					103, 102, 104, -1,
					103, 104, 105, -1,
					105, 104, 106, -1,
					105, 106, 107, -1,
					107, 106, 108, -1,
					107, 108, 109, -1,
					109, 108, 110, -1,
					109, 110, 111, -1,
					111, 110, 112, -1,
					111, 112, 42, -1,
					42, 112, 113, -1,
					42, 113, 114, -1,
					114, 115, 42, -1,
					42, 115, 116, -1,
					42, 116, 117, -1,
					117, 40, 42, -1,
					45, 118, 37, -1,
					37, 118, 39, -1,
					118, 119, 39, -1,
					39, 119, 120, -1,
					39, 120, 121, -1,
					39, 121, 122, -1,
					122, 121, 123, -1,
					122, 123, 124, -1,
					124, 125, 122, -1,
					122, 125, 51, -1,
					125, 126, 51, -1,
					51, 126, 127, -1,
					51, 127, 128, -1,
					51, 128, 129, -1,
					129, 128, 130, -1,
					129, 130, 131, -1,
					131, 130, 132, -1,
					131, 132, 133, -1,
					133, 132, 134, -1,
					134, 132, 135, -1,
					135, 132, 136, -1,
					135, 136, 137, -1,
					137, 136, 138, -1,
					137, 138, 139, -1,
					139, 140, 137, -1,
					137, 140, 141, -1,
					137, 141, 142, -1,
					142, 143, 137, -1,
					137, 143, 144, -1,
					137, 144, 145, -1,
					145, 144, 111, -1,
					145, 111, 42, -1,
					52, 146, 22, -1,
					22, 146, 147, -1,
					22, 147, 148, -1,
					148, 149, 22, -1,
					22, 149, 96, -1,
					81, 150, 6, -1,
					6, 150, 151, -1,
					6, 151, 46, -1,
					50, 152, 42, -1,
					42, 152, 153, -1,
					42, 153, 145, -1,
					129, 154, 51, -1,
					51, 154, 155, -1,
					51, 155, 156, -1,
					156, 157, 51, -1,
					51, 157, 53, -1
				]
				normal Normal
				{
					vector
					[
						1.000 0.000 0.000
					]
				}
				normalIndex
				[
					0, 0, 0, -1,
					0, 0, 0, -1,
					0, 0, 0, -1,
					0, 0, 0, -1,
					0, 0, 0, -1,
					0, 0, 0, -1,
					0, 0, 0, -1,
					0, 0, 0, -1,
					0, 0, 0, -1,
					0, 0, 0, -1,
					0, 0, 0, -1,
					0, 0, 0, -1,
					0, 0, 0, -1,
					0, 0, 0, -1,
					0, 0, 0, -1,
					0, 0, 0, -1,
					0, 0, 0, -1,
					0, 0, 0, -1,
					0, 0, 0, -1,
					0, 0, 0, -1,
					0, 0, 0, -1,
					0, 0, 0, -1,
					0, 0, 0, -1,
					0, 0, 0, -1,
					0, 0, 0, -1,
					0, 0, 0, -1,
					0, 0, 0, -1,
					0, 0, 0, -1,
					0, 0, 0, -1,
					0, 0, 0, -1,
					0, 0, 0, -1,
					0, 0, 0, -1,
					0, 0, 0, -1,
					0, 0, 0, -1,
					0, 0, 0, -1,
					0, 0, 0, -1,
					0, 0, 0, -1,
					0, 0, 0, -1,
					0, 0, 0, -1,
					0, 0, 0, -1,
					0, 0, 0, -1,
					0, 0, 0, -1,
					0, 0, 0, -1,
					0, 0, 0, -1,
					0, 0, 0, -1,
					0, 0, 0, -1,
					0, 0, 0, -1,
					0, 0, 0, -1,
					0, 0, 0, -1,
					0, 0, 0, -1,
					0, 0, 0, -1,
					0, 0, 0, -1,
					0, 0, 0, -1,
					0, 0, 0, -1,
					0, 0, 0, -1,
					0, 0, 0, -1,
					0, 0, 0, -1,
					0, 0, 0, -1,
					0, 0, 0, -1,
					0, 0, 0, -1,
					0, 0, 0, -1,
					0, 0, 0, -1,
					0, 0, 0, -1,
					0, 0, 0, -1,
					0, 0, 0, -1,
					0, 0, 0, -1,
					0, 0, 0, -1,
					0, 0, 0, -1,
					0, 0, 0, -1,
					0, 0, 0, -1,
					0, 0, 0, -1,
					0, 0, 0, -1,
					0, 0, 0, -1,
					0, 0, 0, -1,
					0, 0, 0, -1,
					0, 0, 0, -1,
					0, 0, 0, -1,
					0, 0, 0, -1,
					0, 0, 0, -1,
					0, 0, 0, -1,
					0, 0, 0, -1,
					0, 0, 0, -1,
					0, 0, 0, -1,
					0, 0, 0, -1,
					0, 0, 0, -1,
					0, 0, 0, -1,
					0, 0, 0, -1,
					0, 0, 0, -1,
					0, 0, 0, -1,
					0, 0, 0, -1,
					0, 0, 0, -1,
					0, 0, 0, -1,
					0, 0, 0, -1,
					0, 0, 0, -1,
					0, 0, 0, -1,
					0, 0, 0, -1,
					0, 0, 0, -1,
					0, 0, 0, -1,
					0, 0, 0, -1,
					0, 0, 0, -1,
					0, 0, 0, -1,
					0, 0, 0, -1,
					0, 0, 0, -1,
					0, 0, 0, -1,
					0, 0, 0, -1,
					0, 0, 0, -1,
					0, 0, 0, -1,
					0, 0, 0, -1,
					0, 0, 0, -1,
					0, 0, 0, -1,
					0, 0, 0, -1,
					0, 0, 0, -1,
					0, 0, 0, -1,
					0, 0, 0, -1,
					0, 0, 0, -1,
					0, 0, 0, -1,
					0, 0, 0, -1,
					0, 0, 0, -1,
					0, 0, 0, -1,
					0, 0, 0, -1,
					0, 0, 0, -1,
					0, 0, 0, -1,
					0, 0, 0, -1,
					0, 0, 0, -1,
					0, 0, 0, -1,
					0, 0, 0, -1,
					0, 0, 0, -1,
					0, 0, 0, -1,
					0, 0, 0, -1,
					0, 0, 0, -1,
					0, 0, 0, -1,
					0, 0, 0, -1,
					0, 0, 0, -1,
					0, 0, 0, -1,
					0, 0, 0, -1,
					0, 0, 0, -1,
					0, 0, 0, -1,
					0, 0, 0, -1,
					0, 0, 0, -1,
					0, 0, 0, -1,
					0, 0, 0, -1,
					0, 0, 0, -1,
					0, 0, 0, -1,
					0, 0, 0, -1,
					0, 0, 0, -1,
					0, 0, 0, -1,
					0, 0, 0, -1,
					0, 0, 0, -1,
					0, 0, 0, -1,
					0, 0, 0, -1,
					0, 0, 0, -1,
					0, 0, 0, -1,
					0, 0, 0, -1,
					0, 0, 0, -1,
					0, 0, 0, -1,
					0, 0, 0, -1,
					0, 0, 0, -1,
					0, 0, 0, -1,
					0, 0, 0, -1,
					0, 0, 0, -1,
					0, 0, 0, -1,
					0, 0, 0, -1,
					0, 0, 0, -1,
					0, 0, 0, -1,
					0, 0, 0, -1,
					0, 0, 0, -1
				]
			}
		}
		Shape
		{
			appearance Appearance
			{
				material Material
				{
					diffuseColor 0.694 0.741 0.788
				}
			}
			geometry IndexedFaceSet
			{
				creaseAngle 0.5
				solid TRUE
				coord Coordinate
				{
					point
					[
						2.675 3.650 -7.430,
						2.675 2.350 -7.430,
						3.075 3.650 -8.530,
						3.075 2.350 -8.530
					]
				}
				coordIndex
				[
					0, 1, 2, -1,
					2, 1, 3, -1
				]
				normal Normal
				{
					vector
					[
						0.940 0.000 0.342
					]
				}
				normalIndex
				[
					0, 0, 0, -1,
					0, 0, 0, -1
				]
			}
		}
		Shape
		{
			appearance Appearance
			{
				material Material
				{
					diffuseColor 0.694 0.741 0.788
				}
			}
			geometry IndexedFaceSet
			{
				creaseAngle 0.5
				solid TRUE
				coord Coordinate
				{
					point
					[
						2.675 -2.350 -7.430,
						2.675 -3.650 -7.430,
						3.075 -2.350 -8.530,
						3.075 -3.650 -8.530
					]
				}
				coordIndex
				[
					0, 1, 2, -1,
					2, 1, 3, -1
				]
				normal Normal
				{
					vector
					[
						0.940 0.000 0.342
					]
				}
				normalIndex
				[
					0, 0, 0, -1,
					0, 0, 0, -1
				]
			}
		}
		Shape
		{
			appearance Appearance
			{
				material Material
				{
					diffuseColor 0.694 0.741 0.788
				}
			}
			geometry IndexedFaceSet
			{
				creaseAngle 0.5
				solid TRUE
				coord Coordinate
				{
					point
					[
						3.075 3.650 -9.000,
						2.675 3.650 -9.000,
						3.075 3.650 -8.530,
						2.675 3.650 -7.430
					]
				}
				coordIndex
				[
					0, 1, 2, -1,
					2, 1, 3, -1
				]
				normal Normal
				{
					vector
					[
						-0.000 1.000 -0.000
					]
				}
				normalIndex
				[
					0, 0, 0, -1,
					0, 0, 0, -1
				]
			}
		}
		Shape
		{
			appearance Appearance
			{
				material Material
				{
					diffuseColor 0.694 0.741 0.788
				}
			}
			geometry IndexedFaceSet
			{
				creaseAngle 0.5
				solid TRUE
				coord Coordinate
				{
					point
					[
						3.075 3.650 -9.000,
						3.075 2.350 -9.000,
						2.675 3.650 -9.000,
						2.675 2.350 -9.000
					]
				}
				coordIndex
				[
					0, 1, 2, -1,
					2, 1, 3, -1
				]
				normal Normal
				{
					vector
					[
						0.000 0.000 -1.000
					]
				}
				normalIndex
				[
					0, 0, 0, -1,
					0, 0, 0, -1
				]
			}
		}
		Shape
		{
			appearance Appearance
			{
				material Material
				{
					diffuseColor 0.694 0.741 0.788
				}
			}
			geometry IndexedFaceSet
			{
				creaseAngle 0.5
				solid TRUE
				coord Coordinate
				{
					point
					[
						3.075 -2.350 -9.000,
						3.075 -3.650 -9.000,
						2.675 -2.350 -9.000,
						2.675 -3.650 -9.000
					]
				}
				coordIndex
				[
					0, 1, 2, -1,
					2, 1, 3, -1
				]
				normal Normal
				{
					vector
					[
						0.000 0.000 -1.000
					]
				}
				normalIndex
				[
					0, 0, 0, -1,
					0, 0, 0, -1
				]
			}
		}
		Shape
		{
			appearance Appearance
			{
				material Material
				{
					diffuseColor 0.694 0.741 0.788
				}
			}
			geometry IndexedFaceSet
			{
				creaseAngle 0.5
				solid TRUE
				coord Coordinate
				{
					point
					[
						2.675 2.350 -7.430,
						2.675 2.350 -9.000,
						3.075 2.350 -8.530,
						3.075 2.350 -9.000
					]
				}
				coordIndex
				[
					0, 1, 2, -1,
					2, 1, 3, -1
				]
				normal Normal
				{
					vector
					[
						0.000 -1.000 -0.000
					]
				}
				normalIndex
				[
					0, 0, 0, -1,
					0, 0, 0, -1
				]
			}
		}
		Shape
		{
			appearance Appearance
			{
				material Material
				{
					diffuseColor 0.694 0.741 0.788
				}
			}
			geometry IndexedFaceSet
			{
				creaseAngle 0.5
				solid TRUE
				coord Coordinate
				{
					point
					[
						3.075 3.650 -8.530,
						3.075 2.350 -8.530,
						3.075 3.650 -9.000,
						3.075 2.350 -9.000
					]
				}
				coordIndex
				[
					0, 1, 2, -1,
					2, 1, 3, -1
				]
				normal Normal
				{
					vector
					[
						1.000 0.000 0.000
					]
				}
				normalIndex
				[
					0, 0, 0, -1,
					0, 0, 0, -1
				]
			}
		}
		Shape
		{
			appearance Appearance
			{
				material Material
				{
					diffuseColor 0.694 0.741 0.788
				}
			}
			geometry IndexedFaceSet
			{
				creaseAngle 0.5
				solid TRUE
				coord Coordinate
				{
					point
					[
						3.075 -2.350 -8.530,
						3.075 -3.650 -8.530,
						3.075 -2.350 -9.000,
						3.075 -3.650 -9.000
					]
				}
				coordIndex
				[
					0, 1, 2, -1,
					2, 1, 3, -1
				]
				normal Normal
				{
					vector
					[
						1.000 0.000 0.000
					]
				}
				normalIndex
				[
					0, 0, 0, -1,
					0, 0, 0, -1
				]
			}
		}
		Shape
		{
			appearance Appearance
			{
				material Material
				{
					diffuseColor 0.694 0.741 0.788
				}
			}
			geometry IndexedFaceSet
			{
				creaseAngle 0.5
				solid TRUE
				coord Coordinate
				{
					point
					[
						3.075 -2.350 -9.000,
						2.675 -2.350 -9.000,
						3.075 -2.350 -8.530,
						2.675 -2.350 -7.430
					]
				}
				coordIndex
				[
					0, 1, 2, -1,
					2, 1, 3, -1
				]
				normal Normal
				{
					vector
					[
						-0.000 1.000 -0.000
					]
				}
				normalIndex
				[
					0, 0, 0, -1,
					0, 0, 0, -1
				]
			}
		}
		Shape
		{
			appearance Appearance
			{
				material Material
				{
					diffuseColor 0.694 0.741 0.788
				}
			}
			geometry IndexedFaceSet
			{
				creaseAngle 0.5
				solid TRUE
				coord Coordinate
				{
					point
					[
						2.675 -3.650 -7.430,
						2.675 -3.650 -9.000,
						3.075 -3.650 -8.530,
						3.075 -3.650 -9.000
					]
				}
				coordIndex
				[
					0, 1, 2, -1,
					2, 1, 3, -1
				]
				normal Normal
				{
					vector
					[
						0.000 -1.000 -0.000
					]
				}
				normalIndex
				[
					0, 0, 0, -1,
					0, 0, 0, -1
				]
			}
		}
		Shape
		{
			appearance Appearance
			{
				material Material
				{
					diffuseColor 0.694 0.741 0.788
				}
			}
			geometry IndexedFaceSet
			{
				creaseAngle 0.5
				solid TRUE
				coord Coordinate
				{
					point
					[
						2.675 -4.784 -6.300,
						2.675 -3.246 -6.300,
						2.275 -4.784 -6.300,
						2.275 -3.246 -6.300
					]
				}
				coordIndex
				[
					0, 1, 2, -1,
					2, 1, 3, -1
				]
				normal Normal
				{
					vector
					[
						-0.000 -0.000 1.000
					]
				}
				normalIndex
				[
					0, 0, 0, -1,
					0, 0, 0, -1
				]
			}
		}
		Shape
		{
			appearance Appearance
			{
				material Material
				{
					diffuseColor 0.694 0.741 0.788
				}
			}
			geometry IndexedFaceSet
			{
				creaseAngle 0.5
				solid TRUE
				coord Coordinate
				{
					point
					[
						2.675 -4.784 -6.300,
						2.275 -4.784 -6.300,
						2.675 -4.831 -6.294,
						2.275 -4.831 -6.294,
						2.275 -4.875 -6.278,
						2.275 -4.946 -6.217,
						2.675 -4.946 -6.217,
						2.275 -4.914 -6.252,
						2.675 -4.914 -6.252,
						2.675 -4.875 -6.278,
						2.275 -4.969 -6.176,
						2.675 -4.969 -6.176,
						2.275 -4.982 -6.130,
						2.675 -4.982 -6.130
					]
				}
				coordIndex
				[
					0, 1, 2, -1,
					2, 1, 3, -1,
					2, 3, 4, -1,
					5, 6, 7, -1,
					7, 6, 8, -1,
					7, 8, 4, -1,
					4, 8, 9, -1,
					4, 9, 2, -1,
					5, 10, 6, -1,
					6, 10, 11, -1,
					12, 13, 10, -1,
					10, 13, 11, -1
				]
				normal Normal
				{
					vector
					[
						-0.000 -0.000 1.000,
						-0.000 0.234 0.972,
						-0.000 0.456 0.890,
						-0.000 0.811 0.585,
						-0.000 0.651 0.759,
						-0.000 0.926 0.379,
						-0.000 0.989 0.151
					]
				}
				normalIndex
				[
					0, 0, 1, -1,
					1, 0, 1, -1,
					1, 1, 2, -1,
					3, 3, 4, -1,
					4, 3, 4, -1,
					4, 4, 2, -1,
					2, 4, 2, -1,
					2, 2, 1, -1,
					3, 5, 3, -1,
					3, 5, 5, -1,
					6, 6, 5, -1,
					5, 6, 5, -1
				]
			}
		}
		Shape
		{
			appearance Appearance
			{
				material Material
				{
					diffuseColor 0.694 0.741 0.788
				}
			}
			geometry IndexedFaceSet
			{
				creaseAngle 0.5
				solid TRUE
				coord Coordinate
				{
					point
					[
						2.675 -5.447 -3.088,
						2.675 -4.982 -6.130,
						2.275 -5.447 -3.088,
						2.275 -4.982 -6.130
					]
				}
				coordIndex
				[
					0, 1, 2, -1,
					2, 1, 3, -1
				]
				normal Normal
				{
					vector
					[
						-0.000 0.989 0.151
					]
				}
				normalIndex
				[
					0, 0, 0, -1,
					0, 0, 0, -1
				]
			}
		}
		Shape
		{
			appearance Appearance
			{
				material Material
				{
					diffuseColor 0.694 0.741 0.788
				}
			}
			geometry IndexedFaceSet
			{
				creaseAngle 0.5
				solid TRUE
				coord Coordinate
				{
					point
					[
						2.275 -5.447 -3.088,
						2.275 -5.448 -3.023,
						2.675 -5.447 -3.088,
						2.675 -5.448 -3.023,
						2.675 -5.433 -2.959,
						2.275 -5.433 -2.959,
						2.275 -5.401 -2.902,
						2.675 -5.401 -2.902,
						2.275 -5.356 -2.855,
						2.675 -5.356 -2.855,
						2.275 -5.300 -2.821,
						2.675 -5.300 -2.821,
						2.675 -5.237 -2.803,
						2.275 -5.237 -2.803,
						2.275 -5.172 -2.802,
						2.675 -5.172 -2.802,
						2.275 -5.109 -2.817,
						2.675 -5.109 -2.817,
						2.675 -5.052 -2.849,
						2.275 -5.052 -2.849,
						2.275 -5.005 -2.894,
						2.675 -5.005 -2.894,
						2.275 -4.971 -2.950,
						2.675 -4.971 -2.950,
						2.675 -4.953 -3.012,
						2.275 -4.953 -3.012
					]
				}
				coordIndex
				[
					0, 1, 2, -1,
					2, 1, 3, -1,
					3, 1, 4, -1,
					4, 1, 5, -1,
					4, 5, 6, -1,
					4, 6, 7, -1,
					7, 6, 8, -1,
					7, 8, 9, -1,
					9, 8, 10, -1,
					9, 10, 11, -1,
					11, 10, 12, -1,
					10, 13, 12, -1,
					12, 13, 14, -1,
					12, 14, 15, -1,
					15, 14, 16, -1,
					15, 16, 17, -1,
					17, 16, 18, -1,
					16, 19, 18, -1,
					18, 19, 20, -1,
					18, 20, 21, -1,
					21, 20, 22, -1,
					21, 22, 23, -1,
					23, 22, 24, -1,
					22, 25, 24, -1
				]
				normal Normal
				{
					vector
					[
						-0.000 0.989 0.151,
						-0.000 0.994 -0.110,
						-0.000 0.932 -0.363,
						-0.000 0.806 -0.592,
						-0.000 0.625 -0.780,
						-0.000 0.402 -0.916,
						-0.000 0.151 -0.989,
						-0.000 -0.110 -0.994,
						-0.000 -0.363 -0.932,
						-0.000 -0.592 -0.806,
						-0.000 -0.780 -0.625,
						-0.000 -0.916 -0.402,
						-0.000 -0.989 -0.151
					]
				}
				normalIndex
				[
					0, 1, 0, -1,
					0, 1, 1, -1,
					1, 1, 2, -1,
					2, 1, 2, -1,
					2, 2, 3, -1,
					2, 3, 3, -1,
					3, 3, 4, -1,
					3, 4, 4, -1,
					4, 4, 5, -1,
					4, 5, 5, -1,
					5, 5, 6, -1,
					5, 6, 6, -1,
					6, 6, 7, -1,
					6, 7, 7, -1,
					7, 7, 8, -1,
					7, 8, 8, -1,
					8, 8, 9, -1,
					8, 9, 9, -1,
					9, 9, 10, -1,
					9, 10, 10, -1,
					10, 10, 11, -1,
					10, 11, 11, -1,
					11, 11, 12, -1,
					11, 12, 12, -1
				]
			}
		}
		Shape
		{
			appearance Appearance
			{
				material Material
				{
					diffuseColor 0.694 0.741 0.788
				}
			}
			geometry IndexedFaceSet
			{
				creaseAngle 0.5
				solid TRUE
				coord Coordinate
				{
					point
					[
						2.053 -4.560 -5.581,
						2.342 -4.602 -5.304,
						1.998 -4.568 -5.524,
						2.287 -4.611 -5.247,
						1.903 -4.587 -5.404,
						2.239 -4.620 -5.187,
						1.838 -4.606 -5.282,
						2.207 -4.629 -5.126,
						1.797 -4.625 -5.157,
						2.186 -4.639 -5.064,
						1.777 -4.644 -5.031,
						2.176 -4.648 -5.001,
						2.176 -4.658 -4.937,
						1.778 -4.663 -4.904,
						2.187 -4.668 -4.873,
						1.799 -4.683 -4.775,
						2.210 -4.678 -4.807,
						1.844 -4.703 -4.644,
						2.247 -4.688 -4.741,
						1.920 -4.723 -4.511,
						2.530 -4.750 -4.336,
						2.203 -4.785 -4.107,
						2.593 -4.766 -4.230,
						2.234 -4.793 -4.054,
						2.638 -4.783 -4.118,
						2.257 -4.802 -3.998,
						2.665 -4.801 -4.001,
						2.270 -4.811 -3.939,
						2.675 -4.820 -3.878,
						2.275 -4.820 -3.878,
						2.275 -4.953 -3.012,
						2.675 -4.953 -3.012
					]
				}
				coordIndex
				[
					0, 1, 2, -1,
					2, 1, 3, -1,
					2, 3, 4, -1,
					4, 3, 5, -1,
					4, 5, 6, -1,
					6, 5, 7, -1,
					6, 7, 8, -1,
					8, 7, 9, -1,
					8, 9, 10, -1,
					10, 9, 11, -1,
					10, 11, 12, -1,
					10, 12, 13, -1,
					13, 12, 14, -1,
					13, 14, 15, -1,
					15, 14, 16, -1,
					15, 16, 17, -1,
					17, 16, 18, -1,
					17, 18, 19, -1,
					19, 18, 20, -1,
					19, 20, 21, -1,
					21, 20, 22, -1,
					21, 22, 23, -1,
					23, 22, 24, -1,
					23, 24, 25, -1,
					25, 24, 26, -1,
					25, 26, 27, -1,
					27, 26, 28, -1,
					27, 28, 29, -1,
					29, 28, 30, -1,
					28, 31, 30, -1
				]
				normal Normal
				{
					vector
					[
						-0.000 -0.989 -0.151
					]
				}
				normalIndex
				[
					0, 0, 0, -1,
					0, 0, 0, -1,
					0, 0, 0, -1,
					0, 0, 0, -1,
					0, 0, 0, -1,
					0, 0, 0, -1,
					0, 0, 0, -1,
					0, 0, 0, -1,
					0, 0, 0, -1,
					0, 0, 0, -1,
					0, 0, 0, -1,
					0, 0, 0, -1,
					0, 0, 0, -1,
					0, 0, 0, -1,
					0, 0, 0, -1,
					0, 0, 0, -1,
					0, 0, 0, -1,
					0, 0, 0, -1,
					0, 0, 0, -1,
					0, 0, 0, -1,
					0, 0, 0, -1,
					0, 0, 0, -1,
					0, 0, 0, -1,
					0, 0, 0, -1,
					0, 0, 0, -1,
					0, 0, 0, -1,
					0, 0, 0, -1,
					0, 0, 0, -1,
					0, 0, 0, -1,
					0, 0, 0, -1
				]
			}
		}
		Shape
		{
			appearance Appearance
			{
				material Material
				{
					diffuseColor 0.694 0.741 0.788
				}
			}
			geometry IndexedFaceSet
			{
				creaseAngle 0.5
				solid TRUE
				coord Coordinate
				{
					point
					[
						2.053 -4.560 -5.581,
						2.081 -4.551 -5.611,
						2.342 -4.602 -5.304,
						2.370 -4.593 -5.334,
						2.393 -4.579 -5.358,
						2.104 -4.536 -5.635,
						2.124 -4.517 -5.656,
						2.155 -4.467 -5.688,
						2.444 -4.509 -5.411,
						2.141 -4.494 -5.673,
						2.430 -4.536 -5.396,
						2.413 -4.559 -5.379,
						2.166 -4.436 -5.699,
						2.455 -4.479 -5.422,
						2.462 -4.443 -5.430,
						2.174 -4.401 -5.707,
						2.177 -4.360 -5.710,
						2.465 -4.402 -5.433
					]
				}
				coordIndex
				[
					0, 1, 2, -1,
					2, 1, 3, -1,
					3, 1, 4, -1,
					4, 1, 5, -1,
					4, 5, 6, -1,
					7, 8, 9, -1,
					9, 8, 10, -1,
					9, 10, 6, -1,
					6, 10, 11, -1,
					6, 11, 4, -1,
					7, 12, 8, -1,
					8, 12, 13, -1,
					13, 12, 14, -1,
					14, 12, 15, -1,
					14, 15, 16, -1,
					16, 17, 14, -1
				]
				normal Normal
				{
					vector
					[
						-0.000 -0.989 -0.151,
						0.143 -0.945 -0.294,
						0.266 -0.873 -0.410,
						0.372 -0.778 -0.507,
						0.546 -0.530 -0.649,
						0.466 -0.663 -0.586,
						0.612 -0.378 -0.695,
						0.663 -0.203 -0.721,
						0.693 -0.000 -0.721
					]
				}
				normalIndex
				[
					0, 1, 0, -1,
					0, 1, 1, -1,
					1, 1, 2, -1,
					2, 1, 2, -1,
					2, 2, 3, -1,
					4, 4, 5, -1,
					5, 4, 5, -1,
					5, 5, 3, -1,
					3, 5, 3, -1,
					3, 3, 2, -1,
					4, 6, 4, -1,
					4, 6, 6, -1,
					6, 6, 7, -1,
					7, 6, 7, -1,
					7, 7, 8, -1,
					8, 8, 7, -1
				]
			}
		}
		Shape
		{
			appearance Appearance
			{
				material Material
				{
					diffuseColor 0.694 0.741 0.788
				}
			}
			geometry IndexedFaceSet
			{
				creaseAngle 0.5
				solid TRUE
				coord Coordinate
				{
					point
					[
						2.342 -3.428 -5.304,
						2.287 -3.419 -5.247,
						2.465 -3.628 -5.433,
						2.287 -4.611 -5.247,
						2.465 -4.402 -5.433,
						2.342 -4.602 -5.304,
						2.462 -4.443 -5.430,
						2.455 -4.479 -5.422,
						2.462 -3.587 -5.430,
						2.455 -3.551 -5.422,
						2.444 -3.521 -5.411,
						2.430 -3.494 -5.396,
						2.413 -3.471 -5.379,
						2.393 -3.451 -5.358,
						2.370 -3.437 -5.334,
						2.370 -4.593 -5.334,
						2.393 -4.579 -5.358,
						2.413 -4.559 -5.379,
						2.430 -4.536 -5.396,
						2.444 -4.509 -5.411
					]
				}
				coordIndex
				[
					0, 1, 2, -1,
					2, 1, 3, -1,
					2, 3, 4, -1,
					4, 3, 5, -1,
					4, 5, 6, -1,
					6, 5, 7, -1,
					2, 8, 0, -1,
					0, 8, 9, -1,
					0, 9, 10, -1,
					10, 11, 0, -1,
					0, 11, 12, -1,
					0, 12, 13, -1,
					13, 14, 0, -1,
					15, 16, 5, -1,
					5, 16, 17, -1,
					5, 17, 18, -1,
					18, 19, 5, -1,
					5, 19, 7, -1
				]
				normal Normal
				{
					vector
					[
						0.721 0.000 0.693
					]
				}
				normalIndex
				[
					0, 0, 0, -1,
					0, 0, 0, -1,
					0, 0, 0, -1,
					0, 0, 0, -1,
					0, 0, 0, -1,
					0, 0, 0, -1,
					0, 0, 0, -1,
					0, 0, 0, -1,
					0, 0, 0, -1,
					0, 0, 0, -1,
					0, 0, 0, -1,
					0, 0, 0, -1,
					0, 0, 0, -1,
					0, 0, 0, -1,
					0, 0, 0, -1,
					0, 0, 0, -1,
					0, 0, 0, -1,
					0, 0, 0, -1
				]
			}
		}
		Shape
		{
			appearance Appearance
			{
				material Material
				{
					diffuseColor 0.694 0.741 0.788
				}
			}
			geometry IndexedFaceSet
			{
				creaseAngle 0.5
				solid TRUE
				coord Coordinate
				{
					point
					[
						2.287 -3.419 -5.247,
						2.239 -3.410 -5.187,
						2.287 -4.611 -5.247,
						2.239 -4.620 -5.187,
						2.207 -4.629 -5.126,
						2.207 -3.401 -5.126,
						2.186 -3.391 -5.064,
						2.187 -3.362 -4.873,
						2.187 -4.668 -4.873,
						2.176 -3.372 -4.937,
						2.176 -4.658 -4.937,
						2.176 -3.382 -5.001,
						2.176 -4.648 -5.001,
						2.186 -4.639 -5.064,
						2.210 -3.352 -4.807,
						2.210 -4.678 -4.807,
						2.247 -3.342 -4.741,
						2.247 -4.688 -4.741
					]
				}
				coordIndex
				[
					0, 1, 2, -1,
					2, 1, 3, -1,
					3, 1, 4, -1,
					4, 1, 5, -1,
					4, 5, 6, -1,
					7, 8, 9, -1,
					9, 8, 10, -1,
					9, 10, 11, -1,
					11, 10, 12, -1,
					11, 12, 6, -1,
					6, 12, 13, -1,
					6, 13, 4, -1,
					7, 14, 8, -1,
					8, 14, 15, -1,
					16, 17, 14, -1,
					14, 17, 15, -1
				]
				normal Normal
				{
					vector
					[
						0.721 -0.000 0.693,
						0.840 -0.000 0.543,
						0.921 -0.000 0.390,
						0.972 -0.000 0.234,
						0.970 -0.000 -0.244,
						0.997 -0.000 -0.082,
						0.997 0.000 -0.082,
						0.997 0.000 0.077,
						0.997 -0.000 0.077,
						0.913 -0.000 -0.407,
						0.819 -0.000 -0.574
					]
				}
				normalIndex
				[
					0, 1, 0, -1,
					0, 1, 1, -1,
					1, 1, 2, -1,
					2, 1, 2, -1,
					2, 2, 3, -1,
					4, 4, 5, -1,
					5, 4, 6, -1,
					5, 6, 7, -1,
					7, 6, 8, -1,
					7, 8, 3, -1,
					3, 8, 3, -1,
					3, 3, 2, -1,
					4, 9, 4, -1,
					4, 9, 9, -1,
					10, 10, 9, -1,
					9, 10, 9, -1
				]
			}
		}
		Shape
		{
			appearance Appearance
			{
				material Material
				{
					diffuseColor 0.694 0.741 0.788
				}
			}
			geometry IndexedFaceSet
			{
				creaseAngle 0.5
				solid TRUE
				coord Coordinate
				{
					point
					[
						2.247 -4.688 -4.741,
						2.247 -3.342 -4.741,
						2.530 -4.750 -4.336,
						2.530 -3.280 -4.336
					]
				}
				coordIndex
				[
					0, 1, 2, -1,
					2, 1, 3, -1
				]
				normal Normal
				{
					vector
					[
						0.819 0.000 -0.574
					]
				}
				normalIndex
				[
					0, 0, 0, -1,
					0, 0, 0, -1
				]
			}
		}
		Shape
		{
			appearance Appearance
			{
				material Material
				{
					diffuseColor 0.694 0.741 0.788
				}
			}
			geometry IndexedFaceSet
			{
				creaseAngle 0.5
				solid TRUE
				coord Coordinate
				{
					point
					[
						2.530 -4.750 -4.336,
						2.530 -3.280 -4.336,
						2.593 -4.766 -4.230,
						2.593 -3.264 -4.230,
						2.638 -3.247 -4.118,
						2.675 -3.210 -3.878,
						2.675 -4.820 -3.878,
						2.665 -3.229 -4.001,
						2.665 -4.801 -4.001,
						2.638 -4.783 -4.118
					]
				}
				coordIndex
				[
					0, 1, 2, -1,
					2, 1, 3, -1,
					2, 3, 4, -1,
					5, 6, 7, -1,
					7, 6, 8, -1,
					7, 8, 4, -1,
					4, 8, 9, -1,
					4, 9, 2, -1
				]
				normal Normal
				{
					vector
					[
						0.819 0.000 -0.574,
						0.898 0.000 -0.440,
						0.954 0.000 -0.300,
						1.000 0.000 0.000,
						0.988 0.000 -0.154
					]
				}
				normalIndex
				[
					0, 0, 1, -1,
					1, 0, 1, -1,
					1, 1, 2, -1,
					3, 3, 4, -1,
					4, 3, 4, -1,
					4, 4, 2, -1,
					2, 4, 2, -1,
					2, 2, 1, -1
				]
			}
		}
		Shape
		{
			appearance Appearance
			{
				material Material
				{
					diffuseColor 0.694 0.741 0.788
				}
			}
			geometry IndexedFaceSet
			{
				creaseAngle 0.5
				solid TRUE
				coord Coordinate
				{
					point
					[
						2.053 -3.470 -5.581,
						1.998 -3.462 -5.524,
						2.342 -3.428 -5.304,
						2.287 -3.419 -5.247,
						1.903 -3.443 -5.404,
						2.239 -3.410 -5.187,
						1.838 -3.424 -5.282,
						2.207 -3.401 -5.126,
						1.797 -3.405 -5.157,
						2.186 -3.391 -5.064,
						1.777 -3.386 -5.031,
						2.176 -3.382 -5.001,
						2.176 -3.372 -4.937,
						1.778 -3.367 -4.904,
						2.187 -3.362 -4.873,
						1.799 -3.347 -4.775,
						2.210 -3.352 -4.807,
						1.844 -3.327 -4.644,
						2.247 -3.342 -4.741,
						1.920 -3.307 -4.511,
						2.530 -3.280 -4.336,
						2.203 -3.245 -4.107,
						2.593 -3.264 -4.230,
						2.234 -3.237 -4.054,
						2.638 -3.247 -4.118,
						2.257 -3.228 -3.998,
						2.665 -3.229 -4.001,
						2.270 -3.219 -3.939,
						2.675 -3.210 -3.878,
						2.275 -3.210 -3.878,
						2.675 -3.077 -3.012,
						2.275 -3.077 -3.012
					]
				}
				coordIndex
				[
					0, 1, 2, -1,
					2, 1, 3, -1,
					1, 4, 3, -1,
					3, 4, 5, -1,
					4, 6, 5, -1,
					5, 6, 7, -1,
					6, 8, 7, -1,
					7, 8, 9, -1,
					8, 10, 9, -1,
					9, 10, 11, -1,
					11, 10, 12, -1,
					12, 10, 13, -1,
					12, 13, 14, -1,
					14, 13, 15, -1,
					14, 15, 16, -1,
					16, 15, 17, -1,
					16, 17, 18, -1,
					18, 17, 19, -1,
					18, 19, 20, -1,
					20, 19, 21, -1,
					20, 21, 22, -1,
					22, 21, 23, -1,
					22, 23, 24, -1,
					24, 23, 25, -1,
					24, 25, 26, -1,
					26, 25, 27, -1,
					26, 27, 28, -1,
					28, 27, 29, -1,
					28, 29, 30, -1,
					30, 29, 31, -1
				]
				normal Normal
				{
					vector
					[
						-0.000 0.989 -0.151
					]
				}
				normalIndex
				[
					0, 0, 0, -1,
					0, 0, 0, -1,
					0, 0, 0, -1,
					0, 0, 0, -1,
					0, 0, 0, -1,
					0, 0, 0, -1,
					0, 0, 0, -1,
					0, 0, 0, -1,
					0, 0, 0, -1,
					0, 0, 0, -1,
					0, 0, 0, -1,
					0, 0, 0, -1,
					0, 0, 0, -1,
					0, 0, 0, -1,
					0, 0, 0, -1,
					0, 0, 0, -1,
					0, 0, 0, -1,
					0, 0, 0, -1,
					0, 0, 0, -1,
					0, 0, 0, -1,
					0, 0, 0, -1,
					0, 0, 0, -1,
					0, 0, 0, -1,
					0, 0, 0, -1,
					0, 0, 0, -1,
					0, 0, 0, -1,
					0, 0, 0, -1,
					0, 0, 0, -1,
					0, 0, 0, -1,
					0, 0, 0, -1
				]
			}
		}
		Shape
		{
			appearance Appearance
			{
				material Material
				{
					diffuseColor 0.694 0.741 0.788
				}
			}
			geometry IndexedFaceSet
			{
				creaseAngle 0.5
				solid TRUE
				coord Coordinate
				{
					point
					[
						2.342 -3.428 -5.304,
						2.370 -3.437 -5.334,
						2.053 -3.470 -5.581,
						2.081 -3.479 -5.611,
						2.104 -3.494 -5.635,
						2.393 -3.451 -5.358,
						2.413 -3.471 -5.379,
						2.444 -3.521 -5.411,
						2.155 -3.563 -5.688,
						2.430 -3.494 -5.396,
						2.141 -3.536 -5.673,
						2.124 -3.513 -5.656,
						2.455 -3.551 -5.422,
						2.166 -3.594 -5.699,
						2.174 -3.629 -5.707,
						2.462 -3.587 -5.430,
						2.465 -3.628 -5.433,
						2.177 -3.670 -5.710
					]
				}
				coordIndex
				[
					0, 1, 2, -1,
					2, 1, 3, -1,
					3, 1, 4, -1,
					4, 1, 5, -1,
					4, 5, 6, -1,
					7, 8, 9, -1,
					9, 8, 10, -1,
					9, 10, 6, -1,
					6, 10, 11, -1,
					6, 11, 4, -1,
					7, 12, 8, -1,
					8, 12, 13, -1,
					13, 12, 14, -1,
					14, 12, 15, -1,
					14, 15, 16, -1,
					16, 17, 14, -1
				]
				normal Normal
				{
					vector
					[
						0.000 0.989 -0.151,
						0.143 0.945 -0.294,
						-0.000 0.989 -0.151,
						0.266 0.873 -0.410,
						0.372 0.778 -0.507,
						0.546 0.530 -0.649,
						0.466 0.663 -0.586,
						0.612 0.378 -0.695,
						0.663 0.203 -0.721,
						0.693 0.000 -0.721
					]
				}
				normalIndex
				[
					0, 1, 2, -1,
					2, 1, 1, -1,
					1, 1, 3, -1,
					3, 1, 3, -1,
					3, 3, 4, -1,
					5, 5, 6, -1,
					6, 5, 6, -1,
					6, 6, 4, -1,
					4, 6, 4, -1,
					4, 4, 3, -1,
					5, 7, 5, -1,
					5, 7, 7, -1,
					7, 7, 8, -1,
					8, 7, 8, -1,
					8, 8, 9, -1,
					9, 9, 8, -1
				]
			}
		}
		Shape
		{
			appearance Appearance
			{
				material Material
				{
					diffuseColor 0.694 0.741 0.788
				}
			}
			geometry IndexedFaceSet
			{
				creaseAngle 0.5
				solid TRUE
				coord Coordinate
				{
					point
					[
						1.998 -3.462 -5.524,
						2.177 -3.670 -5.710,
						1.998 -4.568 -5.524,
						2.177 -4.360 -5.710,
						2.053 -4.560 -5.581,
						2.174 -4.401 -5.707,
						2.166 -4.436 -5.699,
						2.053 -3.470 -5.581,
						2.174 -3.629 -5.707,
						2.081 -3.479 -5.611,
						2.104 -3.494 -5.635,
						2.124 -3.513 -5.656,
						2.141 -3.536 -5.673,
						2.155 -3.563 -5.688,
						2.166 -3.594 -5.699,
						2.155 -4.467 -5.688,
						2.141 -4.494 -5.673,
						2.124 -4.517 -5.656,
						2.104 -4.536 -5.635,
						2.081 -4.551 -5.611
					]
				}
				coordIndex
				[
					0, 1, 2, -1,
					2, 1, 3, -1,
					2, 3, 4, -1,
					4, 3, 5, -1,
					4, 5, 6, -1,
					0, 7, 1, -1,
					1, 7, 8, -1,
					9, 10, 7, -1,
					7, 10, 11, -1,
					7, 11, 12, -1,
					12, 13, 7, -1,
					7, 13, 14, -1,
					7, 14, 8, -1,
					6, 15, 4, -1,
					4, 15, 16, -1,
					4, 16, 17, -1,
					17, 18, 4, -1,
					4, 18, 19, -1
				]
				normal Normal
				{
					vector
					[
						-0.721 0.000 -0.693
					]
				}
				normalIndex
				[
					0, 0, 0, -1,
					0, 0, 0, -1,
					0, 0, 0, -1,
					0, 0, 0, -1,
					0, 0, 0, -1,
					0, 0, 0, -1,
					0, 0, 0, -1,
					0, 0, 0, -1,
					0, 0, 0, -1,
					0, 0, 0, -1,
					0, 0, 0, -1,
					0, 0, 0, -1,
					0, 0, 0, -1,
					0, 0, 0, -1,
					0, 0, 0, -1,
					0, 0, 0, -1,
					0, 0, 0, -1,
					0, 0, 0, -1
				]
			}
		}
		Shape
		{
			appearance Appearance
			{
				material Material
				{
					diffuseColor 0.694 0.741 0.788
				}
			}
			geometry IndexedFaceSet
			{
				creaseAngle 0.5
				solid TRUE
				coord Coordinate
				{
					point
					[
						2.177 -4.360 -5.710,
						2.177 -3.670 -5.710,
						2.465 -4.402 -5.433,
						2.465 -3.628 -5.433
					]
				}
				coordIndex
				[
					0, 1, 2, -1,
					2, 1, 3, -1
				]
				normal Normal
				{
					vector
					[
						0.693 0.000 -0.721
					]
				}
				normalIndex
				[
					0, 0, 0, -1,
					0, 0, 0, -1
				]
			}
		}
		Shape
		{
			appearance Appearance
			{
				material Material
				{
					diffuseColor 0.694 0.741 0.788
				}
			}
			geometry IndexedFaceSet
			{
				creaseAngle 0.5
				solid TRUE
				coord Coordinate
				{
					point
					[
						1.920 -4.723 -4.511,
						1.920 -3.307 -4.511,
						1.844 -4.703 -4.644,
						1.844 -3.327 -4.644,
						1.799 -3.347 -4.775,
						1.797 -3.405 -5.157,
						1.797 -4.625 -5.157,
						1.777 -3.386 -5.031,
						1.777 -4.644 -5.031,
						1.778 -3.367 -4.904,
						1.778 -4.663 -4.904,
						1.799 -4.683 -4.775,
						1.838 -3.424 -5.282,
						1.838 -4.606 -5.282,
						1.903 -4.587 -5.404,
						1.903 -3.443 -5.404,
						1.998 -3.462 -5.524,
						1.998 -4.568 -5.524
					]
				}
				coordIndex
				[
					0, 1, 2, -1,
					2, 1, 3, -1,
					2, 3, 4, -1,
					5, 6, 7, -1,
					7, 6, 8, -1,
					7, 8, 9, -1,
					9, 8, 10, -1,
					9, 10, 4, -1,
					4, 10, 11, -1,
					4, 11, 2, -1,
					5, 12, 6, -1,
					6, 12, 13, -1,
					13, 12, 14, -1,
					14, 12, 15, -1,
					14, 15, 16, -1,
					16, 17, 14, -1
				]
				normal Normal
				{
					vector
					[
						-0.819 0.000 0.574,
						-0.913 0.000 0.407,
						-0.970 0.000 0.244,
						-0.972 0.000 -0.234,
						-0.997 0.000 -0.077,
						-0.997 -0.000 -0.077,
						-0.997 -0.000 0.082,
						-0.997 0.000 0.082,
						-0.921 0.000 -0.390,
						-0.840 0.000 -0.543,
						-0.721 0.000 -0.693
					]
				}
				normalIndex
				[
					0, 0, 1, -1,
					1, 0, 1, -1,
					1, 1, 2, -1,
					3, 3, 4, -1,
					4, 3, 5, -1,
					4, 5, 6, -1,
					6, 5, 7, -1,
					6, 7, 2, -1,
					2, 7, 2, -1,
					2, 2, 1, -1,
					3, 8, 3, -1,
					3, 8, 8, -1,
					8, 8, 9, -1,
					9, 8, 9, -1,
					9, 9, 10, -1,
					10, 10, 9, -1
				]
			}
		}
		Shape
		{
			appearance Appearance
			{
				material Material
				{
					diffuseColor 0.694 0.741 0.788
				}
			}
			geometry IndexedFaceSet
			{
				creaseAngle 0.5
				solid TRUE
				coord Coordinate
				{
					point
					[
						2.203 -4.785 -4.107,
						2.203 -3.245 -4.107,
						1.920 -4.723 -4.511,
						1.920 -3.307 -4.511
					]
				}
				coordIndex
				[
					0, 1, 2, -1,
					2, 1, 3, -1
				]
				normal Normal
				{
					vector
					[
						-0.819 0.000 0.574
					]
				}
				normalIndex
				[
					0, 0, 0, -1,
					0, 0, 0, -1
				]
			}
		}
		Shape
		{
			appearance Appearance
			{
				material Material
				{
					diffuseColor 0.694 0.741 0.788
				}
			}
			geometry IndexedFaceSet
			{
				creaseAngle 0.5
				solid TRUE
				coord Coordinate
				{
					point
					[
						2.275 -4.820 -3.878,
						2.275 -3.210 -3.878,
						2.270 -4.811 -3.939,
						2.270 -3.219 -3.939,
						2.257 -4.802 -3.998,
						2.257 -3.228 -3.998,
						2.234 -3.237 -4.054,
						2.203 -3.245 -4.107,
						2.203 -4.785 -4.107,
						2.234 -4.793 -4.054
					]
				}
				coordIndex
				[
					0, 1, 2, -1,
					2, 1, 3, -1,
					2, 3, 4, -1,
					4, 3, 5, -1,
					4, 5, 6, -1,
					7, 8, 6, -1,
					6, 8, 9, -1,
					6, 9, 4, -1
				]
				normal Normal
				{
					vector
					[
						-1.000 -0.000 -0.000,
						-0.988 -0.000 0.154,
						-0.954 -0.000 0.300,
						-0.898 -0.000 0.440,
						-0.819 -0.000 0.574
					]
				}
				normalIndex
				[
					0, 0, 1, -1,
					1, 0, 1, -1,
					1, 1, 2, -1,
					2, 1, 2, -1,
					2, 2, 3, -1,
					4, 4, 3, -1,
					3, 4, 3, -1,
					3, 3, 2, -1
				]
			}
		}
		Shape
		{
			appearance Appearance
			{
				material Material
				{
					diffuseColor 0.694 0.741 0.788
				}
			}
			geometry IndexedFaceSet
			{
				creaseAngle 0.5
				solid TRUE
				coord Coordinate
				{
					point
					[
						2.275 -5.447 -3.088,
						2.275 -4.982 -6.130,
						2.275 -6.500 -6.800,
						2.275 -4.969 -6.176,
						2.275 -5.056 -6.800,
						2.275 -4.946 -6.217,
						2.275 -4.914 -6.252,
						2.275 -6.500 -0.100,
						2.275 -5.448 -3.023,
						2.275 1.046 -1.121,
						2.275 1.002 -1.105,
						2.275 6.500 -0.100,
						2.275 0.956 -1.100,
						2.275 -0.956 -1.100,
						2.275 -1.002 -1.105,
						2.275 4.969 -6.176,
						2.275 4.982 -6.130,
						2.275 6.500 -8.900,
						2.275 5.447 -3.088,
						2.275 5.448 -3.023,
						2.275 5.433 -2.959,
						2.275 -1.594 -5.985,
						2.275 1.594 -5.985,
						2.275 -4.206 -8.900,
						2.275 1.658 -5.999,
						2.275 3.199 -6.294,
						2.275 3.246 -6.300,
						2.275 -4.206 -7.180,
						2.275 -3.885 -7.124,
						2.275 -3.846 -7.112,
						2.275 -3.812 -7.091,
						2.275 -3.784 -7.062,
						2.275 -1.658 -5.999,
						2.275 -1.723 -5.996,
						2.275 -3.763 -7.028,
						2.275 -3.116 -6.252,
						2.275 -3.155 -6.278,
						2.275 -3.752 -6.989,
						2.275 -3.199 -6.294,
						2.275 -3.751 -6.949,
						2.275 -3.246 -6.300,
						2.275 -3.759 -6.909,
						2.275 -3.777 -6.873,
						2.275 -3.803 -6.843,
						2.275 -3.836 -6.820,
						2.275 -3.873 -6.805,
						2.275 -3.913 -6.800,
						2.275 -4.784 -6.300,
						2.275 -4.831 -6.294,
						2.275 -4.875 -6.278,
						2.275 3.155 -6.278,
						2.275 1.723 -5.996,
						2.275 3.116 -6.252,
						2.275 1.785 -5.977,
						2.275 3.084 -6.217,
						2.275 1.841 -5.942,
						2.275 3.061 -6.176,
						2.275 1.885 -5.894,
						2.275 3.048 -6.130,
						2.275 1.915 -5.836,
						2.275 1.929 -5.772,
						2.275 4.784 -6.300,
						2.275 4.831 -6.294,
						2.275 4.875 -6.278,
						2.275 4.914 -6.252,
						2.275 4.946 -6.217,
						2.275 5.401 -2.902,
						2.275 5.356 -2.855,
						2.275 5.300 -2.821,
						2.275 5.237 -2.803,
						2.275 5.172 -2.802,
						2.275 5.109 -2.817,
						2.275 2.921 -2.817,
						2.275 5.052 -2.849,
						2.275 2.978 -2.849,
						2.275 5.005 -2.894,
						2.275 3.025 -2.894,
						2.275 4.971 -2.950,
						2.275 3.059 -2.950,
						2.275 4.953 -3.012,
						2.275 3.077 -3.012,
						2.275 4.820 -3.878,
						2.275 3.210 -3.878,
						2.275 1.139 -1.221,
						2.275 2.858 -2.802,
						2.275 1.153 -1.266,
						2.275 2.793 -2.803,
						2.275 2.730 -2.821,
						2.275 2.674 -2.855,
						2.275 2.629 -2.902,
						2.275 2.597 -2.959,
						2.275 2.582 -3.023,
						2.275 2.583 -3.088,
						2.275 1.926 -5.707,
						2.275 1.116 -1.181,
						2.275 1.084 -1.147,
						2.275 -1.046 -1.121,
						2.275 -1.084 -1.147,
						2.275 -1.116 -1.181,
						2.275 -1.139 -1.221,
						2.275 -2.921 -2.817,
						2.275 -5.109 -2.817,
						2.275 -5.052 -2.849,
						2.275 -2.858 -2.802,
						2.275 -1.153 -1.266,
						2.275 -2.793 -2.803,
						2.275 -2.730 -2.821,
						2.275 -1.929 -5.772,
						2.275 -3.048 -6.130,
						2.275 -1.926 -5.707,
						2.275 -2.583 -3.088,
						2.275 -2.582 -3.023,
						2.275 -2.597 -2.959,
						2.275 -1.915 -5.836,
						2.275 -1.885 -5.894,
						2.275 -3.061 -6.176,
						2.275 -1.841 -5.942,
						2.275 -3.084 -6.217,
						2.275 -1.785 -5.977,
						2.275 -1.536 -5.954,
						2.275 1.536 -5.954,
						2.275 1.488 -5.910,
						2.275 -1.488 -5.910,
						2.275 1.453 -5.855,
						2.275 -1.453 -5.855,
						2.275 1.434 -5.793,
						2.275 -1.434 -5.793,
						2.275 1.130 -4.050,
						2.275 -1.130 -4.050,
						2.275 -2.629 -2.902,
						2.275 -2.674 -2.855,
						2.275 -2.978 -2.849,
						2.275 -5.005 -2.894,
						2.275 -3.025 -2.894,
						2.275 -3.059 -2.950,
						2.275 -4.971 -2.950,
						2.275 -3.077 -3.012,
						2.275 -4.953 -3.012,
						2.275 -3.210 -3.878,
						2.275 -4.820 -3.878,
						2.275 -5.172 -2.802,
						2.275 -5.237 -2.803,
						2.275 -5.300 -2.821,
						2.275 -5.356 -2.855,
						2.275 -5.401 -2.902,
						2.275 -5.433 -2.959
					]
				}
				coordIndex
				[
					0, 1, 2, -1,
					2, 1, 3, -1,
					2, 3, 4, -1,
					4, 3, 5, -1,
					4, 5, 6, -1,
					2, 7, 0, -1,
					0, 7, 8, -1,
					9, 10, 11, -1,
					11, 10, 12, -1,
					11, 12, 7, -1,
					7, 12, 13, -1,
					7, 13, 14, -1,
					15, 16, 17, -1,
					17, 16, 18, -1,
					17, 18, 11, -1,
					11, 18, 19, -1,
					11, 19, 20, -1,
					21, 22, 23, -1,
					23, 22, 24, -1,
					23, 24, 17, -1,
					17, 24, 25, -1,
					17, 25, 26, -1,
					27, 28, 23, -1,
					23, 28, 29, -1,
					23, 29, 30, -1,
					30, 31, 23, -1,
					23, 31, 32, -1,
					23, 32, 21, -1,
					32, 31, 33, -1,
					33, 31, 34, -1,
					33, 34, 35, -1,
					35, 34, 36, -1,
					34, 37, 36, -1,
					36, 37, 38, -1,
					37, 39, 38, -1,
					38, 39, 40, -1,
					39, 41, 40, -1,
					40, 41, 42, -1,
					40, 42, 43, -1,
					43, 44, 40, -1,
					40, 44, 45, -1,
					40, 45, 46, -1,
					40, 46, 47, -1,
					47, 46, 4, -1,
					47, 4, 48, -1,
					48, 4, 49, -1,
					25, 24, 50, -1,
					50, 24, 51, -1,
					50, 51, 52, -1,
					52, 51, 53, -1,
					52, 53, 54, -1,
					54, 53, 55, -1,
					54, 55, 56, -1,
					56, 55, 57, -1,
					56, 57, 58, -1,
					58, 57, 59, -1,
					58, 59, 60, -1,
					26, 61, 17, -1,
					17, 61, 62, -1,
					17, 62, 63, -1,
					63, 64, 17, -1,
					17, 64, 65, -1,
					17, 65, 15, -1,
					20, 66, 11, -1,
					11, 66, 67, -1,
					11, 67, 68, -1,
					68, 69, 11, -1,
					11, 69, 70, -1,
					11, 70, 71, -1,
					11, 71, 72, -1,
					72, 71, 73, -1,
					72, 73, 74, -1,
					74, 73, 75, -1,
					74, 75, 76, -1,
					76, 75, 77, -1,
					76, 77, 78, -1,
					78, 77, 79, -1,
					78, 79, 80, -1,
					80, 79, 81, -1,
					80, 81, 82, -1,
					11, 72, 83, -1,
					83, 72, 84, -1,
					83, 84, 85, -1,
					85, 84, 86, -1,
					85, 86, 87, -1,
					87, 88, 85, -1,
					85, 88, 89, -1,
					85, 89, 90, -1,
					90, 91, 85, -1,
					85, 91, 92, -1,
					85, 92, 93, -1,
					93, 92, 58, -1,
					93, 58, 60, -1,
					83, 94, 11, -1,
					11, 94, 95, -1,
					11, 95, 9, -1,
					14, 96, 7, -1,
					7, 96, 97, -1,
					7, 97, 98, -1,
					98, 99, 7, -1,
					7, 99, 100, -1,
					7, 100, 101, -1,
					101, 100, 102, -1,
					100, 99, 103, -1,
					103, 99, 104, -1,
					103, 104, 105, -1,
					105, 104, 106, -1,
					107, 108, 109, -1,
					109, 108, 110, -1,
					109, 110, 104, -1,
					104, 110, 111, -1,
					104, 111, 112, -1,
					107, 113, 108, -1,
					108, 113, 114, -1,
					108, 114, 115, -1,
					115, 114, 116, -1,
					115, 116, 117, -1,
					117, 116, 118, -1,
					117, 118, 35, -1,
					35, 118, 33, -1,
					21, 119, 22, -1,
					22, 119, 120, -1,
					120, 119, 121, -1,
					121, 119, 122, -1,
					121, 122, 123, -1,
					123, 122, 124, -1,
					123, 124, 125, -1,
					125, 124, 126, -1,
					125, 126, 127, -1,
					127, 126, 128, -1,
					112, 129, 104, -1,
					104, 129, 130, -1,
					104, 130, 106, -1,
					100, 131, 102, -1,
					102, 131, 132, -1,
					131, 133, 132, -1,
					132, 133, 134, -1,
					132, 134, 135, -1,
					135, 134, 136, -1,
					135, 136, 137, -1,
					137, 136, 138, -1,
					137, 138, 139, -1,
					101, 140, 7, -1,
					7, 140, 141, -1,
					7, 141, 142, -1,
					142, 143, 7, -1,
					7, 143, 144, -1,
					7, 144, 145, -1,
					145, 8, 7, -1,
					6, 49, 4, -1
				]
				normal Normal
				{
					vector
					[
						-1.000 0.000 0.000
					]
				}
				normalIndex
				[
					0, 0, 0, -1,
					0, 0, 0, -1,
					0, 0, 0, -1,
					0, 0, 0, -1,
					0, 0, 0, -1,
					0, 0, 0, -1,
					0, 0, 0, -1,
					0, 0, 0, -1,
					0, 0, 0, -1,
					0, 0, 0, -1,
					0, 0, 0, -1,
					0, 0, 0, -1,
					0, 0, 0, -1,
					0, 0, 0, -1,
					0, 0, 0, -1,
					0, 0, 0, -1,
					0, 0, 0, -1,
					0, 0, 0, -1,
					0, 0, 0, -1,
					0, 0, 0, -1,
					0, 0, 0, -1,
					0, 0, 0, -1,
					0, 0, 0, -1,
					0, 0, 0, -1,
					0, 0, 0, -1,
					0, 0, 0, -1,
					0, 0, 0, -1,
					0, 0, 0, -1,
					0, 0, 0, -1,
					0, 0, 0, -1,
					0, 0, 0, -1,
					0, 0, 0, -1,
					0, 0, 0, -1,
					0, 0, 0, -1,
					0, 0, 0, -1,
					0, 0, 0, -1,
					0, 0, 0, -1,
					0, 0, 0, -1,
					0, 0, 0, -1,
					0, 0, 0, -1,
					0, 0, 0, -1,
					0, 0, 0, -1,
					0, 0, 0, -1,
					0, 0, 0, -1,
					0, 0, 0, -1,
					0, 0, 0, -1,
					0, 0, 0, -1,
					0, 0, 0, -1,
					0, 0, 0, -1,
					0, 0, 0, -1,
					0, 0, 0, -1,
					0, 0, 0, -1,
					0, 0, 0, -1,
					0, 0, 0, -1,
					0, 0, 0, -1,
					0, 0, 0, -1,
					0, 0, 0, -1,
					0, 0, 0, -1,
					0, 0, 0, -1,
					0, 0, 0, -1,
					0, 0, 0, -1,
					0, 0, 0, -1,
					0, 0, 0, -1,
					0, 0, 0, -1,
					0, 0, 0, -1,
					0, 0, 0, -1,
					0, 0, 0, -1,
					0, 0, 0, -1,
					0, 0, 0, -1,
					0, 0, 0, -1,
					0, 0, 0, -1,
					0, 0, 0, -1,
					0, 0, 0, -1,
					0, 0, 0, -1,
					0, 0, 0, -1,
					0, 0, 0, -1,
					0, 0, 0, -1,
					0, 0, 0, -1,
					0, 0, 0, -1,
					0, 0, 0, -1,
					0, 0, 0, -1,
					0, 0, 0, -1,
					0, 0, 0, -1,
					0, 0, 0, -1,
					0, 0, 0, -1,
					0, 0, 0, -1,
					0, 0, 0, -1,
					0, 0, 0, -1,
					0, 0, 0, -1,
					0, 0, 0, -1,
					0, 0, 0, -1,
					0, 0, 0, -1,
					0, 0, 0, -1,
					0, 0, 0, -1,
					0, 0, 0, -1,
					0, 0, 0, -1,
					0, 0, 0, -1,
					0, 0, 0, -1,
					0, 0, 0, -1,
					0, 0, 0, -1,
					0, 0, 0, -1,
					0, 0, 0, -1,
					0, 0, 0, -1,
					0, 0, 0, -1,
					0, 0, 0, -1,
					0, 0, 0, -1,
					0, 0, 0, -1,
					0, 0, 0, -1,
					0, 0, 0, -1,
					0, 0, 0, -1,
					0, 0, 0, -1,
					0, 0, 0, -1,
					0, 0, 0, -1,
					0, 0, 0, -1,
					0, 0, 0, -1,
					0, 0, 0, -1,
					0, 0, 0, -1,
					0, 0, 0, -1,
					0, 0, 0, -1,
					0, 0, 0, -1,
					0, 0, 0, -1,
					0, 0, 0, -1,
					0, 0, 0, -1,
					0, 0, 0, -1,
					0, 0, 0, -1,
					0, 0, 0, -1,
					0, 0, 0, -1,
					0, 0, 0, -1,
					0, 0, 0, -1,
					0, 0, 0, -1,
					0, 0, 0, -1,
					0, 0, 0, -1,
					0, 0, 0, -1,
					0, 0, 0, -1,
					0, 0, 0, -1,
					0, 0, 0, -1,
					0, 0, 0, -1,
					0, 0, 0, -1,
					0, 0, 0, -1,
					0, 0, 0, -1,
					0, 0, 0, -1,
					0, 0, 0, -1,
					0, 0, 0, -1,
					0, 0, 0, -1,
					0, 0, 0, -1,
					0, 0, 0, -1,
					0, 0, 0, -1,
					0, 0, 0, -1,
					0, 0, 0, -1,
					0, 0, 0, -1
				]
			}
		}
		Shape
		{
			appearance Appearance
			{
				material Material
				{
					diffuseColor 0.694 0.741 0.788
				}
			}
			geometry IndexedFaceSet
			{
				creaseAngle 0.5
				solid TRUE
				coord Coordinate
				{
					point
					[
						2.275 -3.048 -6.130,
						2.675 -3.048 -6.130,
						2.275 -2.583 -3.088,
						2.675 -2.583 -3.088
					]
				}
				coordIndex
				[
					0, 1, 2, -1,
					2, 1, 3, -1
				]
				normal Normal
				{
					vector
					[
						-0.000 -0.989 0.151
					]
				}
				normalIndex
				[
					0, 0, 0, -1,
					0, 0, 0, -1
				]
			}
		}
		Shape
		{
			appearance Appearance
			{
				material Material
				{
					diffuseColor 0.694 0.741 0.788
				}
			}
			geometry IndexedFaceSet
			{
				creaseAngle 0.5
				solid TRUE
				coord Coordinate
				{
					point
					[
						2.275 -3.077 -3.012,
						2.275 -3.059 -2.950,
						2.675 -3.077 -3.012,
						2.675 -3.059 -2.950,
						2.675 -3.025 -2.894,
						2.275 -3.025 -2.894,
						2.275 -2.978 -2.849,
						2.675 -2.978 -2.849,
						2.275 -2.921 -2.817,
						2.675 -2.921 -2.817,
						2.275 -2.858 -2.802,
						2.675 -2.858 -2.802,
						2.675 -2.793 -2.803,
						2.275 -2.793 -2.803,
						2.275 -2.730 -2.821,
						2.675 -2.730 -2.821,
						2.275 -2.674 -2.855,
						2.675 -2.674 -2.855,
						2.675 -2.629 -2.902,
						2.275 -2.629 -2.902,
						2.275 -2.597 -2.959,
						2.675 -2.597 -2.959,
						2.275 -2.582 -3.023,
						2.675 -2.582 -3.023,
						2.675 -2.583 -3.088,
						2.275 -2.583 -3.088
					]
				}
				coordIndex
				[
					0, 1, 2, -1,
					2, 1, 3, -1,
					3, 1, 4, -1,
					4, 1, 5, -1,
					4, 5, 6, -1,
					4, 6, 7, -1,
					7, 6, 8, -1,
					7, 8, 9, -1,
					9, 8, 10, -1,
					9, 10, 11, -1,
					11, 10, 12, -1,
					10, 13, 12, -1,
					12, 13, 14, -1,
					12, 14, 15, -1,
					15, 14, 16, -1,
					15, 16, 17, -1,
					17, 16, 18, -1,
					16, 19, 18, -1,
					18, 19, 20, -1,
					18, 20, 21, -1,
					21, 20, 22, -1,
					21, 22, 23, -1,
					23, 22, 24, -1,
					22, 25, 24, -1
				]
				normal Normal
				{
					vector
					[
						-0.000 0.989 -0.151,
						-0.000 0.916 -0.402,
						-0.000 0.780 -0.625,
						-0.000 0.592 -0.806,
						-0.000 0.363 -0.932,
						-0.000 0.110 -0.994,
						-0.000 -0.151 -0.989,
						-0.000 -0.402 -0.916,
						-0.000 -0.625 -0.780,
						-0.000 -0.806 -0.592,
						-0.000 -0.932 -0.363,
						-0.000 -0.994 -0.110,
						-0.000 -0.989 0.151
					]
				}
				normalIndex
				[
					0, 1, 0, -1,
					0, 1, 1, -1,
					1, 1, 2, -1,
					2, 1, 2, -1,
					2, 2, 3, -1,
					2, 3, 3, -1,
					3, 3, 4, -1,
					3, 4, 4, -1,
					4, 4, 5, -1,
					4, 5, 5, -1,
					5, 5, 6, -1,
					5, 6, 6, -1,
					6, 6, 7, -1,
					6, 7, 7, -1,
					7, 7, 8, -1,
					7, 8, 8, -1,
					8, 8, 9, -1,
					8, 9, 9, -1,
					9, 9, 10, -1,
					9, 10, 10, -1,
					10, 10, 11, -1,
					10, 11, 11, -1,
					11, 11, 12, -1,
					11, 12, 12, -1
				]
			}
		}
		Shape
		{
			appearance Appearance
			{
				material Material
				{
					diffuseColor 0.694 0.741 0.788
				}
			}
			geometry IndexedFaceSet
			{
				creaseAngle 0.5
				solid TRUE
				coord Coordinate
				{
					point
					[
						2.675 -3.048 -6.130,
						2.275 -3.048 -6.130,
						2.675 -3.061 -6.176,
						2.275 -3.061 -6.176,
						2.275 -3.084 -6.217,
						2.275 -3.155 -6.278,
						2.675 -3.155 -6.278,
						2.275 -3.116 -6.252,
						2.675 -3.116 -6.252,
						2.675 -3.084 -6.217,
						2.275 -3.199 -6.294,
						2.675 -3.199 -6.294,
						2.275 -3.246 -6.300,
						2.675 -3.246 -6.300
					]
				}
				coordIndex
				[
					0, 1, 2, -1,
					2, 1, 3, -1,
					2, 3, 4, -1,
					5, 6, 7, -1,
					7, 6, 8, -1,
					7, 8, 4, -1,
					4, 8, 9, -1,
					4, 9, 2, -1,
					5, 10, 6, -1,
					6, 10, 11, -1,
					12, 13, 10, -1,
					10, 13, 11, -1
				]
				normal Normal
				{
					vector
					[
						-0.000 -0.989 0.151,
						-0.000 -0.926 0.379,
						-0.000 -0.811 0.585,
						-0.000 -0.456 0.890,
						-0.000 -0.651 0.759,
						-0.000 -0.234 0.972,
						-0.000 -0.000 1.000
					]
				}
				normalIndex
				[
					0, 0, 1, -1,
					1, 0, 1, -1,
					1, 1, 2, -1,
					3, 3, 4, -1,
					4, 3, 4, -1,
					4, 4, 2, -1,
					2, 4, 2, -1,
					2, 2, 1, -1,
					3, 5, 3, -1,
					3, 5, 5, -1,
					6, 6, 5, -1,
					5, 6, 5, -1
				]
			}
		}
		Shape
		{
			appearance Appearance
			{
				material Material
				{
					diffuseColor 0.694 0.741 0.788
				}
			}
			geometry IndexedFaceSet
			{
				creaseAngle 0.5
				solid TRUE
				coord Coordinate
				{
					point
					[
						2.675 2.583 -3.088,
						2.675 3.048 -6.130,
						2.275 2.583 -3.088,
						2.275 3.048 -6.130
					]
				}
				coordIndex
				[
					0, 1, 2, -1,
					2, 1, 3, -1
				]
				normal Normal
				{
					vector
					[
						-0.000 0.989 0.151
					]
				}
				normalIndex
				[
					0, 0, 0, -1,
					0, 0, 0, -1
				]
			}
		}
		Shape
		{
			appearance Appearance
			{
				material Material
				{
					diffuseColor 0.694 0.741 0.788
				}
			}
			geometry IndexedFaceSet
			{
				creaseAngle 0.5
				solid TRUE
				coord Coordinate
				{
					point
					[
						2.275 2.583 -3.088,
						2.275 2.582 -3.023,
						2.675 2.583 -3.088,
						2.675 2.582 -3.023,
						2.675 2.597 -2.959,
						2.275 2.597 -2.959,
						2.275 2.629 -2.902,
						2.675 2.629 -2.902,
						2.275 2.674 -2.855,
						2.675 2.674 -2.855,
						2.275 2.730 -2.821,
						2.675 2.730 -2.821,
						2.675 2.793 -2.803,
						2.275 2.793 -2.803,
						2.275 2.858 -2.802,
						2.675 2.858 -2.802,
						2.275 2.921 -2.817,
						2.675 2.921 -2.817,
						2.675 2.978 -2.849,
						2.275 2.978 -2.849,
						2.275 3.025 -2.894,
						2.675 3.025 -2.894,
						2.275 3.059 -2.950,
						2.675 3.059 -2.950,
						2.675 3.077 -3.012,
						2.275 3.077 -3.012
					]
				}
				coordIndex
				[
					0, 1, 2, -1,
					2, 1, 3, -1,
					3, 1, 4, -1,
					4, 1, 5, -1,
					4, 5, 6, -1,
					4, 6, 7, -1,
					7, 6, 8, -1,
					7, 8, 9, -1,
					9, 8, 10, -1,
					9, 10, 11, -1,
					11, 10, 12, -1,
					10, 13, 12, -1,
					12, 13, 14, -1,
					12, 14, 15, -1,
					15, 14, 16, -1,
					15, 16, 17, -1,
					17, 16, 18, -1,
					16, 19, 18, -1,
					18, 19, 20, -1,
					18, 20, 21, -1,
					21, 20, 22, -1,
					21, 22, 23, -1,
					23, 22, 24, -1,
					22, 25, 24, -1
				]
				normal Normal
				{
					vector
					[
						-0.000 0.989 0.151,
						-0.000 0.994 -0.110,
						-0.000 0.932 -0.363,
						-0.000 0.806 -0.592,
						-0.000 0.625 -0.780,
						-0.000 0.402 -0.916,
						-0.000 0.151 -0.989,
						-0.000 -0.110 -0.994,
						-0.000 -0.363 -0.932,
						-0.000 -0.592 -0.806,
						-0.000 -0.780 -0.625,
						-0.000 -0.916 -0.402,
						-0.000 -0.989 -0.151
					]
				}
				normalIndex
				[
					0, 1, 0, -1,
					0, 1, 1, -1,
					1, 1, 2, -1,
					2, 1, 2, -1,
					2, 2, 3, -1,
					2, 3, 3, -1,
					3, 3, 4, -1,
					3, 4, 4, -1,
					4, 4, 5, -1,
					4, 5, 5, -1,
					5, 5, 6, -1,
					5, 6, 6, -1,
					6, 6, 7, -1,
					6, 7, 7, -1,
					7, 7, 8, -1,
					7, 8, 8, -1,
					8, 8, 9, -1,
					8, 9, 9, -1,
					9, 9, 10, -1,
					9, 10, 10, -1,
					10, 10, 11, -1,
					10, 11, 11, -1,
					11, 11, 12, -1,
					11, 12, 12, -1
				]
			}
		}
		Shape
		{
			appearance Appearance
			{
				material Material
				{
					diffuseColor 0.694 0.741 0.788
				}
			}
			geometry IndexedFaceSet
			{
				creaseAngle 0.5
				solid TRUE
				coord Coordinate
				{
					point
					[
						2.053 3.470 -5.581,
						2.342 3.428 -5.304,
						1.998 3.462 -5.524,
						2.287 3.419 -5.247,
						1.903 3.443 -5.404,
						2.239 3.410 -5.187,
						1.838 3.424 -5.282,
						2.207 3.401 -5.126,
						1.797 3.405 -5.157,
						2.186 3.391 -5.064,
						1.777 3.386 -5.031,
						2.176 3.382 -5.001,
						2.176 3.372 -4.937,
						1.778 3.367 -4.904,
						2.187 3.362 -4.873,
						1.799 3.347 -4.775,
						2.210 3.352 -4.807,
						1.844 3.327 -4.644,
						2.247 3.342 -4.741,
						1.920 3.307 -4.511,
						2.530 3.280 -4.336,
						2.203 3.245 -4.107,
						2.593 3.264 -4.230,
						2.234 3.237 -4.054,
						2.638 3.247 -4.118,
						2.257 3.228 -3.998,
						2.665 3.229 -4.001,
						2.270 3.219 -3.939,
						2.675 3.210 -3.878,
						2.275 3.210 -3.878,
						2.275 3.077 -3.012,
						2.675 3.077 -3.012
					]
				}
				coordIndex
				[
					0, 1, 2, -1,
					2, 1, 3, -1,
					2, 3, 4, -1,
					4, 3, 5, -1,
					4, 5, 6, -1,
					6, 5, 7, -1,
					6, 7, 8, -1,
					8, 7, 9, -1,
					8, 9, 10, -1,
					10, 9, 11, -1,
					10, 11, 12, -1,
					10, 12, 13, -1,
					13, 12, 14, -1,
					13, 14, 15, -1,
					15, 14, 16, -1,
					15, 16, 17, -1,
					17, 16, 18, -1,
					17, 18, 19, -1,
					19, 18, 20, -1,
					19, 20, 21, -1,
					21, 20, 22, -1,
					21, 22, 23, -1,
					23, 22, 24, -1,
					23, 24, 25, -1,
					25, 24, 26, -1,
					25, 26, 27, -1,
					27, 26, 28, -1,
					27, 28, 29, -1,
					29, 28, 30, -1,
					28, 31, 30, -1
				]
				normal Normal
				{
					vector
					[
						-0.000 -0.989 -0.151
					]
				}
				normalIndex
				[
					0, 0, 0, -1,
					0, 0, 0, -1,
					0, 0, 0, -1,
					0, 0, 0, -1,
					0, 0, 0, -1,
					0, 0, 0, -1,
					0, 0, 0, -1,
					0, 0, 0, -1,
					0, 0, 0, -1,
					0, 0, 0, -1,
					0, 0, 0, -1,
					0, 0, 0, -1,
					0, 0, 0, -1,
					0, 0, 0, -1,
					0, 0, 0, -1,
					0, 0, 0, -1,
					0, 0, 0, -1,
					0, 0, 0, -1,
					0, 0, 0, -1,
					0, 0, 0, -1,
					0, 0, 0, -1,
					0, 0, 0, -1,
					0, 0, 0, -1,
					0, 0, 0, -1,
					0, 0, 0, -1,
					0, 0, 0, -1,
					0, 0, 0, -1,
					0, 0, 0, -1,
					0, 0, 0, -1,
					0, 0, 0, -1
				]
			}
		}
		Shape
		{
			appearance Appearance
			{
				material Material
				{
					diffuseColor 0.694 0.741 0.788
				}
			}
			geometry IndexedFaceSet
			{
				creaseAngle 0.5
				solid TRUE
				coord Coordinate
				{
					point
					[
						2.053 3.470 -5.581,
						2.081 3.479 -5.611,
						2.342 3.428 -5.304,
						2.370 3.437 -5.334,
						2.393 3.451 -5.358,
						2.104 3.494 -5.635,
						2.124 3.513 -5.656,
						2.155 3.563 -5.688,
						2.444 3.521 -5.411,
						2.141 3.536 -5.673,
						2.430 3.494 -5.396,
						2.413 3.471 -5.379,
						2.166 3.594 -5.699,
						2.455 3.551 -5.422,
						2.462 3.587 -5.430,
						2.174 3.629 -5.707,
						2.177 3.670 -5.710,
						2.465 3.628 -5.433
					]
				}
				coordIndex
				[
					0, 1, 2, -1,
					2, 1, 3, -1,
					3, 1, 4, -1,
					4, 1, 5, -1,
					4, 5, 6, -1,
					7, 8, 9, -1,
					9, 8, 10, -1,
					9, 10, 6, -1,
					6, 10, 11, -1,
					6, 11, 4, -1,
					7, 12, 8, -1,
					8, 12, 13, -1,
					13, 12, 14, -1,
					14, 12, 15, -1,
					14, 15, 16, -1,
					16, 17, 14, -1
				]
				normal Normal
				{
					vector
					[
						-0.000 -0.989 -0.151,
						0.143 -0.945 -0.294,
						0.266 -0.873 -0.410,
						0.372 -0.778 -0.507,
						0.546 -0.530 -0.649,
						0.466 -0.663 -0.586,
						0.612 -0.378 -0.695,
						0.663 -0.203 -0.721,
						0.693 -0.000 -0.721
					]
				}
				normalIndex
				[
					0, 1, 0, -1,
					0, 1, 1, -1,
					1, 1, 2, -1,
					2, 1, 2, -1,
					2, 2, 3, -1,
					4, 4, 5, -1,
					5, 4, 5, -1,
					5, 5, 3, -1,
					3, 5, 3, -1,
					3, 3, 2, -1,
					4, 6, 4, -1,
					4, 6, 6, -1,
					6, 6, 7, -1,
					7, 6, 7, -1,
					7, 7, 8, -1,
					8, 8, 7, -1
				]
			}
		}
		Shape
		{
			appearance Appearance
			{
				material Material
				{
					diffuseColor 0.694 0.741 0.788
				}
			}
			geometry IndexedFaceSet
			{
				creaseAngle 0.5
				solid TRUE
				coord Coordinate
				{
					point
					[
						2.287 4.611 -5.247,
						2.465 4.402 -5.433,
						2.342 4.602 -5.304,
						2.462 4.443 -5.430,
						2.455 4.479 -5.422,
						2.287 3.419 -5.247,
						2.465 3.628 -5.433,
						2.342 3.428 -5.304,
						2.462 3.587 -5.430,
						2.370 3.437 -5.334,
						2.393 3.451 -5.358,
						2.413 3.471 -5.379,
						2.430 3.494 -5.396,
						2.444 3.521 -5.411,
						2.455 3.551 -5.422,
						2.444 4.509 -5.411,
						2.430 4.536 -5.396,
						2.413 4.559 -5.379,
						2.393 4.579 -5.358,
						2.370 4.593 -5.334
					]
				}
				coordIndex
				[
					0, 1, 2, -1,
					2, 1, 3, -1,
					2, 3, 4, -1,
					0, 5, 1, -1,
					1, 5, 6, -1,
					5, 7, 6, -1,
					6, 7, 8, -1,
					9, 10, 7, -1,
					7, 10, 11, -1,
					7, 11, 12, -1,
					12, 13, 7, -1,
					7, 13, 14, -1,
					7, 14, 8, -1,
					4, 15, 2, -1,
					2, 15, 16, -1,
					2, 16, 17, -1,
					17, 18, 2, -1,
					2, 18, 19, -1
				]
				normal Normal
				{
					vector
					[
						0.721 -0.000 0.693
					]
				}
				normalIndex
				[
					0, 0, 0, -1,
					0, 0, 0, -1,
					0, 0, 0, -1,
					0, 0, 0, -1,
					0, 0, 0, -1,
					0, 0, 0, -1,
					0, 0, 0, -1,
					0, 0, 0, -1,
					0, 0, 0, -1,
					0, 0, 0, -1,
					0, 0, 0, -1,
					0, 0, 0, -1,
					0, 0, 0, -1,
					0, 0, 0, -1,
					0, 0, 0, -1,
					0, 0, 0, -1,
					0, 0, 0, -1,
					0, 0, 0, -1
				]
			}
		}
		Shape
		{
			appearance Appearance
			{
				material Material
				{
					diffuseColor 0.694 0.741 0.788
				}
			}
			geometry IndexedFaceSet
			{
				creaseAngle 0.5
				solid TRUE
				coord Coordinate
				{
					point
					[
						2.342 4.602 -5.304,
						2.370 4.593 -5.334,
						2.053 4.560 -5.581,
						2.081 4.551 -5.611,
						2.104 4.536 -5.635,
						2.393 4.579 -5.358,
						2.413 4.559 -5.379,
						2.444 4.509 -5.411,
						2.155 4.467 -5.688,
						2.430 4.536 -5.396,
						2.141 4.494 -5.673,
						2.124 4.517 -5.656,
						2.455 4.479 -5.422,
						2.166 4.436 -5.699,
						2.174 4.401 -5.707,
						2.462 4.443 -5.430,
						2.465 4.402 -5.433,
						2.177 4.360 -5.710
					]
				}
				coordIndex
				[
					0, 1, 2, -1,
					2, 1, 3, -1,
					3, 1, 4, -1,
					4, 1, 5, -1,
					4, 5, 6, -1,
					7, 8, 9, -1,
					9, 8, 10, -1,
					9, 10, 6, -1,
					6, 10, 11, -1,
					6, 11, 4, -1,
					7, 12, 8, -1,
					8, 12, 13, -1,
					13, 12, 14, -1,
					14, 12, 15, -1,
					14, 15, 16, -1,
					16, 17, 14, -1
				]
				normal Normal
				{
					vector
					[
						0.000 0.989 -0.151,
						0.143 0.945 -0.294,
						-0.000 0.989 -0.151,
						0.266 0.873 -0.410,
						0.372 0.778 -0.507,
						0.546 0.530 -0.649,
						0.466 0.663 -0.586,
						0.612 0.378 -0.695,
						0.663 0.203 -0.721,
						0.693 0.000 -0.721
					]
				}
				normalIndex
				[
					0, 1, 2, -1,
					2, 1, 1, -1,
					1, 1, 3, -1,
					3, 1, 3, -1,
					3, 3, 4, -1,
					5, 5, 6, -1,
					6, 5, 6, -1,
					6, 6, 4, -1,
					4, 6, 4, -1,
					4, 4, 3, -1,
					5, 7, 5, -1,
					5, 7, 7, -1,
					7, 7, 8, -1,
					8, 7, 8, -1,
					8, 8, 9, -1,
					9, 9, 8, -1
				]
			}
		}
		Shape
		{
			appearance Appearance
			{
				material Material
				{
					diffuseColor 0.694 0.741 0.788
				}
			}
			geometry IndexedFaceSet
			{
				creaseAngle 0.5
				solid TRUE
				coord Coordinate
				{
					point
					[
						2.053 3.470 -5.581,
						1.998 3.462 -5.524,
						2.177 3.670 -5.710,
						1.998 4.568 -5.524,
						2.177 4.360 -5.710,
						2.053 4.560 -5.581,
						2.174 4.401 -5.707,
						2.166 4.436 -5.699,
						2.174 3.629 -5.707,
						2.166 3.594 -5.699,
						2.155 3.563 -5.688,
						2.141 3.536 -5.673,
						2.124 3.513 -5.656,
						2.104 3.494 -5.635,
						2.081 3.479 -5.611,
						2.081 4.551 -5.611,
						2.104 4.536 -5.635,
						2.124 4.517 -5.656,
						2.141 4.494 -5.673,
						2.155 4.467 -5.688
					]
				}
				coordIndex
				[
					0, 1, 2, -1,
					2, 1, 3, -1,
					2, 3, 4, -1,
					4, 3, 5, -1,
					4, 5, 6, -1,
					6, 5, 7, -1,
					2, 8, 0, -1,
					0, 8, 9, -1,
					0, 9, 10, -1,
					10, 11, 0, -1,
					0, 11, 12, -1,
					0, 12, 13, -1,
					13, 14, 0, -1,
					15, 16, 5, -1,
					5, 16, 17, -1,
					5, 17, 18, -1,
					18, 19, 5, -1,
					5, 19, 7, -1
				]
				normal Normal
				{
					vector
					[
						-0.721 -0.000 -0.693
					]
				}
				normalIndex
				[
					0, 0, 0, -1,
					0, 0, 0, -1,
					0, 0, 0, -1,
					0, 0, 0, -1,
					0, 0, 0, -1,
					0, 0, 0, -1,
					0, 0, 0, -1,
					0, 0, 0, -1,
					0, 0, 0, -1,
					0, 0, 0, -1,
					0, 0, 0, -1,
					0, 0, 0, -1,
					0, 0, 0, -1,
					0, 0, 0, -1,
					0, 0, 0, -1,
					0, 0, 0, -1,
					0, 0, 0, -1,
					0, 0, 0, -1
				]
			}
		}
		Shape
		{
			appearance Appearance
			{
				material Material
				{
					diffuseColor 0.694 0.741 0.788
				}
			}
			geometry IndexedFaceSet
			{
				creaseAngle 0.5
				solid TRUE
				coord Coordinate
				{
					point
					[
						2.053 4.560 -5.581,
						1.998 4.568 -5.524,
						2.342 4.602 -5.304,
						2.287 4.611 -5.247,
						1.903 4.587 -5.404,
						2.239 4.620 -5.187,
						1.838 4.606 -5.282,
						2.207 4.629 -5.126,
						1.797 4.625 -5.157,
						2.186 4.639 -5.064,
						1.777 4.644 -5.031,
						2.176 4.648 -5.001,
						2.176 4.658 -4.937,
						1.778 4.663 -4.904,
						2.187 4.668 -4.873,
						1.799 4.683 -4.775,
						2.210 4.678 -4.807,
						1.844 4.703 -4.644,
						2.247 4.688 -4.741,
						1.920 4.723 -4.511,
						2.530 4.750 -4.336,
						2.203 4.785 -4.107,
						2.593 4.766 -4.230,
						2.234 4.793 -4.054,
						2.638 4.783 -4.118,
						2.257 4.802 -3.998,
						2.665 4.801 -4.001,
						2.270 4.811 -3.939,
						2.675 4.820 -3.878,
						2.275 4.820 -3.878,
						2.675 4.953 -3.012,
						2.275 4.953 -3.012
					]
				}
				coordIndex
				[
					0, 1, 2, -1,
					2, 1, 3, -1,
					1, 4, 3, -1,
					3, 4, 5, -1,
					4, 6, 5, -1,
					5, 6, 7, -1,
					6, 8, 7, -1,
					7, 8, 9, -1,
					8, 10, 9, -1,
					9, 10, 11, -1,
					11, 10, 12, -1,
					12, 10, 13, -1,
					12, 13, 14, -1,
					14, 13, 15, -1,
					14, 15, 16, -1,
					16, 15, 17, -1,
					16, 17, 18, -1,
					18, 17, 19, -1,
					18, 19, 20, -1,
					20, 19, 21, -1,
					20, 21, 22, -1,
					22, 21, 23, -1,
					22, 23, 24, -1,
					24, 23, 25, -1,
					24, 25, 26, -1,
					26, 25, 27, -1,
					26, 27, 28, -1,
					28, 27, 29, -1,
					28, 29, 30, -1,
					30, 29, 31, -1
				]
				normal Normal
				{
					vector
					[
						-0.000 0.989 -0.151
					]
				}
				normalIndex
				[
					0, 0, 0, -1,
					0, 0, 0, -1,
					0, 0, 0, -1,
					0, 0, 0, -1,
					0, 0, 0, -1,
					0, 0, 0, -1,
					0, 0, 0, -1,
					0, 0, 0, -1,
					0, 0, 0, -1,
					0, 0, 0, -1,
					0, 0, 0, -1,
					0, 0, 0, -1,
					0, 0, 0, -1,
					0, 0, 0, -1,
					0, 0, 0, -1,
					0, 0, 0, -1,
					0, 0, 0, -1,
					0, 0, 0, -1,
					0, 0, 0, -1,
					0, 0, 0, -1,
					0, 0, 0, -1,
					0, 0, 0, -1,
					0, 0, 0, -1,
					0, 0, 0, -1,
					0, 0, 0, -1,
					0, 0, 0, -1,
					0, 0, 0, -1,
					0, 0, 0, -1,
					0, 0, 0, -1,
					0, 0, 0, -1
				]
			}
		}
		Shape
		{
			appearance Appearance
			{
				material Material
				{
					diffuseColor 0.694 0.741 0.788
				}
			}
			geometry IndexedFaceSet
			{
				creaseAngle 0.5
				solid TRUE
				coord Coordinate
				{
					point
					[
						2.247 4.688 -4.741,
						2.247 3.342 -4.741,
						2.210 4.678 -4.807,
						2.210 3.352 -4.807,
						2.187 3.362 -4.873,
						2.186 3.391 -5.064,
						2.186 4.639 -5.064,
						2.176 3.382 -5.001,
						2.176 4.648 -5.001,
						2.176 3.372 -4.937,
						2.176 4.658 -4.937,
						2.187 4.668 -4.873,
						2.207 3.401 -5.126,
						2.207 4.629 -5.126,
						2.239 4.620 -5.187,
						2.239 3.410 -5.187,
						2.287 3.419 -5.247,
						2.287 4.611 -5.247
					]
				}
				coordIndex
				[
					0, 1, 2, -1,
					2, 1, 3, -1,
					2, 3, 4, -1,
					5, 6, 7, -1,
					7, 6, 8, -1,
					7, 8, 9, -1,
					9, 8, 10, -1,
					9, 10, 4, -1,
					4, 10, 11, -1,
					4, 11, 2, -1,
					5, 12, 6, -1,
					6, 12, 13, -1,
					13, 12, 14, -1,
					14, 12, 15, -1,
					14, 15, 16, -1,
					16, 17, 14, -1
				]
				normal Normal
				{
					vector
					[
						0.819 -0.000 -0.574,
						0.913 -0.000 -0.407,
						0.970 -0.000 -0.244,
						0.972 -0.000 0.234,
						0.997 -0.000 0.077,
						0.997 0.000 0.077,
						0.997 0.000 -0.082,
						0.997 -0.000 -0.082,
						0.921 -0.000 0.390,
						0.840 -0.000 0.543,
						0.721 -0.000 0.693
					]
				}
				normalIndex
				[
					0, 0, 1, -1,
					1, 0, 1, -1,
					1, 1, 2, -1,
					3, 3, 4, -1,
					4, 3, 5, -1,
					4, 5, 6, -1,
					6, 5, 7, -1,
					6, 7, 2, -1,
					2, 7, 2, -1,
					2, 2, 1, -1,
					3, 8, 3, -1,
					3, 8, 8, -1,
					8, 8, 9, -1,
					9, 8, 9, -1,
					9, 9, 10, -1,
					10, 10, 9, -1
				]
			}
		}
		Shape
		{
			appearance Appearance
			{
				material Material
				{
					diffuseColor 0.694 0.741 0.788
				}
			}
			geometry IndexedFaceSet
			{
				creaseAngle 0.5
				solid TRUE
				coord Coordinate
				{
					point
					[
						2.530 4.750 -4.336,
						2.530 3.280 -4.336,
						2.247 4.688 -4.741,
						2.247 3.342 -4.741
					]
				}
				coordIndex
				[
					0, 1, 2, -1,
					2, 1, 3, -1
				]
				normal Normal
				{
					vector
					[
						0.819 -0.000 -0.574
					]
				}
				normalIndex
				[
					0, 0, 0, -1,
					0, 0, 0, -1
				]
			}
		}
		Shape
		{
			appearance Appearance
			{
				material Material
				{
					diffuseColor 0.694 0.741 0.788
				}
			}
			geometry IndexedFaceSet
			{
				creaseAngle 0.5
				solid TRUE
				coord Coordinate
				{
					point
					[
						2.675 4.820 -3.878,
						2.675 3.210 -3.878,
						2.665 4.801 -4.001,
						2.665 3.229 -4.001,
						2.638 4.783 -4.118,
						2.638 3.247 -4.118,
						2.593 3.264 -4.230,
						2.530 3.280 -4.336,
						2.530 4.750 -4.336,
						2.593 4.766 -4.230
					]
				}
				coordIndex
				[
					0, 1, 2, -1,
					2, 1, 3, -1,
					2, 3, 4, -1,
					4, 3, 5, -1,
					4, 5, 6, -1,
					7, 8, 6, -1,
					6, 8, 9, -1,
					6, 9, 4, -1
				]
				normal Normal
				{
					vector
					[
						1.000 0.000 0.000,
						0.988 0.000 -0.154,
						0.954 0.000 -0.300,
						0.898 0.000 -0.440,
						0.819 0.000 -0.574
					]
				}
				normalIndex
				[
					0, 0, 1, -1,
					1, 0, 1, -1,
					1, 1, 2, -1,
					2, 1, 2, -1,
					2, 2, 3, -1,
					4, 4, 3, -1,
					3, 4, 3, -1,
					3, 3, 2, -1
				]
			}
		}
		Shape
		{
			appearance Appearance
			{
				material Material
				{
					diffuseColor 0.694 0.741 0.788
				}
			}
			geometry IndexedFaceSet
			{
				creaseAngle 0.5
				solid TRUE
				coord Coordinate
				{
					point
					[
						2.275 4.953 -3.012,
						2.275 4.971 -2.950,
						2.675 4.953 -3.012,
						2.675 4.971 -2.950,
						2.675 5.005 -2.894,
						2.275 5.005 -2.894,
						2.275 5.052 -2.849,
						2.675 5.052 -2.849,
						2.275 5.109 -2.817,
						2.675 5.109 -2.817,
						2.275 5.172 -2.802,
						2.675 5.172 -2.802,
						2.675 5.237 -2.803,
						2.275 5.237 -2.803,
						2.275 5.300 -2.821,
						2.675 5.300 -2.821,
						2.275 5.356 -2.855,
						2.675 5.356 -2.855,
						2.675 5.401 -2.902,
						2.275 5.401 -2.902,
						2.275 5.433 -2.959,
						2.675 5.433 -2.959,
						2.275 5.448 -3.023,
						2.675 5.448 -3.023,
						2.675 5.447 -3.088,
						2.275 5.447 -3.088
					]
				}
				coordIndex
				[
					0, 1, 2, -1,
					2, 1, 3, -1,
					3, 1, 4, -1,
					4, 1, 5, -1,
					4, 5, 6, -1,
					4, 6, 7, -1,
					7, 6, 8, -1,
					7, 8, 9, -1,
					9, 8, 10, -1,
					9, 10, 11, -1,
					11, 10, 12, -1,
					10, 13, 12, -1,
					12, 13, 14, -1,
					12, 14, 15, -1,
					15, 14, 16, -1,
					15, 16, 17, -1,
					17, 16, 18, -1,
					16, 19, 18, -1,
					18, 19, 20, -1,
					18, 20, 21, -1,
					21, 20, 22, -1,
					21, 22, 23, -1,
					23, 22, 24, -1,
					22, 25, 24, -1
				]
				normal Normal
				{
					vector
					[
						-0.000 0.989 -0.151,
						-0.000 0.916 -0.402,
						-0.000 0.780 -0.625,
						-0.000 0.592 -0.806,
						-0.000 0.363 -0.932,
						-0.000 0.110 -0.994,
						-0.000 -0.151 -0.989,
						-0.000 -0.402 -0.916,
						-0.000 -0.625 -0.780,
						-0.000 -0.806 -0.592,
						-0.000 -0.932 -0.363,
						-0.000 -0.994 -0.110,
						-0.000 -0.989 0.151
					]
				}
				normalIndex
				[
					0, 1, 0, -1,
					0, 1, 1, -1,
					1, 1, 2, -1,
					2, 1, 2, -1,
					2, 2, 3, -1,
					2, 3, 3, -1,
					3, 3, 4, -1,
					3, 4, 4, -1,
					4, 4, 5, -1,
					4, 5, 5, -1,
					5, 5, 6, -1,
					5, 6, 6, -1,
					6, 6, 7, -1,
					6, 7, 7, -1,
					7, 7, 8, -1,
					7, 8, 8, -1,
					8, 8, 9, -1,
					8, 9, 9, -1,
					9, 9, 10, -1,
					9, 10, 10, -1,
					10, 10, 11, -1,
					10, 11, 11, -1,
					11, 11, 12, -1,
					11, 12, 12, -1
				]
			}
		}
		Shape
		{
			appearance Appearance
			{
				material Material
				{
					diffuseColor 0.694 0.741 0.788
				}
			}
			geometry IndexedFaceSet
			{
				creaseAngle 0.5
				solid TRUE
				coord Coordinate
				{
					point
					[
						2.275 4.982 -6.130,
						2.675 4.982 -6.130,
						2.275 5.447 -3.088,
						2.675 5.447 -3.088
					]
				}
				coordIndex
				[
					0, 1, 2, -1,
					2, 1, 3, -1
				]
				normal Normal
				{
					vector
					[
						-0.000 -0.989 0.151
					]
				}
				normalIndex
				[
					0, 0, 0, -1,
					0, 0, 0, -1
				]
			}
		}
		Shape
		{
			appearance Appearance
			{
				material Material
				{
					diffuseColor 0.694 0.741 0.788
				}
			}
			geometry IndexedFaceSet
			{
				creaseAngle 0.5
				solid TRUE
				coord Coordinate
				{
					point
					[
						2.675 4.982 -6.130,
						2.275 4.982 -6.130,
						2.675 4.969 -6.176,
						2.275 4.969 -6.176,
						2.275 4.946 -6.217,
						2.275 4.875 -6.278,
						2.675 4.875 -6.278,
						2.275 4.914 -6.252,
						2.675 4.914 -6.252,
						2.675 4.946 -6.217,
						2.275 4.831 -6.294,
						2.675 4.831 -6.294,
						2.275 4.784 -6.300,
						2.675 4.784 -6.300
					]
				}
				coordIndex
				[
					0, 1, 2, -1,
					2, 1, 3, -1,
					2, 3, 4, -1,
					5, 6, 7, -1,
					7, 6, 8, -1,
					7, 8, 4, -1,
					4, 8, 9, -1,
					4, 9, 2, -1,
					5, 10, 6, -1,
					6, 10, 11, -1,
					12, 13, 10, -1,
					10, 13, 11, -1
				]
				normal Normal
				{
					vector
					[
						-0.000 -0.989 0.151,
						-0.000 -0.926 0.379,
						-0.000 -0.811 0.585,
						-0.000 -0.456 0.890,
						-0.000 -0.651 0.759,
						-0.000 -0.234 0.972,
						-0.000 -0.000 1.000
					]
				}
				normalIndex
				[
					0, 0, 1, -1,
					1, 0, 1, -1,
					1, 1, 2, -1,
					3, 3, 4, -1,
					4, 3, 4, -1,
					4, 4, 2, -1,
					2, 4, 2, -1,
					2, 2, 1, -1,
					3, 5, 3, -1,
					3, 5, 5, -1,
					6, 6, 5, -1,
					5, 6, 5, -1
				]
			}
		}
		Shape
		{
			appearance Appearance
			{
				material Material
				{
					diffuseColor 0.694 0.741 0.788
				}
			}
			geometry IndexedFaceSet
			{
				creaseAngle 0.5
				solid TRUE
				coord Coordinate
				{
					point
					[
						2.675 3.246 -6.300,
						2.675 4.784 -6.300,
						2.275 3.246 -6.300,
						2.275 4.784 -6.300
					]
				}
				coordIndex
				[
					0, 1, 2, -1,
					2, 1, 3, -1
				]
				normal Normal
				{
					vector
					[
						-0.000 -0.000 1.000
					]
				}
				normalIndex
				[
					0, 0, 0, -1,
					0, 0, 0, -1
				]
			}
		}
		Shape
		{
			appearance Appearance
			{
				material Material
				{
					diffuseColor 0.694 0.741 0.788
				}
			}
			geometry IndexedFaceSet
			{
				creaseAngle 0.5
				solid TRUE
				coord Coordinate
				{
					point
					[
						2.675 3.246 -6.300,
						2.275 3.246 -6.300,
						2.675 3.199 -6.294,
						2.275 3.199 -6.294,
						2.275 3.155 -6.278,
						2.275 3.084 -6.217,
						2.675 3.084 -6.217,
						2.275 3.116 -6.252,
						2.675 3.116 -6.252,
						2.675 3.155 -6.278,
						2.275 3.061 -6.176,
						2.675 3.061 -6.176,
						2.275 3.048 -6.130,
						2.675 3.048 -6.130
					]
				}
				coordIndex
				[
					0, 1, 2, -1,
					2, 1, 3, -1,
					2, 3, 4, -1,
					5, 6, 7, -1,
					7, 6, 8, -1,
					7, 8, 4, -1,
					4, 8, 9, -1,
					4, 9, 2, -1,
					5, 10, 6, -1,
					6, 10, 11, -1,
					12, 13, 10, -1,
					10, 13, 11, -1
				]
				normal Normal
				{
					vector
					[
						-0.000 -0.000 1.000,
						-0.000 0.234 0.972,
						-0.000 0.456 0.890,
						-0.000 0.811 0.585,
						-0.000 0.651 0.759,
						-0.000 0.926 0.379,
						-0.000 0.989 0.151
					]
				}
				normalIndex
				[
					0, 0, 1, -1,
					1, 0, 1, -1,
					1, 1, 2, -1,
					3, 3, 4, -1,
					4, 3, 4, -1,
					4, 4, 2, -1,
					2, 4, 2, -1,
					2, 2, 1, -1,
					3, 5, 3, -1,
					3, 5, 5, -1,
					6, 6, 5, -1,
					5, 6, 5, -1
				]
			}
		}
		Shape
		{
			appearance Appearance
			{
				material Material
				{
					diffuseColor 0.694 0.741 0.788
				}
			}
			geometry IndexedFaceSet
			{
				creaseAngle 0.5
				solid TRUE
				coord Coordinate
				{
					point
					[
						2.203 4.785 -4.107,
						2.203 3.245 -4.107,
						2.234 4.793 -4.054,
						2.234 3.237 -4.054,
						2.257 3.228 -3.998,
						2.275 3.210 -3.878,
						2.275 4.820 -3.878,
						2.270 3.219 -3.939,
						2.270 4.811 -3.939,
						2.257 4.802 -3.998
					]
				}
				coordIndex
				[
					0, 1, 2, -1,
					2, 1, 3, -1,
					2, 3, 4, -1,
					5, 6, 7, -1,
					7, 6, 8, -1,
					7, 8, 4, -1,
					4, 8, 9, -1,
					4, 9, 2, -1
				]
				normal Normal
				{
					vector
					[
						-0.819 -0.000 0.574,
						-0.898 -0.000 0.440,
						-0.954 -0.000 0.300,
						-1.000 -0.000 -0.000,
						-0.988 -0.000 0.154
					]
				}
				normalIndex
				[
					0, 0, 1, -1,
					1, 0, 1, -1,
					1, 1, 2, -1,
					3, 3, 4, -1,
					4, 3, 4, -1,
					4, 4, 2, -1,
					2, 4, 2, -1,
					2, 2, 1, -1
				]
			}
		}
		Shape
		{
			appearance Appearance
			{
				material Material
				{
					diffuseColor 0.694 0.741 0.788
				}
			}
			geometry IndexedFaceSet
			{
				creaseAngle 0.5
				solid TRUE
				coord Coordinate
				{
					point
					[
						1.920 4.723 -4.511,
						1.920 3.307 -4.511,
						2.203 4.785 -4.107,
						2.203 3.245 -4.107
					]
				}
				coordIndex
				[
					0, 1, 2, -1,
					2, 1, 3, -1
				]
				normal Normal
				{
					vector
					[
						-0.819 -0.000 0.574
					]
				}
				normalIndex
				[
					0, 0, 0, -1,
					0, 0, 0, -1
				]
			}
		}
		Shape
		{
			appearance Appearance
			{
				material Material
				{
					diffuseColor 0.694 0.741 0.788
				}
			}
			geometry IndexedFaceSet
			{
				creaseAngle 0.5
				solid TRUE
				coord Coordinate
				{
					point
					[
						1.998 3.462 -5.524,
						1.903 3.443 -5.404,
						1.998 4.568 -5.524,
						1.903 4.587 -5.404,
						1.838 4.606 -5.282,
						1.838 3.424 -5.282,
						1.797 3.405 -5.157,
						1.799 3.347 -4.775,
						1.799 4.683 -4.775,
						1.778 3.367 -4.904,
						1.778 4.663 -4.904,
						1.777 3.386 -5.031,
						1.777 4.644 -5.031,
						1.797 4.625 -5.157,
						1.844 3.327 -4.644,
						1.844 4.703 -4.644,
						1.920 3.307 -4.511,
						1.920 4.723 -4.511
					]
				}
				coordIndex
				[
					0, 1, 2, -1,
					2, 1, 3, -1,
					3, 1, 4, -1,
					4, 1, 5, -1,
					4, 5, 6, -1,
					7, 8, 9, -1,
					9, 8, 10, -1,
					9, 10, 11, -1,
					11, 10, 12, -1,
					11, 12, 6, -1,
					6, 12, 13, -1,
					6, 13, 4, -1,
					7, 14, 8, -1,
					8, 14, 15, -1,
					16, 17, 14, -1,
					14, 17, 15, -1
				]
				normal Normal
				{
					vector
					[
						-0.721 0.000 -0.693,
						-0.840 0.000 -0.543,
						-0.921 0.000 -0.390,
						-0.972 0.000 -0.234,
						-0.970 0.000 0.244,
						-0.997 0.000 0.082,
						-0.997 -0.000 0.082,
						-0.997 -0.000 -0.077,
						-0.997 0.000 -0.077,
						-0.913 0.000 0.407,
						-0.819 0.000 0.574
					]
				}
				normalIndex
				[
					0, 1, 0, -1,
					0, 1, 1, -1,
					1, 1, 2, -1,
					2, 1, 2, -1,
					2, 2, 3, -1,
					4, 4, 5, -1,
					5, 4, 6, -1,
					5, 6, 7, -1,
					7, 6, 8, -1,
					7, 8, 3, -1,
					3, 8, 3, -1,
					3, 3, 2, -1,
					4, 9, 4, -1,
					4, 9, 9, -1,
					10, 10, 9, -1,
					9, 10, 9, -1
				]
			}
		}
		Shape
		{
			appearance Appearance
			{
				material Material
				{
					diffuseColor 0.694 0.741 0.788
				}
			}
			geometry IndexedFaceSet
			{
				creaseAngle 0.5
				solid TRUE
				coord Coordinate
				{
					point
					[
						2.465 4.402 -5.433,
						2.465 3.628 -5.433,
						2.177 4.360 -5.710,
						2.177 3.670 -5.710
					]
				}
				coordIndex
				[
					0, 1, 2, -1,
					2, 1, 3, -1
				]
				normal Normal
				{
					vector
					[
						0.693 -0.000 -0.721
					]
				}
				normalIndex
				[
					0, 0, 0, -1,
					0, 0, 0, -1
				]
			}
		}
		Shape
		{
			appearance Appearance
			{
				material Material
				{
					diffuseColor 0.694 0.741 0.788
				}
			}
			geometry IndexedFaceSet
			{
				creaseAngle 0.5
				solid TRUE
				coord Coordinate
				{
					point
					[
						2.675 1.153 -1.266,
						2.275 1.153 -1.266,
						2.675 1.926 -5.707,
						2.275 1.926 -5.707
					]
				}
				coordIndex
				[
					0, 1, 2, -1,
					2, 1, 3, -1
				]
				normal Normal
				{
					vector
					[
						-0.000 -0.985 -0.172
					]
				}
				normalIndex
				[
					0, 0, 0, -1,
					0, 0, 0, -1
				]
			}
		}
		Shape
		{
			appearance Appearance
			{
				material Material
				{
					diffuseColor 0.694 0.741 0.788
				}
			}
			geometry IndexedFaceSet
			{
				creaseAngle 0.5
				solid TRUE
				coord Coordinate
				{
					point
					[
						2.675 1.434 -5.793,
						2.675 1.453 -5.855,
						2.275 1.434 -5.793,
						2.275 1.453 -5.855,
						2.275 1.488 -5.910,
						2.675 1.488 -5.910,
						2.675 1.536 -5.954,
						2.275 1.536 -5.954,
						2.675 1.594 -5.985,
						2.275 1.594 -5.985,
						2.675 1.658 -5.999,
						2.275 1.658 -5.999,
						2.275 1.723 -5.996,
						2.675 1.723 -5.996,
						2.675 1.785 -5.977,
						2.275 1.785 -5.977,
						2.675 1.841 -5.942,
						2.275 1.841 -5.942,
						2.275 1.885 -5.894,
						2.675 1.885 -5.894,
						2.675 1.915 -5.836,
						2.275 1.915 -5.836,
						2.675 1.929 -5.772,
						2.275 1.929 -5.772,
						2.275 1.926 -5.707,
						2.675 1.926 -5.707
					]
				}
				coordIndex
				[
					0, 1, 2, -1,
					2, 1, 3, -1,
					3, 1, 4, -1,
					4, 1, 5, -1,
					4, 5, 6, -1,
					4, 6, 7, -1,
					7, 6, 8, -1,
					7, 8, 9, -1,
					9, 8, 10, -1,
					9, 10, 11, -1,
					11, 10, 12, -1,
					10, 13, 12, -1,
					12, 13, 14, -1,
					12, 14, 15, -1,
					15, 14, 16, -1,
					15, 16, 17, -1,
					17, 16, 18, -1,
					16, 19, 18, -1,
					18, 19, 20, -1,
					18, 20, 21, -1,
					21, 20, 22, -1,
					21, 22, 23, -1,
					23, 22, 24, -1,
					22, 25, 24, -1
				]
				normal Normal
				{
					vector
					[
						-0.000 0.985 0.172,
						-0.000 0.907 0.421,
						-0.000 0.767 0.641,
						-0.000 0.575 0.818,
						-0.000 0.344 0.939,
						-0.000 0.089 0.996,
						-0.000 -0.172 0.985,
						-0.000 -0.421 0.907,
						-0.000 -0.641 0.767,
						-0.000 -0.818 0.575,
						-0.000 -0.939 0.344,
						-0.000 -0.996 0.089,
						-0.000 -0.985 -0.172
					]
				}
				normalIndex
				[
					0, 1, 0, -1,
					0, 1, 1, -1,
					1, 1, 2, -1,
					2, 1, 2, -1,
					2, 2, 3, -1,
					2, 3, 3, -1,
					3, 3, 4, -1,
					3, 4, 4, -1,
					4, 4, 5, -1,
					4, 5, 5, -1,
					5, 5, 6, -1,
					5, 6, 6, -1,
					6, 6, 7, -1,
					6, 7, 7, -1,
					7, 7, 8, -1,
					7, 8, 8, -1,
					8, 8, 9, -1,
					8, 9, 9, -1,
					9, 9, 10, -1,
					9, 10, 10, -1,
					10, 10, 11, -1,
					10, 11, 11, -1,
					11, 11, 12, -1,
					11, 12, 12, -1
				]
			}
		}
		Shape
		{
			appearance Appearance
			{
				material Material
				{
					diffuseColor 0.694 0.741 0.788
				}
			}
			geometry IndexedFaceSet
			{
				creaseAngle 0.5
				solid TRUE
				coord Coordinate
				{
					point
					[
						2.341 0.765 -1.953,
						2.674 0.803 -2.174,
						1.811 0.904 -2.754,
						2.145 0.943 -2.975,
						1.733 0.932 -2.914,
						2.111 0.955 -3.043,
						1.700 0.958 -3.060,
						2.097 0.966 -3.106,
						1.697 0.982 -3.199,
						2.096 0.976 -3.165,
						2.106 0.986 -3.221,
						1.721 1.005 -3.330,
						2.127 0.995 -3.274,
						1.769 1.026 -3.454,
						2.159 1.004 -3.325,
						1.843 1.047 -3.571,
						2.204 1.012 -3.371,
						1.948 1.066 -3.679,
						2.268 1.019 -3.412,
						2.099 1.082 -3.775,
						2.362 1.028 -3.465,
						2.140 1.086 -3.797,
						2.442 1.039 -3.527,
						2.174 1.091 -3.824,
						2.509 1.051 -3.596,
						2.203 1.096 -3.854,
						2.565 1.065 -3.673,
						2.228 1.102 -3.887,
						2.611 1.079 -3.756,
						2.247 1.108 -3.923,
						2.645 1.095 -3.846,
						2.262 1.115 -3.962,
						2.667 1.112 -3.944,
						2.272 1.122 -4.004,
						2.675 1.130 -4.050,
						2.275 1.130 -4.050,
						2.675 1.434 -5.793,
						2.275 1.434 -5.793
					]
				}
				coordIndex
				[
					0, 1, 2, -1,
					2, 1, 3, -1,
					2, 3, 4, -1,
					4, 3, 5, -1,
					4, 5, 6, -1,
					6, 5, 7, -1,
					6, 7, 8, -1,
					8, 7, 9, -1,
					8, 9, 10, -1,
					8, 10, 11, -1,
					11, 10, 12, -1,
					11, 12, 13, -1,
					13, 12, 14, -1,
					13, 14, 15, -1,
					15, 14, 16, -1,
					15, 16, 17, -1,
					17, 16, 18, -1,
					17, 18, 19, -1,
					19, 18, 20, -1,
					19, 20, 21, -1,
					21, 20, 22, -1,
					21, 22, 23, -1,
					23, 22, 24, -1,
					23, 24, 25, -1,
					25, 24, 26, -1,
					25, 26, 27, -1,
					27, 26, 28, -1,
					27, 28, 29, -1,
					29, 28, 30, -1,
					29, 30, 31, -1,
					31, 30, 32, -1,
					31, 32, 33, -1,
					33, 32, 34, -1,
					33, 34, 35, -1,
					35, 34, 36, -1,
					35, 36, 37, -1
				]
				normal Normal
				{
					vector
					[
						-0.000 0.985 0.172
					]
				}
				normalIndex
				[
					0, 0, 0, -1,
					0, 0, 0, -1,
					0, 0, 0, -1,
					0, 0, 0, -1,
					0, 0, 0, -1,
					0, 0, 0, -1,
					0, 0, 0, -1,
					0, 0, 0, -1,
					0, 0, 0, -1,
					0, 0, 0, -1,
					0, 0, 0, -1,
					0, 0, 0, -1,
					0, 0, 0, -1,
					0, 0, 0, -1,
					0, 0, 0, -1,
					0, 0, 0, -1,
					0, 0, 0, -1,
					0, 0, 0, -1,
					0, 0, 0, -1,
					0, 0, 0, -1,
					0, 0, 0, -1,
					0, 0, 0, -1,
					0, 0, 0, -1,
					0, 0, 0, -1,
					0, 0, 0, -1,
					0, 0, 0, -1,
					0, 0, 0, -1,
					0, 0, 0, -1,
					0, 0, 0, -1,
					0, 0, 0, -1,
					0, 0, 0, -1,
					0, 0, 0, -1,
					0, 0, 0, -1,
					0, 0, 0, -1,
					0, 0, 0, -1,
					0, 0, 0, -1
				]
			}
		}
		Shape
		{
			appearance Appearance
			{
				material Material
				{
					diffuseColor 0.694 0.741 0.788
				}
			}
			geometry IndexedFaceSet
			{
				creaseAngle 0.5
				solid TRUE
				coord Coordinate
				{
					point
					[
						2.341 0.765 -1.953,
						2.362 0.755 -1.921,
						2.674 0.803 -2.174,
						2.696 0.794 -2.141,
						2.714 0.778 -2.114,
						2.380 0.740 -1.893,
						2.729 0.759 -2.091,
						2.395 0.721 -1.870,
						2.408 0.697 -1.851,
						2.419 0.671 -1.834,
						2.753 0.709 -2.055,
						2.742 0.736 -2.071,
						2.427 0.641 -1.822,
						2.761 0.679 -2.042,
						2.766 0.644 -2.034,
						2.433 0.606 -1.813,
						2.435 0.566 -1.810,
						2.769 0.604 -2.031
					]
				}
				coordIndex
				[
					0, 1, 2, -1,
					2, 1, 3, -1,
					3, 1, 4, -1,
					4, 1, 5, -1,
					4, 5, 6, -1,
					6, 5, 7, -1,
					6, 7, 8, -1,
					9, 10, 8, -1,
					8, 10, 11, -1,
					8, 11, 6, -1,
					9, 12, 10, -1,
					10, 12, 13, -1,
					13, 12, 14, -1,
					14, 12, 15, -1,
					14, 15, 16, -1,
					16, 17, 14, -1
				]
				normal Normal
				{
					vector
					[
						-0.000 0.985 0.172,
						0.111 0.937 0.331,
						0.207 0.862 0.463,
						0.291 0.766 0.574,
						0.365 0.651 0.666,
						0.429 0.519 0.739,
						0.483 0.369 0.794,
						0.525 0.198 0.828,
						0.551 -0.000 0.834
					]
				}
				normalIndex
				[
					0, 1, 0, -1,
					0, 1, 1, -1,
					1, 1, 2, -1,
					2, 1, 2, -1,
					2, 2, 3, -1,
					3, 2, 3, -1,
					3, 3, 4, -1,
					5, 5, 4, -1,
					4, 5, 4, -1,
					4, 4, 3, -1,
					5, 6, 5, -1,
					5, 6, 6, -1,
					6, 6, 7, -1,
					7, 6, 7, -1,
					7, 7, 8, -1,
					8, 8, 7, -1
				]
			}
		}
		Shape
		{
			appearance Appearance
			{
				material Material
				{
					diffuseColor 0.694 0.741 0.788
				}
			}
			geometry IndexedFaceSet
			{
				creaseAngle 0.5
				solid TRUE
				coord Coordinate
				{
					point
					[
						2.145 -0.943 -2.975,
						2.769 -0.604 -2.031,
						2.674 -0.803 -2.174,
						2.766 -0.644 -2.034,
						2.761 -0.679 -2.042,
						2.145 0.943 -2.975,
						2.769 0.604 -2.031,
						2.674 0.803 -2.174,
						2.766 0.644 -2.034,
						2.696 0.794 -2.141,
						2.714 0.778 -2.114,
						2.729 0.759 -2.091,
						2.742 0.736 -2.071,
						2.753 0.709 -2.055,
						2.761 0.679 -2.042,
						2.753 -0.709 -2.055,
						2.742 -0.736 -2.071,
						2.729 -0.759 -2.091,
						2.714 -0.778 -2.114,
						2.696 -0.794 -2.141
					]
				}
				coordIndex
				[
					0, 1, 2, -1,
					2, 1, 3, -1,
					2, 3, 4, -1,
					0, 5, 1, -1,
					1, 5, 6, -1,
					5, 7, 6, -1,
					6, 7, 8, -1,
					9, 10, 7, -1,
					7, 10, 11, -1,
					7, 11, 12, -1,
					12, 13, 7, -1,
					7, 13, 14, -1,
					7, 14, 8, -1,
					4, 15, 2, -1,
					2, 15, 16, -1,
					2, 16, 17, -1,
					17, 18, 2, -1,
					2, 18, 19, -1
				]
				normal Normal
				{
					vector
					[
						0.834 0.000 -0.551
					]
				}
				normalIndex
				[
					0, 0, 0, -1,
					0, 0, 0, -1,
					0, 0, 0, -1,
					0, 0, 0, -1,
					0, 0, 0, -1,
					0, 0, 0, -1,
					0, 0, 0, -1,
					0, 0, 0, -1,
					0, 0, 0, -1,
					0, 0, 0, -1,
					0, 0, 0, -1,
					0, 0, 0, -1,
					0, 0, 0, -1,
					0, 0, 0, -1,
					0, 0, 0, -1,
					0, 0, 0, -1,
					0, 0, 0, -1,
					0, 0, 0, -1
				]
			}
		}
		Shape
		{
			appearance Appearance
			{
				material Material
				{
					diffuseColor 0.694 0.741 0.788
				}
			}
			geometry IndexedFaceSet
			{
				creaseAngle 0.5
				solid TRUE
				coord Coordinate
				{
					point
					[
						2.674 -0.803 -2.174,
						2.696 -0.794 -2.141,
						2.341 -0.765 -1.953,
						2.362 -0.755 -1.921,
						2.380 -0.740 -1.893,
						2.714 -0.778 -2.114,
						2.395 -0.721 -1.870,
						2.729 -0.759 -2.091,
						2.742 -0.736 -2.071,
						2.753 -0.709 -2.055,
						2.419 -0.671 -1.834,
						2.408 -0.697 -1.851,
						2.761 -0.679 -2.042,
						2.427 -0.641 -1.822,
						2.433 -0.606 -1.813,
						2.766 -0.644 -2.034,
						2.769 -0.604 -2.031,
						2.435 -0.566 -1.810
					]
				}
				coordIndex
				[
					0, 1, 2, -1,
					2, 1, 3, -1,
					3, 1, 4, -1,
					4, 1, 5, -1,
					4, 5, 6, -1,
					6, 5, 7, -1,
					6, 7, 8, -1,
					9, 10, 8, -1,
					8, 10, 11, -1,
					8, 11, 6, -1,
					9, 12, 10, -1,
					10, 12, 13, -1,
					13, 12, 14, -1,
					14, 12, 15, -1,
					14, 15, 16, -1,
					16, 17, 14, -1
				]
				normal Normal
				{
					vector
					[
						-0.000 -0.985 0.172,
						0.111 -0.937 0.331,
						0.207 -0.862 0.463,
						0.291 -0.766 0.574,
						0.365 -0.651 0.666,
						0.429 -0.519 0.739,
						0.483 -0.369 0.794,
						0.525 -0.198 0.828,
						0.551 0.000 0.834
					]
				}
				normalIndex
				[
					0, 1, 0, -1,
					0, 1, 1, -1,
					1, 1, 2, -1,
					2, 1, 2, -1,
					2, 2, 3, -1,
					3, 2, 3, -1,
					3, 3, 4, -1,
					5, 5, 4, -1,
					4, 5, 4, -1,
					4, 4, 3, -1,
					5, 6, 5, -1,
					5, 6, 6, -1,
					6, 6, 7, -1,
					7, 6, 7, -1,
					7, 7, 8, -1,
					8, 8, 7, -1
				]
			}
		}
		Shape
		{
			appearance Appearance
			{
				material Material
				{
					diffuseColor 0.694 0.741 0.788
				}
			}
			geometry IndexedFaceSet
			{
				creaseAngle 0.5
				solid TRUE
				coord Coordinate
				{
					point
					[
						2.341 0.765 -1.953,
						1.811 0.904 -2.754,
						2.435 0.566 -1.810,
						1.811 -0.904 -2.754,
						2.435 -0.566 -1.810,
						2.341 -0.765 -1.953,
						2.433 -0.606 -1.813,
						2.427 -0.641 -1.822,
						2.433 0.606 -1.813,
						2.427 0.641 -1.822,
						2.419 0.671 -1.834,
						2.408 0.697 -1.851,
						2.395 0.721 -1.870,
						2.380 0.740 -1.893,
						2.362 0.755 -1.921,
						2.362 -0.755 -1.921,
						2.380 -0.740 -1.893,
						2.395 -0.721 -1.870,
						2.408 -0.697 -1.851,
						2.419 -0.671 -1.834
					]
				}
				coordIndex
				[
					0, 1, 2, -1,
					2, 1, 3, -1,
					2, 3, 4, -1,
					4, 3, 5, -1,
					4, 5, 6, -1,
					6, 5, 7, -1,
					2, 8, 0, -1,
					0, 8, 9, -1,
					0, 9, 10, -1,
					10, 11, 0, -1,
					0, 11, 12, -1,
					0, 12, 13, -1,
					13, 14, 0, -1,
					15, 16, 5, -1,
					5, 16, 17, -1,
					5, 17, 18, -1,
					18, 19, 5, -1,
					5, 19, 7, -1
				]
				normal Normal
				{
					vector
					[
						-0.834 0.000 0.551
					]
				}
				normalIndex
				[
					0, 0, 0, -1,
					0, 0, 0, -1,
					0, 0, 0, -1,
					0, 0, 0, -1,
					0, 0, 0, -1,
					0, 0, 0, -1,
					0, 0, 0, -1,
					0, 0, 0, -1,
					0, 0, 0, -1,
					0, 0, 0, -1,
					0, 0, 0, -1,
					0, 0, 0, -1,
					0, 0, 0, -1,
					0, 0, 0, -1,
					0, 0, 0, -1,
					0, 0, 0, -1,
					0, 0, 0, -1,
					0, 0, 0, -1
				]
			}
		}
		Shape
		{
			appearance Appearance
			{
				material Material
				{
					diffuseColor 0.694 0.741 0.788
				}
			}
			geometry IndexedFaceSet
			{
				creaseAngle 0.5
				solid TRUE
				coord Coordinate
				{
					point
					[
						2.341 -0.765 -1.953,
						1.811 -0.904 -2.754,
						2.674 -0.803 -2.174,
						2.145 -0.943 -2.975,
						1.733 -0.932 -2.914,
						2.111 -0.955 -3.043,
						1.700 -0.958 -3.060,
						2.097 -0.966 -3.106,
						1.697 -0.982 -3.199,
						2.096 -0.976 -3.165,
						2.106 -0.986 -3.221,
						1.721 -1.005 -3.330,
						2.127 -0.995 -3.274,
						1.769 -1.026 -3.454,
						2.159 -1.004 -3.325,
						1.843 -1.047 -3.571,
						2.204 -1.012 -3.371,
						1.948 -1.066 -3.679,
						2.268 -1.019 -3.412,
						2.099 -1.082 -3.775,
						2.362 -1.028 -3.465,
						2.140 -1.086 -3.797,
						2.442 -1.039 -3.527,
						2.174 -1.091 -3.824,
						2.509 -1.051 -3.596,
						2.203 -1.096 -3.854,
						2.565 -1.065 -3.673,
						2.228 -1.102 -3.887,
						2.611 -1.079 -3.756,
						2.247 -1.108 -3.923,
						2.645 -1.095 -3.846,
						2.262 -1.115 -3.962,
						2.667 -1.112 -3.944,
						2.272 -1.122 -4.004,
						2.675 -1.130 -4.050,
						2.275 -1.130 -4.050,
						2.675 -1.434 -5.793,
						2.275 -1.434 -5.793
					]
				}
				coordIndex
				[
					0, 1, 2, -1,
					2, 1, 3, -1,
					1, 4, 3, -1,
					3, 4, 5, -1,
					4, 6, 5, -1,
					5, 6, 7, -1,
					6, 8, 7, -1,
					7, 8, 9, -1,
					9, 8, 10, -1,
					10, 8, 11, -1,
					10, 11, 12, -1,
					12, 11, 13, -1,
					12, 13, 14, -1,
					14, 13, 15, -1,
					14, 15, 16, -1,
					16, 15, 17, -1,
					16, 17, 18, -1,
					18, 17, 19, -1,
					18, 19, 20, -1,
					20, 19, 21, -1,
					20, 21, 22, -1,
					22, 21, 23, -1,
					22, 23, 24, -1,
					24, 23, 25, -1,
					24, 25, 26, -1,
					26, 25, 27, -1,
					26, 27, 28, -1,
					28, 27, 29, -1,
					28, 29, 30, -1,
					30, 29, 31, -1,
					30, 31, 32, -1,
					32, 31, 33, -1,
					32, 33, 34, -1,
					34, 33, 35, -1,
					34, 35, 36, -1,
					36, 35, 37, -1
				]
				normal Normal
				{
					vector
					[
						-0.000 -0.985 0.172
					]
				}
				normalIndex
				[
					0, 0, 0, -1,
					0, 0, 0, -1,
					0, 0, 0, -1,
					0, 0, 0, -1,
					0, 0, 0, -1,
					0, 0, 0, -1,
					0, 0, 0, -1,
					0, 0, 0, -1,
					0, 0, 0, -1,
					0, 0, 0, -1,
					0, 0, 0, -1,
					0, 0, 0, -1,
					0, 0, 0, -1,
					0, 0, 0, -1,
					0, 0, 0, -1,
					0, 0, 0, -1,
					0, 0, 0, -1,
					0, 0, 0, -1,
					0, 0, 0, -1,
					0, 0, 0, -1,
					0, 0, 0, -1,
					0, 0, 0, -1,
					0, 0, 0, -1,
					0, 0, 0, -1,
					0, 0, 0, -1,
					0, 0, 0, -1,
					0, 0, 0, -1,
					0, 0, 0, -1,
					0, 0, 0, -1,
					0, 0, 0, -1,
					0, 0, 0, -1,
					0, 0, 0, -1,
					0, 0, 0, -1,
					0, 0, 0, -1,
					0, 0, 0, -1,
					0, 0, 0, -1
				]
			}
		}
		Shape
		{
			appearance Appearance
			{
				material Material
				{
					diffuseColor 0.694 0.741 0.788
				}
			}
			geometry IndexedFaceSet
			{
				creaseAngle 0.5
				solid TRUE
				coord Coordinate
				{
					point
					[
						2.268 1.019 -3.412,
						2.204 1.012 -3.371,
						2.268 -1.019 -3.412,
						2.204 -1.012 -3.371,
						2.159 1.004 -3.325,
						2.159 -1.004 -3.325,
						2.127 -0.995 -3.274,
						2.127 0.995 -3.274,
						2.106 0.986 -3.221,
						2.111 0.955 -3.043,
						2.111 -0.955 -3.043,
						2.097 0.966 -3.106,
						2.097 -0.966 -3.106,
						2.096 0.976 -3.165,
						2.096 -0.976 -3.165,
						2.106 -0.986 -3.221,
						2.145 0.943 -2.975,
						2.145 -0.943 -2.975
					]
				}
				coordIndex
				[
					0, 1, 2, -1,
					2, 1, 3, -1,
					1, 4, 3, -1,
					3, 4, 5, -1,
					5, 4, 6, -1,
					6, 4, 7, -1,
					6, 7, 8, -1,
					9, 10, 11, -1,
					11, 10, 12, -1,
					11, 12, 13, -1,
					13, 12, 14, -1,
					13, 14, 8, -1,
					8, 14, 15, -1,
					8, 15, 6, -1,
					9, 16, 10, -1,
					10, 16, 17, -1
				]
				normal Normal
				{
					vector
					[
						0.422 -0.000 0.906,
						0.638 -0.000 0.770,
						0.788 -0.000 0.615,
						0.894 -0.000 0.448,
						0.963 -0.000 0.271,
						0.946 -0.000 -0.324,
						0.994 -0.000 -0.114,
						0.994 0.000 -0.114,
						0.996 0.000 0.084,
						0.996 -0.000 0.084,
						0.834 -0.000 -0.551
					]
				}
				normalIndex
				[
					0, 1, 0, -1,
					0, 1, 1, -1,
					1, 2, 1, -1,
					1, 2, 2, -1,
					2, 2, 3, -1,
					3, 2, 3, -1,
					3, 3, 4, -1,
					5, 5, 6, -1,
					6, 5, 7, -1,
					6, 7, 8, -1,
					8, 7, 9, -1,
					8, 9, 4, -1,
					4, 9, 4, -1,
					4, 4, 3, -1,
					5, 10, 5, -1,
					5, 10, 10, -1
				]
			}
		}
		Shape
		{
			appearance Appearance
			{
				material Material
				{
					diffuseColor 0.694 0.741 0.788
				}
			}
			geometry IndexedFaceSet
			{
				creaseAngle 0.5
				solid TRUE
				coord Coordinate
				{
					point
					[
						2.675 -1.130 -4.050,
						2.675 1.130 -4.050,
						2.667 -1.112 -3.944,
						2.667 1.112 -3.944,
						2.645 -1.095 -3.846,
						2.645 1.095 -3.846,
						2.611 1.079 -3.756,
						2.509 1.051 -3.596,
						2.509 -1.051 -3.596,
						2.565 1.065 -3.673,
						2.565 -1.065 -3.673,
						2.611 -1.079 -3.756,
						2.442 1.039 -3.527,
						2.442 -1.039 -3.527,
						2.362 -1.028 -3.465,
						2.362 1.028 -3.465,
						2.268 -1.019 -3.412,
						2.268 1.019 -3.412
					]
				}
				coordIndex
				[
					0, 1, 2, -1,
					2, 1, 3, -1,
					2, 3, 4, -1,
					4, 3, 5, -1,
					4, 5, 6, -1,
					7, 8, 9, -1,
					9, 8, 10, -1,
					9, 10, 6, -1,
					6, 10, 11, -1,
					6, 11, 4, -1,
					7, 12, 8, -1,
					8, 12, 13, -1,
					13, 12, 14, -1,
					14, 12, 15, -1,
					14, 15, 16, -1,
					16, 15, 17, -1
				]
				normal Normal
				{
					vector
					[
						1.000 0.000 0.000,
						0.989 0.000 0.151,
						0.957 0.000 0.290,
						0.908 0.000 0.418,
						0.764 0.000 0.645,
						0.844 0.000 0.536,
						0.669 0.000 0.744,
						0.556 0.000 0.831,
						0.422 0.000 0.906
					]
				}
				normalIndex
				[
					0, 0, 1, -1,
					1, 0, 1, -1,
					1, 1, 2, -1,
					2, 1, 2, -1,
					2, 2, 3, -1,
					4, 4, 5, -1,
					5, 4, 5, -1,
					5, 5, 3, -1,
					3, 5, 3, -1,
					3, 3, 2, -1,
					4, 6, 4, -1,
					4, 6, 6, -1,
					6, 6, 7, -1,
					7, 6, 7, -1,
					7, 7, 8, -1,
					8, 7, 8, -1
				]
			}
		}
		Shape
		{
			appearance Appearance
			{
				material Material
				{
					diffuseColor 0.694 0.741 0.788
				}
			}
			geometry IndexedFaceSet
			{
				creaseAngle 0.5
				solid TRUE
				coord Coordinate
				{
					point
					[
						2.675 -1.926 -5.707,
						2.675 -1.929 -5.772,
						2.275 -1.926 -5.707,
						2.275 -1.929 -5.772,
						2.275 -1.915 -5.836,
						2.675 -1.915 -5.836,
						2.675 -1.885 -5.894,
						2.275 -1.885 -5.894,
						2.675 -1.841 -5.942,
						2.275 -1.841 -5.942,
						2.675 -1.785 -5.977,
						2.275 -1.785 -5.977,
						2.275 -1.723 -5.996,
						2.675 -1.723 -5.996,
						2.675 -1.658 -5.999,
						2.275 -1.658 -5.999,
						2.675 -1.594 -5.985,
						2.275 -1.594 -5.985,
						2.275 -1.536 -5.954,
						2.675 -1.536 -5.954,
						2.675 -1.488 -5.910,
						2.275 -1.488 -5.910,
						2.675 -1.453 -5.855,
						2.275 -1.453 -5.855,
						2.275 -1.434 -5.793,
						2.675 -1.434 -5.793
					]
				}
				coordIndex
				[
					0, 1, 2, -1,
					2, 1, 3, -1,
					3, 1, 4, -1,
					4, 1, 5, -1,
					4, 5, 6, -1,
					4, 6, 7, -1,
					7, 6, 8, -1,
					7, 8, 9, -1,
					9, 8, 10, -1,
					9, 10, 11, -1,
					11, 10, 12, -1,
					10, 13, 12, -1,
					12, 13, 14, -1,
					12, 14, 15, -1,
					15, 14, 16, -1,
					15, 16, 17, -1,
					17, 16, 18, -1,
					16, 19, 18, -1,
					18, 19, 20, -1,
					18, 20, 21, -1,
					21, 20, 22, -1,
					21, 22, 23, -1,
					23, 22, 24, -1,
					22, 25, 24, -1
				]
				normal Normal
				{
					vector
					[
						-0.000 0.985 -0.172,
						-0.000 0.996 0.089,
						-0.000 0.939 0.344,
						-0.000 0.818 0.575,
						-0.000 0.641 0.767,
						-0.000 0.421 0.907,
						-0.000 0.172 0.985,
						-0.000 -0.089 0.996,
						-0.000 -0.344 0.939,
						-0.000 -0.575 0.818,
						-0.000 -0.767 0.641,
						-0.000 -0.907 0.421,
						-0.000 -0.985 0.172
					]
				}
				normalIndex
				[
					0, 1, 0, -1,
					0, 1, 1, -1,
					1, 1, 2, -1,
					2, 1, 2, -1,
					2, 2, 3, -1,
					2, 3, 3, -1,
					3, 3, 4, -1,
					3, 4, 4, -1,
					4, 4, 5, -1,
					4, 5, 5, -1,
					5, 5, 6, -1,
					5, 6, 6, -1,
					6, 6, 7, -1,
					6, 7, 7, -1,
					7, 7, 8, -1,
					7, 8, 8, -1,
					8, 8, 9, -1,
					8, 9, 9, -1,
					9, 9, 10, -1,
					9, 10, 10, -1,
					10, 10, 11, -1,
					10, 11, 11, -1,
					11, 11, 12, -1,
					11, 12, 12, -1
				]
			}
		}
		Shape
		{
			appearance Appearance
			{
				material Material
				{
					diffuseColor 0.694 0.741 0.788
				}
			}
			geometry IndexedFaceSet
			{
				creaseAngle 0.5
				solid TRUE
				coord Coordinate
				{
					point
					[
						2.275 -1.153 -1.266,
						2.675 -1.153 -1.266,
						2.275 -1.926 -5.707,
						2.675 -1.926 -5.707
					]
				}
				coordIndex
				[
					0, 1, 2, -1,
					2, 1, 3, -1
				]
				normal Normal
				{
					vector
					[
						-0.000 0.985 -0.172
					]
				}
				normalIndex
				[
					0, 0, 0, -1,
					0, 0, 0, -1
				]
			}
		}
		Shape
		{
			appearance Appearance
			{
				material Material
				{
					diffuseColor 0.694 0.741 0.788
				}
			}
			geometry IndexedFaceSet
			{
				creaseAngle 0.5
				solid TRUE
				coord Coordinate
				{
					point
					[
						2.675 -1.153 -1.266,
						2.275 -1.153 -1.266,
						2.675 -1.139 -1.221,
						2.275 -1.139 -1.221,
						2.275 -1.116 -1.181,
						2.675 -1.116 -1.181,
						2.275 -1.084 -1.147,
						2.675 -1.084 -1.147,
						2.675 -1.046 -1.121,
						2.275 -1.046 -1.121,
						2.275 -1.002 -1.105,
						2.675 -1.002 -1.105,
						2.675 -0.956 -1.100,
						2.275 -0.956 -1.100
					]
				}
				coordIndex
				[
					0, 1, 2, -1,
					2, 1, 3, -1,
					2, 3, 4, -1,
					2, 4, 5, -1,
					5, 4, 6, -1,
					5, 6, 7, -1,
					7, 6, 8, -1,
					6, 9, 8, -1,
					8, 9, 10, -1,
					8, 10, 11, -1,
					11, 10, 12, -1,
					10, 13, 12, -1
				]
				normal Normal
				{
					vector
					[
						-0.000 0.985 -0.172,
						-0.000 0.919 -0.395,
						-0.000 0.803 -0.596,
						-0.000 0.644 -0.765,
						-0.000 0.449 -0.893,
						-0.000 0.231 -0.973,
						-0.000 -0.000 -1.000
					]
				}
				normalIndex
				[
					0, 0, 1, -1,
					1, 0, 1, -1,
					1, 1, 2, -1,
					1, 2, 2, -1,
					2, 2, 3, -1,
					2, 3, 3, -1,
					3, 3, 4, -1,
					3, 4, 4, -1,
					4, 4, 5, -1,
					4, 5, 5, -1,
					5, 5, 6, -1,
					5, 6, 6, -1
				]
			}
		}
		Shape
		{
			appearance Appearance
			{
				material Material
				{
					diffuseColor 0.694 0.741 0.788
				}
			}
			geometry IndexedFaceSet
			{
				creaseAngle 0.5
				solid TRUE
				coord Coordinate
				{
					point
					[
						2.675 -0.956 -1.100,
						2.275 -0.956 -1.100,
						2.675 0.956 -1.100,
						2.275 0.956 -1.100
					]
				}
				coordIndex
				[
					0, 1, 2, -1,
					2, 1, 3, -1
				]
				normal Normal
				{
					vector
					[
						-0.000 -0.000 -1.000
					]
				}
				normalIndex
				[
					0, 0, 0, -1,
					0, 0, 0, -1
				]
			}
		}
		Shape
		{
			appearance Appearance
			{
				material Material
				{
					diffuseColor 0.694 0.741 0.788
				}
			}
			geometry IndexedFaceSet
			{
				creaseAngle 0.5
				solid TRUE
				coord Coordinate
				{
					point
					[
						2.675 0.956 -1.100,
						2.275 0.956 -1.100,
						2.675 1.002 -1.105,
						2.275 1.002 -1.105,
						2.275 1.046 -1.121,
						2.275 1.116 -1.181,
						2.675 1.116 -1.181,
						2.275 1.084 -1.147,
						2.675 1.084 -1.147,
						2.675 1.046 -1.121,
						2.275 1.139 -1.221,
						2.675 1.139 -1.221,
						2.275 1.153 -1.266,
						2.675 1.153 -1.266
					]
				}
				coordIndex
				[
					0, 1, 2, -1,
					2, 1, 3, -1,
					2, 3, 4, -1,
					5, 6, 7, -1,
					7, 6, 8, -1,
					7, 8, 4, -1,
					4, 8, 9, -1,
					4, 9, 2, -1,
					5, 10, 6, -1,
					6, 10, 11, -1,
					12, 13, 10, -1,
					10, 13, 11, -1
				]
				normal Normal
				{
					vector
					[
						-0.000 -0.000 -1.000,
						-0.000 -0.231 -0.973,
						-0.000 -0.449 -0.893,
						-0.000 -0.803 -0.596,
						-0.000 -0.644 -0.765,
						-0.000 -0.919 -0.395,
						-0.000 -0.985 -0.172
					]
				}
				normalIndex
				[
					0, 0, 1, -1,
					1, 0, 1, -1,
					1, 1, 2, -1,
					3, 3, 4, -1,
					4, 3, 4, -1,
					4, 4, 2, -1,
					2, 4, 2, -1,
					2, 2, 1, -1,
					3, 5, 3, -1,
					3, 5, 5, -1,
					6, 6, 5, -1,
					5, 6, 5, -1
				]
			}
		}
		Shape
		{
			appearance Appearance
			{
				material Material
				{
					diffuseColor 0.694 0.741 0.788
				}
			}
			geometry IndexedFaceSet
			{
				creaseAngle 0.5
				solid TRUE
				coord Coordinate
				{
					point
					[
						2.099 -1.082 -3.775,
						2.099 1.082 -3.775,
						2.140 -1.086 -3.797,
						2.140 1.086 -3.797,
						2.174 -1.091 -3.824,
						2.174 1.091 -3.824,
						2.203 1.096 -3.854,
						2.247 1.108 -3.923,
						2.247 -1.108 -3.923,
						2.228 1.102 -3.887,
						2.228 -1.102 -3.887,
						2.203 -1.096 -3.854,
						2.262 1.115 -3.962,
						2.262 -1.115 -3.962,
						2.272 -1.122 -4.004,
						2.272 1.122 -4.004,
						2.275 -1.130 -4.050,
						2.275 1.130 -4.050
					]
				}
				coordIndex
				[
					0, 1, 2, -1,
					2, 1, 3, -1,
					2, 3, 4, -1,
					4, 3, 5, -1,
					4, 5, 6, -1,
					7, 8, 9, -1,
					9, 8, 10, -1,
					9, 10, 6, -1,
					6, 10, 11, -1,
					6, 11, 4, -1,
					7, 12, 8, -1,
					8, 12, 13, -1,
					13, 12, 14, -1,
					14, 12, 15, -1,
					14, 15, 16, -1,
					16, 15, 17, -1
				]
				normal Normal
				{
					vector
					[
						-0.422 -0.000 -0.906,
						-0.556 -0.000 -0.831,
						-0.669 -0.000 -0.744,
						-0.764 -0.000 -0.645,
						-0.908 -0.000 -0.418,
						-0.844 -0.000 -0.536,
						-0.957 -0.000 -0.290,
						-0.989 -0.000 -0.151,
						-1.000 -0.000 -0.000
					]
				}
				normalIndex
				[
					0, 0, 1, -1,
					1, 0, 1, -1,
					1, 1, 2, -1,
					2, 1, 2, -1,
					2, 2, 3, -1,
					4, 4, 5, -1,
					5, 4, 5, -1,
					5, 5, 3, -1,
					3, 5, 3, -1,
					3, 3, 2, -1,
					4, 6, 4, -1,
					4, 6, 6, -1,
					6, 6, 7, -1,
					7, 6, 7, -1,
					7, 7, 8, -1,
					8, 7, 8, -1
				]
			}
		}
		Shape
		{
			appearance Appearance
			{
				material Material
				{
					diffuseColor 0.694 0.741 0.788
				}
			}
			geometry IndexedFaceSet
			{
				creaseAngle 0.5
				solid TRUE
				coord Coordinate
				{
					point
					[
						1.811 0.904 -2.754,
						1.733 0.932 -2.914,
						1.811 -0.904 -2.754,
						1.733 -0.932 -2.914,
						1.700 -0.958 -3.060,
						1.700 0.958 -3.060,
						1.697 -0.982 -3.199,
						1.697 0.982 -3.199,
						1.721 -1.005 -3.330,
						1.721 1.005 -3.330,
						1.769 1.026 -3.454,
						1.843 1.047 -3.571,
						1.843 -1.047 -3.571,
						1.769 -1.026 -3.454,
						1.948 1.066 -3.679,
						1.948 -1.066 -3.679,
						2.099 1.082 -3.775,
						2.099 -1.082 -3.775
					]
				}
				coordIndex
				[
					0, 1, 2, -1,
					2, 1, 3, -1,
					3, 1, 4, -1,
					4, 1, 5, -1,
					4, 5, 6, -1,
					6, 5, 7, -1,
					6, 7, 8, -1,
					8, 7, 9, -1,
					8, 9, 10, -1,
					11, 12, 10, -1,
					10, 12, 13, -1,
					10, 13, 8, -1,
					11, 14, 12, -1,
					12, 14, 15, -1,
					14, 16, 15, -1,
					15, 16, 17, -1
				]
				normal Normal
				{
					vector
					[
						-0.834 0.000 0.551,
						-0.946 0.000 0.324,
						-0.994 0.000 0.114,
						-0.994 -0.000 0.114,
						-0.996 -0.000 -0.084,
						-0.996 0.000 -0.084,
						-0.963 0.000 -0.271,
						-0.894 0.000 -0.448,
						-0.788 0.000 -0.615,
						-0.638 0.000 -0.770,
						-0.422 0.000 -0.906
					]
				}
				normalIndex
				[
					0, 1, 0, -1,
					0, 1, 1, -1,
					1, 1, 2, -1,
					2, 1, 3, -1,
					2, 3, 4, -1,
					4, 3, 5, -1,
					4, 5, 6, -1,
					6, 5, 6, -1,
					6, 6, 7, -1,
					8, 8, 7, -1,
					7, 8, 7, -1,
					7, 7, 6, -1,
					8, 9, 8, -1,
					8, 9, 9, -1,
					9, 10, 9, -1,
					9, 10, 10, -1
				]
			}
		}
		Shape
		{
			appearance Appearance
			{
				material Material
				{
					diffuseColor 0.694 0.741 0.788
				}
			}
			geometry IndexedFaceSet
			{
				creaseAngle 0.5
				solid TRUE
				coord Coordinate
				{
					point
					[
						2.769 -0.604 -2.031,
						2.769 0.604 -2.031,
						2.435 -0.566 -1.810,
						2.435 0.566 -1.810
					]
				}
				coordIndex
				[
					0, 1, 2, -1,
					2, 1, 3, -1
				]
				normal Normal
				{
					vector
					[
						0.551 0.000 0.834
					]
				}
				normalIndex
				[
					0, 0, 0, -1,
					0, 0, 0, -1
				]
			}
		}
		Shape
		{
			appearance Appearance
			{
				material Material
				{
					diffuseColor 0.694 0.741 0.788
				}
			}
			geometry IndexedFaceSet
			{
				creaseAngle 0.5
				solid TRUE
				coord Coordinate
				{
					point
					[
						2.675 -3.885 -7.124,
						2.675 -3.846 -7.112,
						2.275 -3.885 -7.124,
						2.275 -3.846 -7.112,
						2.675 -3.812 -7.091,
						2.275 -3.812 -7.091,
						2.275 -3.784 -7.062,
						2.675 -3.784 -7.062,
						2.675 -3.763 -7.028,
						2.275 -3.763 -7.028,
						2.675 -3.752 -6.989,
						2.275 -3.752 -6.989,
						2.275 -3.751 -6.949,
						2.675 -3.751 -6.949,
						2.675 -3.759 -6.909,
						2.275 -3.759 -6.909,
						2.675 -3.777 -6.873,
						2.275 -3.777 -6.873,
						2.275 -3.803 -6.843,
						2.675 -3.803 -6.843,
						2.675 -3.836 -6.820,
						2.275 -3.836 -6.820,
						2.675 -3.873 -6.805,
						2.275 -3.873 -6.805,
						2.275 -3.913 -6.800,
						2.675 -3.913 -6.800
					]
				}
				coordIndex
				[
					0, 1, 2, -1,
					2, 1, 3, -1,
					1, 4, 3, -1,
					3, 4, 5, -1,
					5, 4, 6, -1,
					6, 4, 7, -1,
					6, 7, 8, -1,
					6, 8, 9, -1,
					9, 8, 10, -1,
					9, 10, 11, -1,
					11, 10, 12, -1,
					10, 13, 12, -1,
					12, 13, 14, -1,
					12, 14, 15, -1,
					15, 14, 16, -1,
					15, 16, 17, -1,
					17, 16, 18, -1,
					16, 19, 18, -1,
					18, 19, 20, -1,
					18, 20, 21, -1,
					21, 20, 22, -1,
					21, 22, 23, -1,
					23, 22, 24, -1,
					22, 25, 24, -1
				]
				normal Normal
				{
					vector
					[
						-0.000 -0.174 0.985,
						-0.000 -0.409 0.912,
						-0.000 -0.620 0.784,
						-0.000 -0.793 0.609,
						-0.000 -0.918 0.396,
						-0.000 -0.987 0.159,
						-0.000 -0.996 -0.087,
						-0.000 -0.945 -0.328,
						-0.000 -0.835 -0.550,
						-0.000 -0.676 -0.737,
						-0.000 -0.475 -0.880,
						-0.000 -0.245 -0.970,
						-0.000 -0.000 -1.000
					]
				}
				normalIndex
				[
					0, 1, 0, -1,
					0, 1, 1, -1,
					1, 2, 1, -1,
					1, 2, 2, -1,
					2, 2, 3, -1,
					3, 2, 3, -1,
					3, 3, 4, -1,
					3, 4, 4, -1,
					4, 4, 5, -1,
					4, 5, 5, -1,
					5, 5, 6, -1,
					5, 6, 6, -1,
					6, 6, 7, -1,
					6, 7, 7, -1,
					7, 7, 8, -1,
					7, 8, 8, -1,
					8, 8, 9, -1,
					8, 9, 9, -1,
					9, 9, 10, -1,
					9, 10, 10, -1,
					10, 10, 11, -1,
					10, 11, 11, -1,
					11, 11, 12, -1,
					11, 12, 12, -1
				]
			}
		}
		Shape
		{
			appearance Appearance
			{
				material Material
				{
					diffuseColor 0.694 0.741 0.788
				}
			}
			geometry IndexedFaceSet
			{
				creaseAngle 0.5
				solid TRUE
				coord Coordinate
				{
					point
					[
						3.050 -6.513 -7.587,
						3.450 -6.513 -7.587,
						3.050 -5.673 -7.439,
						3.450 -5.673 -7.439,
						3.043 -5.589 -7.424,
						3.437 -5.521 -7.412,
						3.022 -5.509 -7.410,
						3.400 -5.378 -7.387,
						2.989 -5.434 -7.397,
						3.340 -5.242 -7.363,
						2.942 -5.363 -7.384,
						3.256 -5.115 -7.340,
						2.469 -4.764 -7.279,
						2.783 -4.516 -7.235,
						2.385 -4.637 -7.256,
						2.736 -4.446 -7.222,
						2.325 -4.501 -7.232,
						2.703 -4.370 -7.209,
						2.288 -4.358 -7.207,
						2.682 -4.290 -7.195,
						2.275 -4.206 -7.180,
						2.675 -4.206 -7.180,
						2.275 -3.885 -7.124,
						2.675 -3.885 -7.124
					]
				}
				coordIndex
				[
					0, 1, 2, -1,
					2, 1, 3, -1,
					2, 3, 4, -1,
					4, 3, 5, -1,
					4, 5, 6, -1,
					6, 5, 7, -1,
					6, 7, 8, -1,
					8, 7, 9, -1,
					8, 9, 10, -1,
					10, 9, 11, -1,
					10, 11, 12, -1,
					12, 11, 13, -1,
					12, 13, 14, -1,
					14, 13, 15, -1,
					14, 15, 16, -1,
					16, 15, 17, -1,
					16, 17, 18, -1,
					18, 17, 19, -1,
					18, 19, 20, -1,
					20, 19, 21, -1,
					20, 21, 22, -1,
					22, 21, 23, -1
				]
				normal Normal
				{
					vector
					[
						-0.000 -0.174 0.985
					]
				}
				normalIndex
				[
					0, 0, 0, -1,
					0, 0, 0, -1,
					0, 0, 0, -1,
					0, 0, 0, -1,
					0, 0, 0, -1,
					0, 0, 0, -1,
					0, 0, 0, -1,
					0, 0, 0, -1,
					0, 0, 0, -1,
					0, 0, 0, -1,
					0, 0, 0, -1,
					0, 0, 0, -1,
					0, 0, 0, -1,
					0, 0, 0, -1,
					0, 0, 0, -1,
					0, 0, 0, -1,
					0, 0, 0, -1,
					0, 0, 0, -1,
					0, 0, 0, -1,
					0, 0, 0, -1,
					0, 0, 0, -1,
					0, 0, 0, -1
				]
			}
		}
		Shape
		{
			appearance Appearance
			{
				material Material
				{
					diffuseColor 0.694 0.741 0.788
				}
			}
			geometry IndexedFaceSet
			{
				creaseAngle 0.5
				solid TRUE
				coord Coordinate
				{
					point
					[
						2.675 -4.206 -22.500,
						2.675 -4.206 -7.180,
						2.678 -4.259 -22.500,
						2.682 -4.290 -7.195,
						2.686 -4.311 -22.500,
						2.703 -4.370 -7.209,
						2.700 -4.362 -22.500,
						2.722 -4.417 -22.500,
						2.736 -4.446 -7.222,
						2.749 -4.468 -22.500,
						2.783 -4.516 -7.235,
						2.783 -4.516 -22.500
					]
				}
				coordIndex
				[
					0, 1, 2, -1,
					2, 1, 3, -1,
					2, 3, 4, -1,
					4, 3, 5, -1,
					4, 5, 6, -1,
					6, 5, 7, -1,
					5, 8, 7, -1,
					7, 8, 9, -1,
					8, 10, 9, -1,
					9, 10, 11, -1
				]
				normal Normal
				{
					vector
					[
						1.000 -0.000 -0.000,
						0.994 0.106 -0.000,
						0.986 0.168 -0.000,
						0.978 0.210 -0.000,
						0.945 0.328 -0.000,
						0.950 0.312 -0.000,
						0.907 0.421 -0.000,
						0.878 0.479 0.000,
						0.852 0.524 -0.000,
						0.784 0.620 -0.000
					]
				}
				normalIndex
				[
					0, 0, 1, -1,
					1, 0, 2, -1,
					1, 2, 3, -1,
					3, 2, 4, -1,
					3, 4, 5, -1,
					5, 4, 6, -1,
					4, 7, 6, -1,
					6, 7, 8, -1,
					7, 9, 8, -1,
					8, 9, 9, -1
				]
			}
		}
		Shape
		{
			appearance Appearance
			{
				material Material
				{
					diffuseColor 0.694 0.741 0.788
				}
			}
			geometry IndexedFaceSet
			{
				creaseAngle 0.5
				solid TRUE
				coord Coordinate
				{
					point
					[
						3.256 -5.115 -22.500,
						2.783 -4.516 -22.500,
						3.256 -5.115 -7.340,
						2.783 -4.516 -7.235
					]
				}
				coordIndex
				[
					0, 1, 2, -1,
					2, 1, 3, -1
				]
				normal Normal
				{
					vector
					[
						0.784 0.620 0.000
					]
				}
				normalIndex
				[
					0, 0, 0, -1,
					0, 0, 0, -1
				]
			}
		}
		Shape
		{
			appearance Appearance
			{
				material Material
				{
					diffuseColor 0.694 0.741 0.788
				}
			}
			geometry IndexedFaceSet
			{
				creaseAngle 0.5
				solid TRUE
				coord Coordinate
				{
					point
					[
						3.450 -5.673 -22.300,
						3.424 -5.460 -22.398,
						3.450 -5.673 -19.799,
						3.437 -5.521 -7.412,
						3.450 -5.673 -7.439,
						3.400 -5.378 -7.387,
						3.360 -5.280 -22.467,
						3.340 -5.242 -7.363,
						3.329 -5.222 -22.500,
						3.294 -5.167 -22.500,
						3.360 -5.280 -22.500,
						3.256 -5.115 -22.500,
						3.256 -5.115 -7.340
					]
				}
				coordIndex
				[
					0, 1, 2, -1,
					2, 1, 3, -1,
					2, 3, 4, -1,
					3, 1, 5, -1,
					5, 1, 6, -1,
					5, 6, 7, -1,
					7, 6, 8, -1,
					7, 8, 9, -1,
					6, 10, 8, -1,
					11, 12, 9, -1,
					9, 12, 7, -1
				]
				normal Normal
				{
					vector
					[
						1.000 0.000 0.000,
						0.972 0.237 0.000,
						0.986 0.168 -0.000,
						0.945 0.328 0.000,
						0.900 0.437 0.000,
						0.878 0.479 -0.000,
						0.866 0.501 -0.000,
						0.827 0.562 0.000,
						0.784 0.620 0.000
					]
				}
				normalIndex
				[
					0, 1, 0, -1,
					0, 1, 2, -1,
					0, 2, 0, -1,
					2, 1, 3, -1,
					3, 1, 4, -1,
					3, 4, 5, -1,
					5, 4, 6, -1,
					5, 6, 7, -1,
					4, 4, 6, -1,
					8, 8, 7, -1,
					7, 8, 5, -1
				]
			}
		}
		Shape
		{
			appearance Appearance
			{
				material Material
				{
					diffuseColor 0.694 0.741 0.788
				}
			}
			geometry IndexedFaceSet
			{
				creaseAngle 0.5
				solid TRUE
				coord Coordinate
				{
					point
					[
						3.450 -7.048 -8.847,
						3.450 -8.607 -11.352,
						3.450 -8.607 -13.148,
						3.450 -8.627 -11.400,
						3.450 -8.627 -13.100,
						3.450 -8.659 -11.441,
						3.450 -8.659 -13.059,
						3.450 -8.700 -11.473,
						3.450 -8.700 -13.027,
						3.450 -8.748 -11.493,
						3.450 -8.748 -13.007,
						3.450 -8.800 -11.500,
						3.450 -8.800 -13.000,
						3.450 -12.000 -11.500,
						3.450 -12.000 -13.000,
						3.450 -12.194 -11.526,
						3.450 -12.375 -11.600,
						3.450 -8.600 -13.200,
						3.450 -7.016 -8.810,
						3.450 -8.600 -20.800,
						3.450 -8.380 -20.191,
						3.450 -7.880 -19.691,
						3.450 -5.780 -19.691,
						3.450 -8.607 -20.852,
						3.450 -8.380 -22.500,
						3.450 -8.627 -20.900,
						3.450 -8.659 -20.941,
						3.450 -8.700 -20.973,
						3.450 -8.748 -20.993,
						3.450 -8.800 -21.000,
						3.450 -11.500 -22.500,
						3.450 -11.500 -21.000,
						3.450 -11.694 -21.026,
						3.450 -11.875 -21.100,
						3.450 -12.030 -21.220,
						3.450 -12.150 -21.375,
						3.450 -12.224 -21.556,
						3.450 -12.250 -21.750,
						3.450 -12.224 -21.944,
						3.450 -12.150 -22.125,
						3.450 -12.030 -22.280,
						3.450 -11.875 -22.400,
						3.450 -11.694 -22.474,
						3.450 -5.673 -19.799,
						3.450 -5.673 -7.439,
						3.450 -6.638 -7.626,
						3.450 -6.924 -8.036,
						3.450 -6.513 -7.587,
						3.450 -6.984 -8.717,
						3.450 -6.994 -8.766,
						3.450 -6.748 -7.696,
						3.450 -6.836 -7.793,
						3.450 -6.896 -7.908,
						3.450 -7.088 -8.876,
						3.450 -8.600 -11.300,
						3.450 -7.134 -8.894,
						3.450 -7.183 -8.900,
						3.450 -8.600 -9.100,
						3.450 -8.400 -8.900,
						3.450 -8.452 -8.907,
						3.450 -8.500 -8.927,
						3.450 -8.541 -8.959,
						3.450 -8.573 -9.000,
						3.450 -8.593 -9.048,
						3.450 -12.530 -11.720,
						3.450 -12.650 -11.875,
						3.450 -12.724 -12.056,
						3.450 -12.750 -12.250,
						3.450 -12.724 -12.444,
						3.450 -12.650 -12.625,
						3.450 -12.530 -12.780,
						3.450 -12.375 -12.900,
						3.450 -12.194 -12.974
					]
				}
				coordIndex
				[
					0, 1, 2, -1,
					2, 1, 3, -1,
					2, 3, 4, -1,
					4, 3, 5, -1,
					4, 5, 6, -1,
					6, 5, 7, -1,
					6, 7, 8, -1,
					8, 7, 9, -1,
					8, 9, 10, -1,
					10, 9, 11, -1,
					10, 11, 12, -1,
					12, 11, 13, -1,
					12, 13, 14, -1,
					14, 13, 15, -1,
					14, 15, 16, -1,
					2, 17, 0, -1,
					0, 17, 18, -1,
					19, 20, 17, -1,
					17, 20, 21, -1,
					17, 21, 22, -1,
					19, 23, 20, -1,
					20, 23, 24, -1,
					23, 25, 24, -1,
					24, 25, 26, -1,
					24, 26, 27, -1,
					27, 28, 24, -1,
					24, 28, 29, -1,
					24, 29, 30, -1,
					30, 29, 31, -1,
					30, 31, 32, -1,
					32, 33, 30, -1,
					30, 33, 34, -1,
					30, 34, 35, -1,
					35, 36, 30, -1,
					30, 36, 37, -1,
					30, 37, 38, -1,
					38, 39, 30, -1,
					30, 39, 40, -1,
					30, 40, 41, -1,
					41, 42, 30, -1,
					43, 44, 22, -1,
					22, 44, 17, -1,
					45, 46, 47, -1,
					47, 46, 48, -1,
					47, 48, 44, -1,
					44, 48, 49, -1,
					44, 49, 18, -1,
					45, 50, 46, -1,
					46, 50, 51, -1,
					46, 51, 52, -1,
					0, 53, 1, -1,
					1, 53, 54, -1,
					53, 55, 54, -1,
					54, 55, 56, -1,
					54, 56, 57, -1,
					57, 56, 58, -1,
					57, 58, 59, -1,
					59, 60, 57, -1,
					57, 60, 61, -1,
					57, 61, 62, -1,
					62, 63, 57, -1,
					16, 64, 14, -1,
					14, 64, 65, -1,
					14, 65, 66, -1,
					66, 67, 14, -1,
					14, 67, 68, -1,
					14, 68, 69, -1,
					69, 70, 14, -1,
					14, 70, 71, -1,
					14, 71, 72, -1,
					17, 44, 18, -1
				]
				normal Normal
				{
					vector
					[
						1.000 0.000 0.000
					]
				}
				normalIndex
				[
					0, 0, 0, -1,
					0, 0, 0, -1,
					0, 0, 0, -1,
					0, 0, 0, -1,
					0, 0, 0, -1,
					0, 0, 0, -1,
					0, 0, 0, -1,
					0, 0, 0, -1,
					0, 0, 0, -1,
					0, 0, 0, -1,
					0, 0, 0, -1,
					0, 0, 0, -1,
					0, 0, 0, -1,
					0, 0, 0, -1,
					0, 0, 0, -1,
					0, 0, 0, -1,
					0, 0, 0, -1,
					0, 0, 0, -1,
					0, 0, 0, -1,
					0, 0, 0, -1,
					0, 0, 0, -1,
					0, 0, 0, -1,
					0, 0, 0, -1,
					0, 0, 0, -1,
					0, 0, 0, -1,
					0, 0, 0, -1,
					0, 0, 0, -1,
					0, 0, 0, -1,
					0, 0, 0, -1,
					0, 0, 0, -1,
					0, 0, 0, -1,
					0, 0, 0, -1,
					0, 0, 0, -1,
					0, 0, 0, -1,
					0, 0, 0, -1,
					0, 0, 0, -1,
					0, 0, 0, -1,
					0, 0, 0, -1,
					0, 0, 0, -1,
					0, 0, 0, -1,
					0, 0, 0, -1,
					0, 0, 0, -1,
					0, 0, 0, -1,
					0, 0, 0, -1,
					0, 0, 0, -1,
					0, 0, 0, -1,
					0, 0, 0, -1,
					0, 0, 0, -1,
					0, 0, 0, -1,
					0, 0, 0, -1,
					0, 0, 0, -1,
					0, 0, 0, -1,
					0, 0, 0, -1,
					0, 0, 0, -1,
					0, 0, 0, -1,
					0, 0, 0, -1,
					0, 0, 0, -1,
					0, 0, 0, -1,
					0, 0, 0, -1,
					0, 0, 0, -1,
					0, 0, 0, -1,
					0, 0, 0, -1,
					0, 0, 0, -1,
					0, 0, 0, -1,
					0, 0, 0, -1,
					0, 0, 0, -1,
					0, 0, 0, -1,
					0, 0, 0, -1,
					0, 0, 0, -1,
					0, 0, 0, -1,
					0, 0, 0, -1
				]
			}
		}
		Shape
		{
			appearance Appearance
			{
				material Material
				{
					diffuseColor 0.694 0.741 0.788
				}
			}
			geometry IndexedFaceSet
			{
				creaseAngle 0.5
				solid TRUE
				coord Coordinate
				{
					point
					[
						3.450 -12.000 -11.500,
						3.050 -12.000 -11.500,
						3.450 -12.194 -11.526,
						3.050 -12.194 -11.526,
						3.050 -12.375 -11.600,
						3.450 -12.375 -11.600,
						3.050 -12.530 -11.720,
						3.450 -12.530 -11.720,
						3.450 -12.650 -11.875,
						3.050 -12.650 -11.875,
						3.050 -12.724 -12.056,
						3.450 -12.724 -12.056,
						3.050 -12.750 -12.250,
						3.450 -12.750 -12.250,
						3.450 -12.724 -12.444,
						3.050 -12.724 -12.444,
						3.050 -12.650 -12.625,
						3.450 -12.650 -12.625,
						3.050 -12.530 -12.780,
						3.450 -12.530 -12.780,
						3.050 -12.375 -12.900,
						3.450 -12.375 -12.900,
						3.450 -12.194 -12.974,
						3.050 -12.194 -12.974,
						3.050 -12.000 -13.000,
						3.450 -12.000 -13.000
					]
				}
				coordIndex
				[
					0, 1, 2, -1,
					2, 1, 3, -1,
					2, 3, 4, -1,
					2, 4, 5, -1,
					5, 4, 6, -1,
					5, 6, 7, -1,
					7, 6, 8, -1,
					6, 9, 8, -1,
					8, 9, 10, -1,
					8, 10, 11, -1,
					11, 10, 12, -1,
					11, 12, 13, -1,
					13, 12, 14, -1,
					12, 15, 14, -1,
					14, 15, 16, -1,
					14, 16, 17, -1,
					17, 16, 18, -1,
					17, 18, 19, -1,
					19, 18, 20, -1,
					19, 20, 21, -1,
					21, 20, 22, -1,
					20, 23, 22, -1,
					22, 23, 24, -1,
					22, 24, 25, -1
				]
				normal Normal
				{
					vector
					[
						0.000 0.000 1.000,
						0.000 -0.259 0.966,
						0.000 -0.500 0.866,
						0.000 -0.707 0.707,
						0.000 -0.866 0.500,
						0.000 -0.966 0.259,
						0.000 -1.000 0.000,
						0.000 -1.000 -0.000,
						0.000 -0.966 -0.259,
						0.000 -0.866 -0.500,
						0.000 -0.707 -0.707,
						0.000 -0.500 -0.866,
						0.000 -0.259 -0.966,
						0.000 0.000 -1.000
					]
				}
				normalIndex
				[
					0, 0, 1, -1,
					1, 0, 1, -1,
					1, 1, 2, -1,
					1, 2, 2, -1,
					2, 2, 3, -1,
					2, 3, 3, -1,
					3, 3, 4, -1,
					3, 4, 4, -1,
					4, 4, 5, -1,
					4, 5, 5, -1,
					5, 5, 6, -1,
					5, 6, 7, -1,
					7, 6, 8, -1,
					6, 8, 8, -1,
					8, 8, 9, -1,
					8, 9, 9, -1,
					9, 9, 10, -1,
					9, 10, 10, -1,
					10, 10, 11, -1,
					10, 11, 11, -1,
					11, 11, 12, -1,
					11, 12, 12, -1,
					12, 12, 13, -1,
					12, 13, 13, -1
				]
			}
		}
		Shape
		{
			appearance Appearance
			{
				material Material
				{
					diffuseColor 0.694 0.741 0.788
				}
			}
			geometry IndexedFaceSet
			{
				creaseAngle 0.5
				solid TRUE
				coord Coordinate
				{
					point
					[
						3.050 -8.800 -13.000,
						3.450 -8.800 -13.000,
						3.050 -12.000 -13.000,
						3.450 -12.000 -13.000
					]
				}
				coordIndex
				[
					0, 1, 2, -1,
					2, 1, 3, -1
				]
				normal Normal
				{
					vector
					[
						-0.000 -0.000 -1.000
					]
				}
				normalIndex
				[
					0, 0, 0, -1,
					0, 0, 0, -1
				]
			}
		}
		Shape
		{
			appearance Appearance
			{
				material Material
				{
					diffuseColor 0.694 0.741 0.788
				}
			}
			geometry IndexedFaceSet
			{
				creaseAngle 0.5
				solid TRUE
				coord Coordinate
				{
					point
					[
						3.450 -8.600 -13.200,
						3.450 -8.607 -13.148,
						3.050 -8.600 -13.200,
						3.050 -8.607 -13.148,
						3.050 -8.627 -13.100,
						3.450 -8.627 -13.100,
						3.450 -8.659 -13.059,
						3.050 -8.659 -13.059,
						3.450 -8.700 -13.027,
						3.050 -8.700 -13.027,
						3.450 -8.748 -13.007,
						3.050 -8.748 -13.007,
						3.050 -8.800 -13.000,
						3.450 -8.800 -13.000
					]
				}
				coordIndex
				[
					0, 1, 2, -1,
					2, 1, 3, -1,
					3, 1, 4, -1,
					4, 1, 5, -1,
					4, 5, 6, -1,
					4, 6, 7, -1,
					7, 6, 8, -1,
					7, 8, 9, -1,
					9, 8, 10, -1,
					9, 10, 11, -1,
					11, 10, 12, -1,
					10, 13, 12, -1
				]
				normal Normal
				{
					vector
					[
						-0.000 -1.000 -0.000,
						-0.000 -0.966 -0.259,
						-0.000 -0.866 -0.500,
						-0.000 -0.707 -0.707,
						-0.000 -0.500 -0.866,
						-0.000 -0.259 -0.966,
						-0.000 -0.000 -1.000
					]
				}
				normalIndex
				[
					0, 1, 0, -1,
					0, 1, 1, -1,
					1, 1, 2, -1,
					2, 1, 2, -1,
					2, 2, 3, -1,
					2, 3, 3, -1,
					3, 3, 4, -1,
					3, 4, 4, -1,
					4, 4, 5, -1,
					4, 5, 5, -1,
					5, 5, 6, -1,
					5, 6, 6, -1
				]
			}
		}
		Shape
		{
			appearance Appearance
			{
				material Material
				{
					diffuseColor 0.694 0.741 0.788
				}
			}
			geometry IndexedFaceSet
			{
				creaseAngle 0.5
				solid TRUE
				coord Coordinate
				{
					point
					[
						3.050 -8.600 -13.200,
						3.050 -8.600 -20.800,
						3.450 -8.600 -13.200,
						3.450 -8.600 -20.800
					]
				}
				coordIndex
				[
					0, 1, 2, -1,
					2, 1, 3, -1
				]
				normal Normal
				{
					vector
					[
						0.000 -1.000 0.000
					]
				}
				normalIndex
				[
					0, 0, 0, -1,
					0, 0, 0, -1
				]
			}
		}
		Shape
		{
			appearance Appearance
			{
				material Material
				{
					diffuseColor 0.694 0.741 0.788
				}
			}
			geometry IndexedFaceSet
			{
				creaseAngle 0.5
				solid TRUE
				coord Coordinate
				{
					point
					[
						3.050 -8.600 -20.800,
						3.050 -8.607 -20.852,
						3.450 -8.600 -20.800,
						3.450 -8.607 -20.852,
						3.450 -8.627 -20.900,
						3.050 -8.627 -20.900,
						3.050 -8.659 -20.941,
						3.450 -8.659 -20.941,
						3.050 -8.700 -20.973,
						3.450 -8.700 -20.973,
						3.050 -8.748 -20.993,
						3.450 -8.748 -20.993,
						3.450 -8.800 -21.000,
						3.050 -8.800 -21.000
					]
				}
				coordIndex
				[
					0, 1, 2, -1,
					2, 1, 3, -1,
					3, 1, 4, -1,
					4, 1, 5, -1,
					4, 5, 6, -1,
					4, 6, 7, -1,
					7, 6, 8, -1,
					7, 8, 9, -1,
					9, 8, 10, -1,
					9, 10, 11, -1,
					11, 10, 12, -1,
					10, 13, 12, -1
				]
				normal Normal
				{
					vector
					[
						-0.000 -1.000 -0.000,
						-0.000 -0.966 0.259,
						-0.000 -0.866 0.500,
						-0.000 -0.707 0.707,
						-0.000 -0.500 0.866,
						-0.000 -0.259 0.966,
						-0.000 -0.000 1.000
					]
				}
				normalIndex
				[
					0, 1, 0, -1,
					0, 1, 1, -1,
					1, 1, 2, -1,
					2, 1, 2, -1,
					2, 2, 3, -1,
					2, 3, 3, -1,
					3, 3, 4, -1,
					3, 4, 4, -1,
					4, 4, 5, -1,
					4, 5, 5, -1,
					5, 5, 6, -1,
					5, 6, 6, -1
				]
			}
		}
		Shape
		{
			appearance Appearance
			{
				material Material
				{
					diffuseColor 0.694 0.741 0.788
				}
			}
			geometry IndexedFaceSet
			{
				creaseAngle 0.5
				solid TRUE
				coord Coordinate
				{
					point
					[
						3.450 -8.800 -21.000,
						3.050 -8.800 -21.000,
						3.450 -11.500 -21.000,
						3.050 -11.500 -21.000
					]
				}
				coordIndex
				[
					0, 1, 2, -1,
					2, 1, 3, -1
				]
				normal Normal
				{
					vector
					[
						0.000 0.000 1.000
					]
				}
				normalIndex
				[
					0, 0, 0, -1,
					0, 0, 0, -1
				]
			}
		}
		Shape
		{
			appearance Appearance
			{
				material Material
				{
					diffuseColor 0.694 0.741 0.788
				}
			}
			geometry IndexedFaceSet
			{
				creaseAngle 0.5
				solid TRUE
				coord Coordinate
				{
					point
					[
						3.450 -11.500 -21.000,
						3.050 -11.500 -21.000,
						3.450 -11.694 -21.026,
						3.050 -11.694 -21.026,
						3.050 -11.875 -21.100,
						3.450 -11.875 -21.100,
						3.050 -12.030 -21.220,
						3.450 -12.030 -21.220,
						3.450 -12.150 -21.375,
						3.050 -12.150 -21.375,
						3.050 -12.224 -21.556,
						3.450 -12.224 -21.556,
						3.050 -12.250 -21.750,
						3.450 -12.250 -21.750,
						3.450 -12.224 -21.944,
						3.050 -12.224 -21.944,
						3.050 -12.150 -22.125,
						3.450 -12.150 -22.125,
						3.050 -12.030 -22.280,
						3.450 -12.030 -22.280,
						3.050 -11.875 -22.400,
						3.450 -11.875 -22.400,
						3.450 -11.694 -22.474,
						3.050 -11.694 -22.474,
						3.050 -11.500 -22.500,
						3.450 -11.500 -22.500
					]
				}
				coordIndex
				[
					0, 1, 2, -1,
					2, 1, 3, -1,
					2, 3, 4, -1,
					2, 4, 5, -1,
					5, 4, 6, -1,
					5, 6, 7, -1,
					7, 6, 8, -1,
					6, 9, 8, -1,
					8, 9, 10, -1,
					8, 10, 11, -1,
					11, 10, 12, -1,
					11, 12, 13, -1,
					13, 12, 14, -1,
					12, 15, 14, -1,
					14, 15, 16, -1,
					14, 16, 17, -1,
					17, 16, 18, -1,
					17, 18, 19, -1,
					19, 18, 20, -1,
					19, 20, 21, -1,
					21, 20, 22, -1,
					20, 23, 22, -1,
					22, 23, 24, -1,
					22, 24, 25, -1
				]
				normal Normal
				{
					vector
					[
						0.000 0.000 1.000,
						0.000 -0.259 0.966,
						0.000 -0.500 0.866,
						0.000 -0.707 0.707,
						0.000 -0.866 0.500,
						0.000 -0.966 0.259,
						0.000 -1.000 0.000,
						0.000 -0.966 -0.259,
						0.000 -0.866 -0.500,
						0.000 -0.707 -0.707,
						0.000 -0.500 -0.866,
						0.000 -0.259 -0.966,
						0.000 0.000 -1.000
					]
				}
				normalIndex
				[
					0, 0, 1, -1,
					1, 0, 1, -1,
					1, 1, 2, -1,
					1, 2, 2, -1,
					2, 2, 3, -1,
					2, 3, 3, -1,
					3, 3, 4, -1,
					3, 4, 4, -1,
					4, 4, 5, -1,
					4, 5, 5, -1,
					5, 5, 6, -1,
					5, 6, 6, -1,
					6, 6, 7, -1,
					6, 7, 7, -1,
					7, 7, 8, -1,
					7, 8, 8, -1,
					8, 8, 9, -1,
					8, 9, 9, -1,
					9, 9, 10, -1,
					9, 10, 10, -1,
					10, 10, 11, -1,
					10, 11, 11, -1,
					11, 11, 12, -1,
					11, 12, 12, -1
				]
			}
		}
		Shape
		{
			appearance Appearance
			{
				material Material
				{
					diffuseColor 0.694 0.741 0.788
				}
			}
			geometry IndexedFaceSet
			{
				creaseAngle 0.5
				solid TRUE
				coord Coordinate
				{
					point
					[
						3.050 -7.183 -8.900,
						3.050 -7.134 -8.894,
						3.050 -5.673 -8.900,
						3.050 -7.088 -8.876,
						3.050 -7.048 -8.847,
						3.050 -7.016 -8.810,
						3.050 -6.994 -8.766,
						3.050 -6.984 -8.717,
						3.050 -6.924 -8.036,
						3.050 -6.513 -7.587,
						3.050 -5.673 -7.439,
						3.050 -6.896 -7.908,
						3.050 -6.836 -7.793,
						3.050 -6.748 -7.696,
						3.050 -6.638 -7.626
					]
				}
				coordIndex
				[
					0, 1, 2, -1,
					2, 1, 3, -1,
					2, 3, 4, -1,
					4, 5, 2, -1,
					2, 5, 6, -1,
					2, 6, 7, -1,
					7, 8, 2, -1,
					2, 8, 9, -1,
					2, 9, 10, -1,
					11, 12, 8, -1,
					8, 12, 13, -1,
					8, 13, 14, -1,
					14, 9, 8, -1
				]
				normal Normal
				{
					vector
					[
						-1.000 0.000 0.000
					]
				}
				normalIndex
				[
					0, 0, 0, -1,
					0, 0, 0, -1,
					0, 0, 0, -1,
					0, 0, 0, -1,
					0, 0, 0, -1,
					0, 0, 0, -1,
					0, 0, 0, -1,
					0, 0, 0, -1,
					0, 0, 0, -1,
					0, 0, 0, -1,
					0, 0, 0, -1,
					0, 0, 0, -1,
					0, 0, 0, -1
				]
			}
		}
		Shape
		{
			appearance Appearance
			{
				material Material
				{
					diffuseColor 0.694 0.741 0.788
				}
			}
			geometry IndexedFaceSet
			{
				creaseAngle 0.5
				solid TRUE
				coord Coordinate
				{
					point
					[
						3.050 -8.452 -8.907,
						3.050 -8.400 -8.900,
						3.050 -8.600 -9.100,
						3.050 -8.060 -8.900,
						3.050 -8.600 -11.300,
						3.050 -8.600 -13.200,
						3.050 -8.607 -11.352,
						3.050 -8.607 -13.148,
						3.050 -8.627 -11.400,
						3.050 -8.627 -13.100,
						3.050 -8.659 -11.441,
						3.050 -8.659 -13.059,
						3.050 -8.700 -11.473,
						3.050 -8.700 -13.027,
						3.050 -8.748 -11.493,
						3.050 -8.748 -13.007,
						3.050 -8.800 -11.500,
						3.050 -8.800 -13.000,
						3.050 -12.000 -11.500,
						3.050 -12.000 -13.000,
						3.050 -12.194 -11.526,
						3.050 -12.194 -12.974,
						3.050 -12.375 -11.600,
						3.050 -12.375 -12.900,
						3.050 -12.530 -11.720,
						3.050 -12.530 -12.780,
						3.050 -12.650 -11.875,
						3.050 -12.650 -12.625,
						3.050 -12.724 -12.056,
						3.050 -12.724 -12.444,
						3.050 -12.750 -12.250,
						3.050 -8.593 -9.048,
						3.050 -8.573 -9.000,
						3.050 -8.541 -8.959,
						3.050 -8.500 -8.927,
						3.050 -8.060 -22.500,
						3.050 -8.600 -20.800,
						3.050 -8.800 -21.000,
						3.050 -8.748 -20.993,
						3.050 -8.380 -22.500,
						3.050 -8.700 -20.973,
						3.050 -8.659 -20.941,
						3.050 -8.627 -20.900,
						3.050 -11.500 -22.500,
						3.050 -11.500 -21.000,
						3.050 -11.694 -21.026,
						3.050 -11.694 -22.474,
						3.050 -11.875 -21.100,
						3.050 -11.875 -22.400,
						3.050 -12.030 -21.220,
						3.050 -12.030 -22.280,
						3.050 -12.150 -21.375,
						3.050 -12.150 -22.125,
						3.050 -12.224 -21.556,
						3.050 -12.224 -21.944,
						3.050 -12.250 -21.750,
						3.050 -8.607 -20.852
					]
				}
				coordIndex
				[
					0, 1, 2, -1,
					2, 1, 3, -1,
					2, 3, 4, -1,
					4, 3, 5, -1,
					4, 5, 6, -1,
					6, 5, 7, -1,
					6, 7, 8, -1,
					8, 7, 9, -1,
					8, 9, 10, -1,
					10, 9, 11, -1,
					10, 11, 12, -1,
					12, 11, 13, -1,
					12, 13, 14, -1,
					14, 13, 15, -1,
					14, 15, 16, -1,
					16, 15, 17, -1,
					16, 17, 18, -1,
					18, 17, 19, -1,
					18, 19, 20, -1,
					20, 19, 21, -1,
					20, 21, 22, -1,
					22, 21, 23, -1,
					22, 23, 24, -1,
					24, 23, 25, -1,
					24, 25, 26, -1,
					26, 25, 27, -1,
					26, 27, 28, -1,
					28, 27, 29, -1,
					28, 29, 30, -1,
					31, 32, 2, -1,
					2, 32, 33, -1,
					2, 33, 34, -1,
					34, 0, 2, -1,
					3, 35, 5, -1,
					5, 35, 36, -1,
					37, 38, 39, -1,
					39, 38, 40, -1,
					39, 40, 35, -1,
					35, 40, 41, -1,
					35, 41, 42, -1,
					39, 43, 37, -1,
					37, 43, 44, -1,
					44, 43, 45, -1,
					45, 43, 46, -1,
					45, 46, 47, -1,
					47, 46, 48, -1,
					47, 48, 49, -1,
					49, 48, 50, -1,
					49, 50, 51, -1,
					51, 50, 52, -1,
					51, 52, 53, -1,
					53, 52, 54, -1,
					53, 54, 55, -1,
					42, 56, 35, -1,
					35, 56, 36, -1
				]
				normal Normal
				{
					vector
					[
						-1.000 0.000 0.000
					]
				}
				normalIndex
				[
					0, 0, 0, -1,
					0, 0, 0, -1,
					0, 0, 0, -1,
					0, 0, 0, -1,
					0, 0, 0, -1,
					0, 0, 0, -1,
					0, 0, 0, -1,
					0, 0, 0, -1,
					0, 0, 0, -1,
					0, 0, 0, -1,
					0, 0, 0, -1,
					0, 0, 0, -1,
					0, 0, 0, -1,
					0, 0, 0, -1,
					0, 0, 0, -1,
					0, 0, 0, -1,
					0, 0, 0, -1,
					0, 0, 0, -1,
					0, 0, 0, -1,
					0, 0, 0, -1,
					0, 0, 0, -1,
					0, 0, 0, -1,
					0, 0, 0, -1,
					0, 0, 0, -1,
					0, 0, 0, -1,
					0, 0, 0, -1,
					0, 0, 0, -1,
					0, 0, 0, -1,
					0, 0, 0, -1,
					0, 0, 0, -1,
					0, 0, 0, -1,
					0, 0, 0, -1,
					0, 0, 0, -1,
					0, 0, 0, -1,
					0, 0, 0, -1,
					0, 0, 0, -1,
					0, 0, 0, -1,
					0, 0, 0, -1,
					0, 0, 0, -1,
					0, 0, 0, -1,
					0, 0, 0, -1,
					0, 0, 0, -1,
					0, 0, 0, -1,
					0, 0, 0, -1,
					0, 0, 0, -1,
					0, 0, 0, -1,
					0, 0, 0, -1,
					0, 0, 0, -1,
					0, 0, 0, -1,
					0, 0, 0, -1,
					0, 0, 0, -1,
					0, 0, 0, -1,
					0, 0, 0, -1,
					0, 0, 0, -1,
					0, 0, 0, -1
				]
			}
		}
		Shape
		{
			appearance Appearance
			{
				material Material
				{
					diffuseColor 0.694 0.741 0.788
				}
			}
			geometry IndexedFaceSet
			{
				creaseAngle 0.5
				solid TRUE
				coord Coordinate
				{
					point
					[
						3.050 -5.673 -7.439,
						3.043 -5.589 -7.424,
						3.050 -5.673 -8.900,
						3.038 -5.562 -8.900,
						3.022 -5.509 -7.410,
						3.001 -5.457 -8.900,
						2.989 -5.434 -7.397,
						2.942 -5.363 -8.900,
						2.942 -5.363 -7.384
					]
				}
				coordIndex
				[
					0, 1, 2, -1,
					2, 1, 3, -1,
					1, 4, 3, -1,
					3, 4, 5, -1,
					4, 6, 5, -1,
					5, 6, 7, -1,
					6, 8, 7, -1
				]
				normal Normal
				{
					vector
					[
						-1.000 -0.000 0.000,
						-0.986 -0.168 -0.000,
						-1.000 -0.000 -0.000,
						-0.975 -0.221 -0.000,
						-0.945 -0.328 -0.000,
						-0.902 -0.431 -0.000,
						-0.878 -0.479 0.000,
						-0.784 -0.620 -0.000
					]
				}
				normalIndex
				[
					0, 1, 2, -1,
					2, 1, 3, -1,
					1, 4, 3, -1,
					3, 4, 5, -1,
					4, 6, 5, -1,
					5, 6, 7, -1,
					6, 7, 7, -1
				]
			}
		}
		Shape
		{
			appearance Appearance
			{
				material Material
				{
					diffuseColor 0.694 0.741 0.788
				}
			}
			geometry IndexedFaceSet
			{
				creaseAngle 0.5
				solid TRUE
				coord Coordinate
				{
					point
					[
						2.942 -5.363 -8.900,
						2.942 -5.363 -7.384,
						2.469 -4.764 -8.900,
						2.469 -4.764 -7.279
					]
				}
				coordIndex
				[
					0, 1, 2, -1,
					2, 1, 3, -1
				]
				normal Normal
				{
					vector
					[
						-0.784 -0.620 0.000
					]
				}
				normalIndex
				[
					0, 0, 0, -1,
					0, 0, 0, -1
				]
			}
		}
		Shape
		{
			appearance Appearance
			{
				material Material
				{
					diffuseColor 0.694 0.741 0.788
				}
			}
			geometry IndexedFaceSet
			{
				creaseAngle 0.5
				solid TRUE
				coord Coordinate
				{
					point
					[
						2.469 -4.764 -7.279,
						2.385 -4.637 -7.256,
						2.469 -4.764 -8.900,
						2.363 -4.594 -8.900,
						2.325 -4.501 -7.232,
						2.297 -4.405 -8.900,
						2.288 -4.358 -7.207,
						2.275 -4.206 -8.900,
						2.275 -4.206 -7.180
					]
				}
				coordIndex
				[
					0, 1, 2, -1,
					2, 1, 3, -1,
					1, 4, 3, -1,
					3, 4, 5, -1,
					4, 6, 5, -1,
					5, 6, 7, -1,
					6, 8, 7, -1
				]
				normal Normal
				{
					vector
					[
						-0.784 -0.620 0.000,
						-0.878 -0.479 0.000,
						-0.902 -0.431 0.000,
						-0.945 -0.328 0.000,
						-0.975 -0.221 0.000,
						-0.986 -0.168 0.000,
						-1.000 0.000 0.000
					]
				}
				normalIndex
				[
					0, 1, 0, -1,
					0, 1, 2, -1,
					1, 3, 2, -1,
					2, 3, 4, -1,
					3, 5, 4, -1,
					4, 5, 6, -1,
					5, 6, 6, -1
				]
			}
		}
		Shape
		{
			appearance Appearance
			{
				material Material
				{
					diffuseColor 0.694 0.741 0.788
				}
			}
			geometry IndexedFaceSet
			{
				creaseAngle 0.5
				solid TRUE
				coord Coordinate
				{
					point
					[
						3.050 -6.924 -8.036,
						3.450 -6.924 -8.036,
						3.050 -6.896 -7.908,
						3.450 -6.896 -7.908,
						3.450 -6.836 -7.793,
						3.050 -6.836 -7.793,
						3.450 -6.748 -7.696,
						3.050 -6.748 -7.696,
						3.450 -6.638 -7.626,
						3.050 -6.638 -7.626,
						3.050 -6.513 -7.587,
						3.450 -6.513 -7.587
					]
				}
				coordIndex
				[
					0, 1, 2, -1,
					2, 1, 3, -1,
					2, 3, 4, -1,
					2, 4, 5, -1,
					5, 4, 6, -1,
					5, 6, 7, -1,
					7, 6, 8, -1,
					7, 8, 9, -1,
					9, 8, 10, -1,
					8, 11, 10, -1
				]
				normal Normal
				{
					vector
					[
						0.000 -0.996 0.087,
						0.000 -0.940 0.342,
						0.000 -0.819 0.574,
						0.000 -0.643 0.766,
						0.000 -0.423 0.906,
						0.000 -0.174 0.985
					]
				}
				normalIndex
				[
					0, 0, 1, -1,
					1, 0, 1, -1,
					1, 1, 2, -1,
					1, 2, 2, -1,
					2, 2, 3, -1,
					2, 3, 3, -1,
					3, 3, 4, -1,
					3, 4, 4, -1,
					4, 4, 5, -1,
					4, 5, 5, -1
				]
			}
		}
		Shape
		{
			appearance Appearance
			{
				material Material
				{
					diffuseColor 0.694 0.741 0.788
				}
			}
			geometry IndexedFaceSet
			{
				creaseAngle 0.5
				solid TRUE
				coord Coordinate
				{
					point
					[
						3.050 -6.984 -8.717,
						3.450 -6.984 -8.717,
						3.050 -6.924 -8.036,
						3.450 -6.924 -8.036
					]
				}
				coordIndex
				[
					0, 1, 2, -1,
					2, 1, 3, -1
				]
				normal Normal
				{
					vector
					[
						-0.000 -0.996 0.087
					]
				}
				normalIndex
				[
					0, 0, 0, -1,
					0, 0, 0, -1
				]
			}
		}
		Shape
		{
			appearance Appearance
			{
				material Material
				{
					diffuseColor 0.694 0.741 0.788
				}
			}
			geometry IndexedFaceSet
			{
				creaseAngle 0.5
				solid TRUE
				coord Coordinate
				{
					point
					[
						3.050 -7.183 -8.900,
						3.450 -7.183 -8.900,
						3.050 -7.134 -8.894,
						3.450 -7.134 -8.894,
						3.450 -7.088 -8.876,
						3.450 -7.016 -8.810,
						3.050 -7.016 -8.810,
						3.450 -7.048 -8.847,
						3.050 -7.048 -8.847,
						3.050 -7.088 -8.876,
						3.450 -6.994 -8.766,
						3.050 -6.994 -8.766,
						3.450 -6.984 -8.717,
						3.050 -6.984 -8.717
					]
				}
				coordIndex
				[
					0, 1, 2, -1,
					2, 1, 3, -1,
					2, 3, 4, -1,
					5, 6, 7, -1,
					7, 6, 8, -1,
					7, 8, 4, -1,
					4, 8, 9, -1,
					4, 9, 2, -1,
					5, 10, 6, -1,
					6, 10, 11, -1,
					12, 13, 10, -1,
					10, 13, 11, -1
				]
				normal Normal
				{
					vector
					[
						-0.000 -0.000 1.000,
						-0.000 -0.245 0.970,
						-0.000 -0.475 0.880,
						-0.000 -0.835 0.550,
						-0.000 -0.676 0.737,
						-0.000 -0.945 0.328,
						-0.000 -0.996 0.087
					]
				}
				normalIndex
				[
					0, 0, 1, -1,
					1, 0, 1, -1,
					1, 1, 2, -1,
					3, 3, 4, -1,
					4, 3, 4, -1,
					4, 4, 2, -1,
					2, 4, 2, -1,
					2, 2, 1, -1,
					3, 5, 3, -1,
					3, 5, 5, -1,
					6, 6, 5, -1,
					5, 6, 5, -1
				]
			}
		}
		Shape
		{
			appearance Appearance
			{
				material Material
				{
					diffuseColor 0.694 0.741 0.788
				}
			}
			geometry IndexedFaceSet
			{
				creaseAngle 0.5
				solid TRUE
				coord Coordinate
				{
					point
					[
						2.250 -8.060 -9.030,
						2.350 -8.060 -8.900,
						2.250 -8.060 -8.000,
						2.350 -8.060 -7.400,
						2.000 -8.060 -7.750,
						-2.350 -8.060 -7.400,
						-2.000 -8.060 -7.750,
						-2.250 -8.060 -8.000,
						2.950 -8.060 -9.030,
						3.000 -8.060 -8.900,
						2.950 -8.060 -22.500,
						3.050 -8.060 -22.500,
						3.050 -8.060 -8.900,
						-2.350 -8.060 -8.900,
						-2.250 -8.060 -9.030,
						-2.950 -8.060 -9.030,
						-3.000 -8.060 -8.900,
						-3.050 -8.060 -8.900,
						-3.050 -8.060 -22.500,
						-2.950 -8.060 -22.500
					]
				}
				coordIndex
				[
					0, 1, 2, -1,
					2, 1, 3, -1,
					2, 3, 4, -1,
					4, 3, 5, -1,
					4, 5, 6, -1,
					6, 5, 7, -1,
					0, 8, 1, -1,
					1, 8, 9, -1,
					10, 11, 8, -1,
					8, 11, 12, -1,
					8, 12, 9, -1,
					5, 13, 7, -1,
					7, 13, 14, -1,
					14, 13, 15, -1,
					15, 13, 16, -1,
					15, 16, 17, -1,
					17, 18, 15, -1,
					15, 18, 19, -1
				]
				normal Normal
				{
					vector
					[
						0.000 -1.000 0.000
					]
				}
				normalIndex
				[
					0, 0, 0, -1,
					0, 0, 0, -1,
					0, 0, 0, -1,
					0, 0, 0, -1,
					0, 0, 0, -1,
					0, 0, 0, -1,
					0, 0, 0, -1,
					0, 0, 0, -1,
					0, 0, 0, -1,
					0, 0, 0, -1,
					0, 0, 0, -1,
					0, 0, 0, -1,
					0, 0, 0, -1,
					0, 0, 0, -1,
					0, 0, 0, -1,
					0, 0, 0, -1,
					0, 0, 0, -1,
					0, 0, 0, -1
				]
			}
		}
		Shape
		{
			appearance Appearance
			{
				material Material
				{
					diffuseColor 0.694 0.741 0.788
				}
			}
			geometry IndexedFaceSet
			{
				creaseAngle 0.5
				solid TRUE
				coord Coordinate
				{
					point
					[
						2.000 -8.700 -7.750,
						2.000 -8.060 -7.750,
						1.518 -8.700 -7.750,
						-2.000 -8.060 -7.750,
						-2.000 -8.700 -7.750
					]
				}
				coordIndex
				[
					0, 1, 2, -1,
					2, 1, 3, -1,
					2, 3, 4, -1
				]
				normal Normal
				{
					vector
					[
						0.000 0.000 1.000
					]
				}
				normalIndex
				[
					0, 0, 0, -1,
					0, 0, 0, -1,
					0, 0, 0, -1
				]
			}
		}
		Shape
		{
			appearance Appearance
			{
				material Material
				{
					diffuseColor 0.694 0.741 0.788
				}
			}
			geometry IndexedFaceSet
			{
				creaseAngle 0.5
				solid TRUE
				coord Coordinate
				{
					point
					[
						-2.250 -8.060 -8.000,
						-2.250 -8.700 -8.000,
						-2.000 -8.060 -7.750,
						-2.000 -8.700 -7.750
					]
				}
				coordIndex
				[
					0, 1, 2, -1,
					2, 1, 3, -1
				]
				normal Normal
				{
					vector
					[
						-0.707 0.000 0.707
					]
				}
				normalIndex
				[
					0, 0, 0, -1,
					0, 0, 0, -1
				]
			}
		}
		Shape
		{
			appearance Appearance
			{
				material Material
				{
					diffuseColor 0.694 0.741 0.788
				}
			}
			geometry IndexedFaceSet
			{
				creaseAngle 0.5
				solid TRUE
				coord Coordinate
				{
					point
					[
						-2.250 -8.700 -9.030,
						-2.250 -8.700 -8.000,
						-2.250 -8.060 -9.030,
						-2.250 -8.060 -8.000
					]
				}
				coordIndex
				[
					0, 1, 2, -1,
					2, 1, 3, -1
				]
				normal Normal
				{
					vector
					[
						-1.000 0.000 0.000
					]
				}
				normalIndex
				[
					0, 0, 0, -1,
					0, 0, 0, -1
				]
			}
		}
		Shape
		{
			appearance Appearance
			{
				material Material
				{
					diffuseColor 0.694 0.741 0.788
				}
			}
			geometry IndexedFaceSet
			{
				creaseAngle 0.5
				solid TRUE
				coord Coordinate
				{
					point
					[
						-2.950 -8.700 -9.030,
						-2.250 -8.700 -9.030,
						-2.950 -8.060 -9.030,
						-2.250 -8.060 -9.030
					]
				}
				coordIndex
				[
					0, 1, 2, -1,
					2, 1, 3, -1
				]
				normal Normal
				{
					vector
					[
						0.000 0.000 1.000
					]
				}
				normalIndex
				[
					0, 0, 0, -1,
					0, 0, 0, -1
				]
			}
		}
		Shape
		{
			appearance Appearance
			{
				material Material
				{
					diffuseColor 0.694 0.741 0.788
				}
			}
			geometry IndexedFaceSet
			{
				creaseAngle 0.5
				solid TRUE
				coord Coordinate
				{
					point
					[
						2.000 -8.060 -7.750,
						2.000 -8.700 -7.750,
						2.250 -8.060 -8.000,
						2.250 -8.700 -8.000
					]
				}
				coordIndex
				[
					0, 1, 2, -1,
					2, 1, 3, -1
				]
				normal Normal
				{
					vector
					[
						0.707 0.000 0.707
					]
				}
				normalIndex
				[
					0, 0, 0, -1,
					0, 0, 0, -1
				]
			}
		}
		Shape
		{
			appearance Appearance
			{
				material Material
				{
					diffuseColor 0.694 0.741 0.788
				}
			}
			geometry IndexedFaceSet
			{
				creaseAngle 0.5
				solid TRUE
				coord Coordinate
				{
					point
					[
						2.250 -8.700 -8.000,
						2.250 -8.700 -8.339,
						2.250 -8.060 -8.000,
						2.250 -8.700 -8.661,
						2.250 -8.060 -9.030,
						2.250 -8.700 -9.030
					]
				}
				coordIndex
				[
					0, 1, 2, -1,
					2, 1, 3, -1,
					2, 3, 4, -1,
					4, 3, 5, -1
				]
				normal Normal
				{
					vector
					[
						1.000 0.000 0.000
					]
				}
				normalIndex
				[
					0, 0, 0, -1,
					0, 0, 0, -1,
					0, 0, 0, -1,
					0, 0, 0, -1
				]
			}
		}
		Shape
		{
			appearance Appearance
			{
				material Material
				{
					diffuseColor 0.694 0.741 0.788
				}
			}
			geometry IndexedFaceSet
			{
				creaseAngle 0.5
				solid TRUE
				coord Coordinate
				{
					point
					[
						2.950 -8.060 -9.030,
						2.250 -8.060 -9.030,
						2.950 -8.700 -9.030,
						2.250 -8.700 -9.030
					]
				}
				coordIndex
				[
					0, 1, 2, -1,
					2, 1, 3, -1
				]
				normal Normal
				{
					vector
					[
						0.000 0.000 1.000
					]
				}
				normalIndex
				[
					0, 0, 0, -1,
					0, 0, 0, -1
				]
			}
		}
		Shape
		{
			appearance Appearance
			{
				material Material
				{
					diffuseColor 0.694 0.741 0.788
				}
			}
			geometry IndexedFaceSet
			{
				creaseAngle 0.5
				solid TRUE
				coord Coordinate
				{
					point
					[
						2.950 -8.700 -22.500,
						2.950 -8.380 -22.500,
						2.950 -8.700 -9.030,
						2.950 -8.060 -9.030,
						2.950 -8.060 -22.500
					]
				}
				coordIndex
				[
					0, 1, 2, -1,
					2, 1, 3, -1,
					1, 4, 3, -1
				]
				normal Normal
				{
					vector
					[
						1.000 0.000 0.000
					]
				}
				normalIndex
				[
					0, 0, 0, -1,
					0, 0, 0, -1,
					0, 0, 0, -1
				]
			}
		}
		Shape
		{
			appearance Appearance
			{
				material Material
				{
					diffuseColor 0.694 0.741 0.788
				}
			}
			geometry IndexedFaceSet
			{
				creaseAngle 0.5
				solid TRUE
				coord Coordinate
				{
					point
					[
						2.250 -8.700 -8.661,
						2.250 -8.700 -8.339,
						2.266 -8.700 -8.554,
						2.266 -8.700 -8.446
					]
				}
				coordIndex
				[
					0, 1, 2, -1,
					2, 1, 3, -1
				]
				normal Normal
				{
					vector
					[
						-0.000 1.000 -0.000
					]
				}
				normalIndex
				[
					0, 0, 0, -1,
					0, 0, 0, -1
				]
			}
		}
		Shape
		{
			appearance Appearance
			{
				material Material
				{
					diffuseColor 0.694 0.741 0.788
				}
			}
			geometry IndexedFaceSet
			{
				creaseAngle 0.5
				solid TRUE
				coord Coordinate
				{
					point
					[
						2.350 -8.060 -8.900,
						3.000 -8.060 -8.900,
						2.350 -9.000 -8.900,
						3.000 -9.000 -8.900
					]
				}
				coordIndex
				[
					0, 1, 2, -1,
					2, 1, 3, -1
				]
				normal Normal
				{
					vector
					[
						-0.000 -0.000 -1.000
					]
				}
				normalIndex
				[
					0, 0, 0, -1,
					0, 0, 0, -1
				]
			}
		}
		Shape
		{
			appearance Appearance
			{
				material Material
				{
					diffuseColor 0.694 0.741 0.788
				}
			}
			geometry IndexedFaceSet
			{
				creaseAngle 0.5
				solid TRUE
				coord Coordinate
				{
					point
					[
						-3.000 -8.060 -8.900,
						-2.350 -8.060 -8.900,
						-3.000 -8.700 -8.900,
						-2.350 -8.700 -8.900
					]
				}
				coordIndex
				[
					0, 1, 2, -1,
					2, 1, 3, -1
				]
				normal Normal
				{
					vector
					[
						-0.000 -0.000 -1.000
					]
				}
				normalIndex
				[
					0, 0, 0, -1,
					0, 0, 0, -1
				]
			}
		}
		Shape
		{
			appearance Appearance
			{
				material Material
				{
					diffuseColor 0.694 0.741 0.788
				}
			}
			geometry IndexedFaceSet
			{
				creaseAngle 0.5
				solid TRUE
				coord Coordinate
				{
					point
					[
						2.350 -9.000 -7.400,
						2.350 -8.060 -7.400,
						2.350 -9.000 -8.900,
						2.350 -8.060 -8.900
					]
				}
				coordIndex
				[
					0, 1, 2, -1,
					2, 1, 3, -1
				]
				normal Normal
				{
					vector
					[
						-1.000 -0.000 -0.000
					]
				}
				normalIndex
				[
					0, 0, 0, -1,
					0, 0, 0, -1
				]
			}
		}
		Shape
		{
			appearance Appearance
			{
				material Material
				{
					diffuseColor 0.694 0.741 0.788
				}
			}
			geometry IndexedFaceSet
			{
				creaseAngle 0.5
				solid TRUE
				coord Coordinate
				{
					point
					[
						-2.350 -8.060 -7.400,
						2.350 -8.060 -7.400,
						-2.350 -9.000 -7.400,
						2.350 -9.000 -7.400
					]
				}
				coordIndex
				[
					0, 1, 2, -1,
					2, 1, 3, -1
				]
				normal Normal
				{
					vector
					[
						-0.000 -0.000 -1.000
					]
				}
				normalIndex
				[
					0, 0, 0, -1,
					0, 0, 0, -1
				]
			}
		}
		Shape
		{
			appearance Appearance
			{
				material Material
				{
					diffuseColor 0.694 0.741 0.788
				}
			}
			geometry IndexedFaceSet
			{
				creaseAngle 0.5
				solid TRUE
				coord Coordinate
				{
					point
					[
						-1.138 -9.000 -3.076,
						-2.350 -9.000 -7.400,
						1.138 -9.000 -3.076,
						2.350 -9.000 -7.400,
						2.947 -9.000 -6.694,
						3.000 -9.000 -6.918,
						2.994 -9.000 -6.841,
						0.691 -9.000 -2.800,
						1.078 -9.000 -2.984,
						0.999 -9.000 -2.906,
						0.915 -9.000 -2.853,
						0.905 -9.000 -2.848,
						0.801 -9.000 -2.812,
						-0.691 -9.000 -2.800,
						-0.801 -9.000 -2.812,
						-0.905 -9.000 -2.848,
						-0.999 -9.000 -2.906,
						-1.078 -9.000 -2.984,
						-2.947 -9.000 -6.694,
						-3.000 -9.000 -6.918,
						-3.000 -9.000 -7.650,
						-2.976 -9.000 -6.766,
						-2.994 -9.000 -6.841,
						-2.350 -9.000 -7.650,
						2.350 -9.000 -8.900,
						3.000 -9.000 -8.900,
						2.976 -9.000 -6.766
					]
				}
				coordIndex
				[
					0, 1, 2, -1,
					2, 1, 3, -1,
					2, 3, 4, -1,
					4, 3, 5, -1,
					4, 5, 6, -1,
					0, 2, 7, -1,
					7, 2, 8, -1,
					7, 8, 9, -1,
					9, 10, 7, -1,
					7, 10, 11, -1,
					7, 11, 12, -1,
					7, 13, 0, -1,
					0, 13, 14, -1,
					0, 14, 15, -1,
					15, 16, 0, -1,
					0, 16, 17, -1,
					0, 18, 1, -1,
					1, 18, 19, -1,
					1, 19, 20, -1,
					18, 21, 19, -1,
					19, 21, 22, -1,
					20, 23, 1, -1,
					24, 25, 3, -1,
					3, 25, 5, -1,
					6, 26, 4, -1
				]
				normal Normal
				{
					vector
					[
						0.000 -1.000 0.000
					]
				}
				normalIndex
				[
					0, 0, 0, -1,
					0, 0, 0, -1,
					0, 0, 0, -1,
					0, 0, 0, -1,
					0, 0, 0, -1,
					0, 0, 0, -1,
					0, 0, 0, -1,
					0, 0, 0, -1,
					0, 0, 0, -1,
					0, 0, 0, -1,
					0, 0, 0, -1,
					0, 0, 0, -1,
					0, 0, 0, -1,
					0, 0, 0, -1,
					0, 0, 0, -1,
					0, 0, 0, -1,
					0, 0, 0, -1,
					0, 0, 0, -1,
					0, 0, 0, -1,
					0, 0, 0, -1,
					0, 0, 0, -1,
					0, 0, 0, -1,
					0, 0, 0, -1,
					0, 0, 0, -1,
					0, 0, 0, -1
				]
			}
		}
		Shape
		{
			appearance Appearance
			{
				material Material
				{
					diffuseColor 0.694 0.741 0.788
				}
			}
			geometry IndexedFaceSet
			{
				creaseAngle 0.5
				solid TRUE
				coord Coordinate
				{
					point
					[
						3.000 -9.000 -6.918,
						3.000 -8.150 -6.918,
						2.994 -9.000 -6.841,
						2.994 -8.150 -6.841,
						2.976 -8.150 -6.766,
						2.947 -8.150 -6.694,
						2.947 -9.000 -6.694,
						2.976 -9.000 -6.766
					]
				}
				coordIndex
				[
					0, 1, 2, -1,
					2, 1, 3, -1,
					2, 3, 4, -1,
					5, 6, 4, -1,
					4, 6, 7, -1,
					4, 7, 2, -1
				]
				normal Normal
				{
					vector
					[
						1.000 0.000 0.000,
						0.988 0.000 0.154,
						0.953 0.000 0.304,
						0.894 0.000 0.447
					]
				}
				normalIndex
				[
					0, 0, 1, -1,
					1, 0, 1, -1,
					1, 1, 2, -1,
					3, 3, 2, -1,
					2, 3, 2, -1,
					2, 2, 1, -1
				]
			}
		}
		Shape
		{
			appearance Appearance
			{
				material Material
				{
					diffuseColor 0.694 0.741 0.788
				}
			}
			geometry IndexedFaceSet
			{
				creaseAngle 0.5
				solid TRUE
				coord Coordinate
				{
					point
					[
						1.138 -8.150 -3.076,
						1.138 -9.000 -3.076,
						2.947 -8.150 -6.694,
						2.947 -9.000 -6.694
					]
				}
				coordIndex
				[
					0, 1, 2, -1,
					2, 1, 3, -1
				]
				normal Normal
				{
					vector
					[
						0.894 0.000 0.447
					]
				}
				normalIndex
				[
					0, 0, 0, -1,
					0, 0, 0, -1
				]
			}
		}
		Shape
		{
			appearance Appearance
			{
				material Material
				{
					diffuseColor 0.694 0.741 0.788
				}
			}
			geometry IndexedFaceSet
			{
				creaseAngle 0.5
				solid TRUE
				coord Coordinate
				{
					point
					[
						0.691 -8.150 -2.800,
						0.691 -9.000 -2.800,
						0.801 -8.150 -2.812,
						0.801 -9.000 -2.812,
						0.905 -9.000 -2.848,
						0.999 -9.000 -2.906,
						0.999 -8.150 -2.906,
						0.915 -9.000 -2.853,
						0.915 -8.150 -2.853,
						0.905 -8.150 -2.848,
						1.078 -9.000 -2.984,
						1.078 -8.150 -2.984,
						1.138 -9.000 -3.076,
						1.138 -8.150 -3.076
					]
				}
				coordIndex
				[
					0, 1, 2, -1,
					2, 1, 3, -1,
					2, 3, 4, -1,
					5, 6, 7, -1,
					7, 6, 8, -1,
					7, 8, 4, -1,
					4, 8, 9, -1,
					4, 9, 2, -1,
					5, 10, 6, -1,
					6, 10, 11, -1,
					12, 13, 10, -1,
					10, 13, 11, -1
				]
				normal Normal
				{
					vector
					[
						0.000 0.000 1.000,
						0.220 0.000 0.976,
						0.429 0.000 0.904,
						0.616 0.000 0.787,
						0.447 0.000 0.894,
						0.774 0.000 0.633,
						0.894 0.000 0.447
					]
				}
				normalIndex
				[
					0, 0, 1, -1,
					1, 0, 1, -1,
					1, 1, 2, -1,
					3, 3, 4, -1,
					4, 3, 4, -1,
					4, 4, 2, -1,
					2, 4, 2, -1,
					2, 2, 1, -1,
					3, 5, 3, -1,
					3, 5, 5, -1,
					6, 6, 5, -1,
					5, 6, 5, -1
				]
			}
		}
		Shape
		{
			appearance Appearance
			{
				material Material
				{
					diffuseColor 0.694 0.741 0.788
				}
			}
			geometry IndexedFaceSet
			{
				creaseAngle 0.5
				solid TRUE
				coord Coordinate
				{
					point
					[
						1.078 -8.150 -2.984,
						1.138 -8.150 -3.076,
						1.127 -8.070 -3.069,
						1.123 -8.021 -3.084,
						1.019 -8.060 -2.934,
						0.985 -7.891 -2.990,
						0.837 -7.891 -2.898,
						0.773 -7.757 -3.002,
						0.691 -7.796 -2.946,
						0.691 -7.717 -3.050,
						1.078 -7.900 -3.106,
						1.007 -7.796 -3.142,
						0.921 -7.757 -3.093,
						0.915 -7.717 -3.188,
						0.807 -7.667 -3.242,
						0.691 -7.650 -3.300,
						0.691 -7.667 -3.171,
						0.691 -7.900 -2.867,
						0.691 -8.021 -2.817,
						0.872 -8.060 -2.843,
						0.702 -8.070 -2.806,
						0.801 -8.150 -2.812,
						0.691 -8.150 -2.800,
						0.905 -8.150 -2.848,
						0.915 -8.150 -2.853,
						0.999 -8.150 -2.906
					]
				}
				coordIndex
				[
					0, 1, 2, -1,
					2, 1, 3, -1,
					2, 3, 4, -1,
					4, 3, 5, -1,
					4, 5, 6, -1,
					6, 5, 7, -1,
					6, 7, 8, -1,
					8, 7, 9, -1,
					3, 10, 5, -1,
					5, 10, 11, -1,
					5, 11, 12, -1,
					12, 11, 13, -1,
					12, 13, 14, -1,
					15, 16, 14, -1,
					14, 16, 7, -1,
					14, 7, 12, -1,
					12, 7, 5, -1,
					16, 9, 7, -1,
					8, 17, 6, -1,
					6, 17, 18, -1,
					6, 18, 19, -1,
					19, 18, 20, -1,
					19, 20, 21, -1,
					21, 20, 22, -1,
					18, 22, 20, -1,
					21, 23, 19, -1,
					19, 23, 24, -1,
					19, 24, 4, -1,
					4, 24, 25, -1,
					4, 25, 0, -1,
					2, 4, 0, -1,
					19, 4, 6, -1
				]
				normal Normal
				{
					vector
					[
						0.774 -0.000 0.633,
						0.894 -0.000 0.447,
						0.873 0.159 0.461,
						0.864 0.259 0.432,
						0.657 0.181 0.732,
						0.588 0.518 0.621,
						0.292 0.518 0.804,
						0.164 0.786 0.596,
						-0.000 0.707 0.707,
						0.000 0.866 0.500,
						0.775 0.500 0.387,
						0.632 0.707 0.316,
						0.460 0.786 0.414,
						0.447 0.866 0.224,
						0.231 0.966 0.116,
						0.000 1.000 0.000,
						0.000 0.966 0.259,
						0.000 0.500 0.866,
						0.000 0.259 0.966,
						0.361 0.181 0.915,
						0.022 0.159 0.987,
						0.220 -0.000 0.976,
						0.000 -0.000 1.000,
						0.429 -0.000 0.904,
						0.447 -0.000 0.894,
						0.616 -0.000 0.787
					]
				}
				normalIndex
				[
					0, 1, 2, -1,
					2, 1, 3, -1,
					2, 3, 4, -1,
					4, 3, 5, -1,
					4, 5, 6, -1,
					6, 5, 7, -1,
					6, 7, 8, -1,
					8, 7, 9, -1,
					3, 10, 5, -1,
					5, 10, 11, -1,
					5, 11, 12, -1,
					12, 11, 13, -1,
					12, 13, 14, -1,
					15, 16, 14, -1,
					14, 16, 7, -1,
					14, 7, 12, -1,
					12, 7, 5, -1,
					16, 9, 7, -1,
					8, 17, 6, -1,
					6, 17, 18, -1,
					6, 18, 19, -1,
					19, 18, 20, -1,
					19, 20, 21, -1,
					21, 20, 22, -1,
					18, 22, 20, -1,
					21, 23, 19, -1,
					19, 23, 24, -1,
					19, 24, 4, -1,
					4, 24, 25, -1,
					4, 25, 0, -1,
					2, 4, 0, -1,
					19, 4, 6, -1
				]
			}
		}
		Shape
		{
			appearance Appearance
			{
				material Material
				{
					diffuseColor 0.694 0.741 0.788
				}
			}
			geometry IndexedFaceSet
			{
				creaseAngle 0.5
				solid TRUE
				coord Coordinate
				{
					point
					[
						-0.691 -7.650 -3.300,
						-0.691 -7.667 -3.171,
						0.691 -7.650 -3.300,
						0.691 -7.667 -3.171,
						0.691 -7.717 -3.050,
						-0.691 -7.717 -3.050,
						-0.691 -7.796 -2.946,
						0.691 -7.796 -2.946,
						-0.691 -7.900 -2.867,
						0.691 -7.900 -2.867,
						-0.691 -8.021 -2.817,
						0.691 -8.021 -2.817,
						0.691 -8.150 -2.800,
						-0.691 -8.150 -2.800
					]
				}
				coordIndex
				[
					0, 1, 2, -1,
					2, 1, 3, -1,
					3, 1, 4, -1,
					4, 1, 5, -1,
					4, 5, 6, -1,
					4, 6, 7, -1,
					7, 6, 8, -1,
					7, 8, 9, -1,
					9, 8, 10, -1,
					9, 10, 11, -1,
					11, 10, 12, -1,
					10, 13, 12, -1
				]
				normal Normal
				{
					vector
					[
						0.000 1.000 0.000,
						0.000 0.966 0.259,
						0.000 0.866 0.500,
						0.000 0.707 0.707,
						0.000 0.500 0.866,
						0.000 0.259 0.966,
						0.000 0.000 1.000
					]
				}
				normalIndex
				[
					0, 1, 0, -1,
					0, 1, 1, -1,
					1, 1, 2, -1,
					2, 1, 2, -1,
					2, 2, 3, -1,
					2, 3, 3, -1,
					3, 3, 4, -1,
					3, 4, 4, -1,
					4, 4, 5, -1,
					4, 5, 5, -1,
					5, 5, 6, -1,
					5, 6, 6, -1
				]
			}
		}
		Shape
		{
			appearance Appearance
			{
				material Material
				{
					diffuseColor 0.694 0.741 0.788
				}
			}
			geometry IndexedFaceSet
			{
				creaseAngle 0.5
				solid TRUE
				coord Coordinate
				{
					point
					[
						-0.691 -7.650 -3.300,
						0.691 -7.650 -3.300,
						-2.441 -7.650 -6.800,
						2.441 -7.650 -6.800
					]
				}
				coordIndex
				[
					0, 1, 2, -1,
					2, 1, 3, -1
				]
				normal Normal
				{
					vector
					[
						-0.000 1.000 0.000
					]
				}
				normalIndex
				[
					0, 0, 0, -1,
					0, 0, 0, -1
				]
			}
		}
		Shape
		{
			appearance Appearance
			{
				material Material
				{
					diffuseColor 0.694 0.741 0.788
				}
			}
			geometry IndexedFaceSet
			{
				creaseAngle 0.5
				solid TRUE
				coord Coordinate
				{
					point
					[
						-3.000 -8.150 -6.800,
						-2.947 -8.150 -6.694,
						-2.996 -8.088 -6.800,
						-1.138 -8.150 -3.076,
						-1.123 -8.021 -3.084,
						-2.753 -7.735 -6.800,
						-2.830 -7.791 -6.800,
						-1.007 -7.796 -3.142,
						-2.895 -7.858 -6.800,
						-1.078 -7.900 -3.106,
						-2.947 -7.938 -6.800,
						-2.985 -8.033 -6.800,
						-0.915 -7.717 -3.188,
						-2.664 -7.692 -6.800,
						-0.807 -7.667 -3.242,
						-2.562 -7.662 -6.800,
						-0.691 -7.650 -3.300,
						-2.441 -7.650 -6.800
					]
				}
				coordIndex
				[
					0, 1, 2, -1,
					2, 1, 3, -1,
					2, 3, 4, -1,
					5, 6, 7, -1,
					7, 6, 8, -1,
					7, 8, 9, -1,
					9, 8, 10, -1,
					9, 10, 4, -1,
					4, 10, 11, -1,
					4, 11, 2, -1,
					7, 12, 5, -1,
					5, 12, 13, -1,
					12, 14, 13, -1,
					13, 14, 15, -1,
					14, 16, 15, -1,
					15, 16, 17, -1
				]
				normal Normal
				{
					vector
					[
						-0.894 0.000 0.447,
						-0.888 0.124 0.444,
						-0.864 0.259 0.432,
						-0.499 0.830 0.250,
						-0.622 0.719 0.311,
						-0.632 0.707 0.316,
						-0.726 0.584 0.363,
						-0.775 0.500 0.387,
						-0.810 0.424 0.405,
						-0.870 0.234 0.435,
						-0.447 0.866 0.224,
						-0.357 0.917 0.179,
						-0.231 0.966 0.116,
						-0.193 0.976 0.096,
						0.000 1.000 -0.000
					]
				}
				normalIndex
				[
					0, 0, 1, -1,
					1, 0, 0, -1,
					1, 0, 2, -1,
					3, 4, 5, -1,
					5, 4, 6, -1,
					5, 6, 7, -1,
					7, 6, 8, -1,
					7, 8, 2, -1,
					2, 8, 9, -1,
					2, 9, 1, -1,
					5, 10, 3, -1,
					3, 10, 11, -1,
					10, 12, 11, -1,
					11, 12, 13, -1,
					12, 14, 13, -1,
					13, 14, 14, -1
				]
			}
		}
		Shape
		{
			appearance Appearance
			{
				material Material
				{
					diffuseColor 0.694 0.741 0.788
				}
			}
			geometry IndexedFaceSet
			{
				creaseAngle 0.5
				solid TRUE
				coord Coordinate
				{
					point
					[
						-3.000 -8.150 -6.918,
						-2.994 -8.150 -6.841,
						-3.000 -8.150 -6.800,
						-2.976 -8.150 -6.766,
						-2.947 -8.150 -6.694
					]
				}
				coordIndex
				[
					0, 1, 2, -1,
					2, 1, 3, -1,
					2, 3, 4, -1
				]
				normal Normal
				{
					vector
					[
						0.000 -1.000 -0.000
					]
				}
				normalIndex
				[
					0, 0, 0, -1,
					0, 0, 0, -1,
					0, 0, 0, -1
				]
			}
		}
		Shape
		{
			appearance Appearance
			{
				material Material
				{
					diffuseColor 0.694 0.741 0.788
				}
			}
			geometry IndexedFaceSet
			{
				creaseAngle 0.5
				solid TRUE
				coord Coordinate
				{
					point
					[
						-3.000 -8.150 -6.800,
						-3.000 -5.994 -6.800,
						-3.000 -8.150 -6.918,
						-3.000 -5.994 -8.900,
						-3.000 -8.060 -8.900,
						-3.000 -8.700 -8.900,
						-3.000 -8.700 -7.650,
						-3.000 -9.000 -7.650,
						-3.000 -9.000 -6.918
					]
				}
				coordIndex
				[
					0, 1, 2, -1,
					2, 1, 3, -1,
					2, 3, 4, -1,
					5, 6, 4, -1,
					4, 6, 2, -1,
					7, 8, 6, -1,
					6, 8, 2, -1
				]
				normal Normal
				{
					vector
					[
						-1.000 0.000 0.000
					]
				}
				normalIndex
				[
					0, 0, 0, -1,
					0, 0, 0, -1,
					0, 0, 0, -1,
					0, 0, 0, -1,
					0, 0, 0, -1,
					0, 0, 0, -1,
					0, 0, 0, -1
				]
			}
		}
		Shape
		{
			appearance Appearance
			{
				material Material
				{
					diffuseColor 0.694 0.741 0.788
				}
			}
			geometry IndexedFaceSet
			{
				creaseAngle 0.5
				solid TRUE
				coord Coordinate
				{
					point
					[
						-2.947 -9.000 -6.694,
						-2.947 -8.150 -6.694,
						-2.976 -9.000 -6.766,
						-2.976 -8.150 -6.766,
						-2.994 -8.150 -6.841,
						-3.000 -8.150 -6.918,
						-3.000 -9.000 -6.918,
						-2.994 -9.000 -6.841
					]
				}
				coordIndex
				[
					0, 1, 2, -1,
					2, 1, 3, -1,
					2, 3, 4, -1,
					5, 6, 4, -1,
					4, 6, 7, -1,
					4, 7, 2, -1
				]
				normal Normal
				{
					vector
					[
						-0.894 0.000 0.447,
						-0.953 0.000 0.304,
						-0.988 0.000 0.154,
						-1.000 0.000 0.000
					]
				}
				normalIndex
				[
					0, 0, 1, -1,
					1, 0, 1, -1,
					1, 1, 2, -1,
					3, 3, 2, -1,
					2, 3, 2, -1,
					2, 2, 1, -1
				]
			}
		}
		Shape
		{
			appearance Appearance
			{
				material Material
				{
					diffuseColor 0.694 0.741 0.788
				}
			}
			geometry IndexedFaceSet
			{
				creaseAngle 0.5
				solid TRUE
				coord Coordinate
				{
					point
					[
						-1.138 -9.000 -3.076,
						-1.138 -8.150 -3.076,
						-2.947 -9.000 -6.694,
						-2.947 -8.150 -6.694
					]
				}
				coordIndex
				[
					0, 1, 2, -1,
					2, 1, 3, -1
				]
				normal Normal
				{
					vector
					[
						-0.894 0.000 0.447
					]
				}
				normalIndex
				[
					0, 0, 0, -1,
					0, 0, 0, -1
				]
			}
		}
		Shape
		{
			appearance Appearance
			{
				material Material
				{
					diffuseColor 0.694 0.741 0.788
				}
			}
			geometry IndexedFaceSet
			{
				creaseAngle 0.5
				solid TRUE
				coord Coordinate
				{
					point
					[
						-1.138 -8.150 -3.076,
						-1.138 -9.000 -3.076,
						-1.078 -8.150 -2.984,
						-1.078 -9.000 -2.984,
						-0.999 -9.000 -2.906,
						-0.905 -9.000 -2.848,
						-0.905 -8.150 -2.848,
						-0.999 -8.150 -2.906,
						-0.801 -9.000 -2.812,
						-0.801 -8.150 -2.812,
						-0.691 -9.000 -2.800,
						-0.691 -8.150 -2.800
					]
				}
				coordIndex
				[
					0, 1, 2, -1,
					2, 1, 3, -1,
					2, 3, 4, -1,
					5, 6, 4, -1,
					4, 6, 7, -1,
					4, 7, 2, -1,
					5, 8, 6, -1,
					6, 8, 9, -1,
					10, 11, 8, -1,
					8, 11, 9, -1
				]
				normal Normal
				{
					vector
					[
						-0.894 0.000 0.447,
						-0.774 0.000 0.633,
						-0.616 0.000 0.787,
						-0.429 0.000 0.904,
						-0.220 0.000 0.976,
						0.000 0.000 1.000
					]
				}
				normalIndex
				[
					0, 0, 1, -1,
					1, 0, 1, -1,
					1, 1, 2, -1,
					3, 3, 2, -1,
					2, 3, 2, -1,
					2, 2, 1, -1,
					3, 4, 3, -1,
					3, 4, 4, -1,
					5, 5, 4, -1,
					4, 5, 4, -1
				]
			}
		}
		Shape
		{
			appearance Appearance
			{
				material Material
				{
					diffuseColor 0.694 0.741 0.788
				}
			}
			geometry IndexedFaceSet
			{
				creaseAngle 0.5
				solid TRUE
				coord Coordinate
				{
					point
					[
						-0.801 -8.150 -2.812,
						-0.691 -8.150 -2.800,
						-0.702 -8.070 -2.806,
						-0.691 -8.021 -2.817,
						-0.872 -8.060 -2.843,
						-0.837 -7.891 -2.898,
						-0.985 -7.891 -2.990,
						-0.921 -7.757 -3.093,
						-1.007 -7.796 -3.142,
						-0.915 -7.717 -3.188,
						-0.691 -7.900 -2.867,
						-0.691 -7.796 -2.946,
						-0.773 -7.757 -3.002,
						-0.691 -7.717 -3.050,
						-0.691 -7.667 -3.171,
						-0.691 -7.650 -3.300,
						-0.807 -7.667 -3.242,
						-1.078 -7.900 -3.106,
						-1.123 -8.021 -3.084,
						-1.019 -8.060 -2.934,
						-1.127 -8.070 -3.069,
						-1.078 -8.150 -2.984,
						-1.138 -8.150 -3.076,
						-0.999 -8.150 -2.906,
						-0.905 -8.150 -2.848
					]
				}
				coordIndex
				[
					0, 1, 2, -1,
					2, 1, 3, -1,
					2, 3, 4, -1,
					4, 3, 5, -1,
					4, 5, 6, -1,
					6, 5, 7, -1,
					6, 7, 8, -1,
					8, 7, 9, -1,
					3, 10, 5, -1,
					5, 10, 11, -1,
					5, 11, 12, -1,
					12, 11, 13, -1,
					12, 13, 14, -1,
					15, 16, 14, -1,
					14, 16, 7, -1,
					14, 7, 12, -1,
					12, 7, 5, -1,
					16, 9, 7, -1,
					8, 17, 6, -1,
					6, 17, 18, -1,
					6, 18, 19, -1,
					19, 18, 20, -1,
					19, 20, 21, -1,
					21, 20, 22, -1,
					18, 22, 20, -1,
					21, 23, 19, -1,
					19, 23, 24, -1,
					19, 24, 4, -1,
					4, 24, 0, -1,
					4, 0, 2, -1,
					19, 4, 6, -1
				]
				normal Normal
				{
					vector
					[
						-0.220 -0.000 0.976,
						-0.000 -0.000 1.000,
						-0.022 0.159 0.987,
						-0.000 0.259 0.966,
						-0.361 0.181 0.915,
						-0.292 0.518 0.804,
						-0.588 0.518 0.621,
						-0.460 0.786 0.414,
						-0.632 0.707 0.316,
						-0.447 0.866 0.224,
						-0.000 0.500 0.866,
						-0.000 0.707 0.707,
						-0.164 0.786 0.596,
						-0.000 0.866 0.500,
						-0.000 0.966 0.259,
						-0.000 1.000 0.000,
						-0.231 0.966 0.116,
						-0.775 0.500 0.387,
						-0.864 0.259 0.432,
						-0.657 0.181 0.732,
						-0.873 0.159 0.461,
						-0.774 -0.000 0.633,
						-0.894 -0.000 0.447,
						-0.616 -0.000 0.787,
						-0.429 -0.000 0.904
					]
				}
				normalIndex
				[
					0, 1, 2, -1,
					2, 1, 3, -1,
					2, 3, 4, -1,
					4, 3, 5, -1,
					4, 5, 6, -1,
					6, 5, 7, -1,
					6, 7, 8, -1,
					8, 7, 9, -1,
					3, 10, 5, -1,
					5, 10, 11, -1,
					5, 11, 12, -1,
					12, 11, 13, -1,
					12, 13, 14, -1,
					15, 16, 14, -1,
					14, 16, 7, -1,
					14, 7, 12, -1,
					12, 7, 5, -1,
					16, 9, 7, -1,
					8, 17, 6, -1,
					6, 17, 18, -1,
					6, 18, 19, -1,
					19, 18, 20, -1,
					19, 20, 21, -1,
					21, 20, 22, -1,
					18, 22, 20, -1,
					21, 23, 19, -1,
					19, 23, 24, -1,
					19, 24, 4, -1,
					4, 24, 0, -1,
					4, 0, 2, -1,
					19, 4, 6, -1
				]
			}
		}
		Shape
		{
			appearance Appearance
			{
				material Material
				{
					diffuseColor 0.694 0.741 0.788
				}
			}
			geometry IndexedFaceSet
			{
				creaseAngle 0.5
				solid TRUE
				coord Coordinate
				{
					point
					[
						-0.691 -9.000 -2.800,
						0.691 -9.000 -2.800,
						-0.691 -8.150 -2.800,
						0.691 -8.150 -2.800
					]
				}
				coordIndex
				[
					0, 1, 2, -1,
					2, 1, 3, -1
				]
				normal Normal
				{
					vector
					[
						0.000 0.000 1.000
					]
				}
				normalIndex
				[
					0, 0, 0, -1,
					0, 0, 0, -1
				]
			}
		}
		Shape
		{
			appearance Appearance
			{
				material Material
				{
					diffuseColor 0.694 0.741 0.788
				}
			}
			geometry IndexedFaceSet
			{
				creaseAngle 0.5
				solid TRUE
				coord Coordinate
				{
					point
					[
						-3.000 -8.700 -7.650,
						-2.350 -8.700 -7.650,
						-3.000 -9.000 -7.650,
						-2.350 -9.000 -7.650
					]
				}
				coordIndex
				[
					0, 1, 2, -1,
					2, 1, 3, -1
				]
				normal Normal
				{
					vector
					[
						-0.000 -0.000 -1.000
					]
				}
				normalIndex
				[
					0, 0, 0, -1,
					0, 0, 0, -1
				]
			}
		}
		Shape
		{
			appearance Appearance
			{
				material Material
				{
					diffuseColor 0.694 0.741 0.788
				}
			}
			geometry IndexedFaceSet
			{
				creaseAngle 0.5
				solid TRUE
				coord Coordinate
				{
					point
					[
						-2.350 -8.700 -8.900,
						-2.350 -8.060 -8.900,
						-2.350 -8.700 -7.650,
						-2.350 -8.060 -7.400,
						-2.350 -9.000 -7.400,
						-2.350 -9.000 -7.650
					]
				}
				coordIndex
				[
					0, 1, 2, -1,
					2, 1, 3, -1,
					2, 3, 4, -1,
					4, 5, 2, -1
				]
				normal Normal
				{
					vector
					[
						1.000 -0.000 -0.000
					]
				}
				normalIndex
				[
					0, 0, 0, -1,
					0, 0, 0, -1,
					0, 0, 0, -1,
					0, 0, 0, -1
				]
			}
		}
		Shape
		{
			appearance Appearance
			{
				material Material
				{
					diffuseColor 0.694 0.741 0.788
				}
			}
			geometry IndexedFaceSet
			{
				creaseAngle 0.5
				solid TRUE
				coord Coordinate
				{
					point
					[
						-2.350 -8.700 -8.900,
						-2.350 -8.700 -7.650,
						-3.000 -8.700 -8.900,
						-3.000 -8.700 -7.650
					]
				}
				coordIndex
				[
					0, 1, 2, -1,
					2, 1, 3, -1
				]
				normal Normal
				{
					vector
					[
						0.000 -1.000 0.000
					]
				}
				normalIndex
				[
					0, 0, 0, -1,
					0, 0, 0, -1
				]
			}
		}
		Shape
		{
			appearance Appearance
			{
				material Material
				{
					diffuseColor 0.694 0.741 0.788
				}
			}
			geometry IndexedFaceSet
			{
				creaseAngle 0.5
				solid TRUE
				coord Coordinate
				{
					point
					[
						-3.000 -5.994 -8.900,
						-3.000 -5.994 -6.800,
						-2.988 -5.885 -8.900,
						-2.988 -5.885 -6.800,
						-2.953 -5.782 -6.800,
						-2.953 -5.782 -8.900,
						-2.896 -5.689 -6.800,
						-2.896 -5.689 -8.900,
						-2.820 -5.610 -8.900,
						-2.820 -5.610 -6.800
					]
				}
				coordIndex
				[
					0, 1, 2, -1,
					2, 1, 3, -1,
					2, 3, 4, -1,
					2, 4, 5, -1,
					5, 4, 6, -1,
					5, 6, 7, -1,
					7, 6, 8, -1,
					6, 9, 8, -1
				]
				normal Normal
				{
					vector
					[
						-1.000 0.000 0.000,
						-0.976 0.217 0.000,
						-0.906 0.424 0.000,
						-0.792 0.610 0.000,
						-0.641 0.768 0.000
					]
				}
				normalIndex
				[
					0, 0, 1, -1,
					1, 0, 1, -1,
					1, 1, 2, -1,
					1, 2, 2, -1,
					2, 2, 3, -1,
					2, 3, 3, -1,
					3, 3, 4, -1,
					3, 4, 4, -1
				]
			}
		}
		Shape
		{
			appearance Appearance
			{
				material Material
				{
					diffuseColor 0.694 0.741 0.788
				}
			}
			geometry IndexedFaceSet
			{
				creaseAngle 0.5
				solid TRUE
				coord Coordinate
				{
					point
					[
						-2.430 -5.284 -8.900,
						-2.820 -5.610 -8.900,
						-2.430 -5.284 -7.300,
						-2.820 -5.610 -6.800,
						-2.462 -5.311 -6.800,
						-2.155 -5.055 -6.800,
						-2.155 -5.055 -6.981
					]
				}
				coordIndex
				[
					0, 1, 2, -1,
					2, 1, 3, -1,
					2, 3, 4, -1,
					5, 6, 4, -1,
					4, 6, 2, -1
				]
				normal Normal
				{
					vector
					[
						-0.641 0.768 0.000
					]
				}
				normalIndex
				[
					0, 0, 0, -1,
					0, 0, 0, -1,
					0, 0, 0, -1,
					0, 0, 0, -1,
					0, 0, 0, -1
				]
			}
		}
		Shape
		{
			appearance Appearance
			{
				material Material
				{
					diffuseColor 0.694 0.741 0.788
				}
			}
			geometry IndexedFaceSet
			{
				creaseAngle 0.5
				solid TRUE
				coord Coordinate
				{
					point
					[
						3.000 -8.150 -6.800,
						2.996 -8.088 -6.800,
						2.947 -8.150 -6.694,
						1.138 -8.150 -3.076,
						1.123 -8.021 -3.084,
						2.985 -8.033 -6.800,
						2.947 -7.938 -6.800,
						1.078 -7.900 -3.106,
						2.895 -7.858 -6.800,
						1.007 -7.796 -3.142,
						2.830 -7.791 -6.800,
						2.753 -7.735 -6.800,
						0.915 -7.717 -3.188,
						2.664 -7.692 -6.800,
						0.807 -7.667 -3.242,
						2.562 -7.662 -6.800,
						0.691 -7.650 -3.300,
						2.441 -7.650 -6.800
					]
				}
				coordIndex
				[
					0, 1, 2, -1,
					2, 1, 3, -1,
					3, 1, 4, -1,
					4, 1, 5, -1,
					4, 5, 6, -1,
					4, 6, 7, -1,
					7, 6, 8, -1,
					7, 8, 9, -1,
					9, 8, 10, -1,
					9, 10, 11, -1,
					9, 11, 12, -1,
					12, 11, 13, -1,
					12, 13, 14, -1,
					14, 13, 15, -1,
					14, 15, 16, -1,
					16, 15, 17, -1
				]
				normal Normal
				{
					vector
					[
						0.894 0.000 0.447,
						0.888 0.124 0.444,
						0.864 0.259 0.432,
						0.870 0.234 0.435,
						0.810 0.424 0.405,
						0.775 0.500 0.387,
						0.726 0.584 0.363,
						0.632 0.707 0.316,
						0.622 0.719 0.311,
						0.499 0.830 0.250,
						0.447 0.866 0.224,
						0.357 0.917 0.179,
						0.231 0.966 0.116,
						0.193 0.976 0.096,
						0.000 1.000 0.000
					]
				}
				normalIndex
				[
					0, 1, 0, -1,
					0, 1, 0, -1,
					0, 1, 2, -1,
					2, 1, 3, -1,
					2, 3, 4, -1,
					2, 4, 5, -1,
					5, 4, 6, -1,
					5, 6, 7, -1,
					7, 6, 8, -1,
					7, 8, 9, -1,
					7, 9, 10, -1,
					10, 9, 11, -1,
					10, 11, 12, -1,
					12, 11, 13, -1,
					12, 13, 14, -1,
					14, 13, 14, -1
				]
			}
		}
		Shape
		{
			appearance Appearance
			{
				material Material
				{
					diffuseColor 0.694 0.741 0.788
				}
			}
			geometry IndexedFaceSet
			{
				creaseAngle 0.5
				solid TRUE
				coord Coordinate
				{
					point
					[
						2.947 -8.150 -6.694,
						2.976 -8.150 -6.766,
						3.000 -8.150 -6.800,
						2.994 -8.150 -6.841,
						3.000 -8.150 -6.918
					]
				}
				coordIndex
				[
					0, 1, 2, -1,
					2, 1, 3, -1,
					2, 3, 4, -1
				]
				normal Normal
				{
					vector
					[
						0.000 -1.000 -0.000
					]
				}
				normalIndex
				[
					0, 0, 0, -1,
					0, 0, 0, -1,
					0, 0, 0, -1
				]
			}
		}
		Shape
		{
			appearance Appearance
			{
				material Material
				{
					diffuseColor 0.694 0.741 0.788
				}
			}
			geometry IndexedFaceSet
			{
				creaseAngle 0.5
				solid TRUE
				coord Coordinate
				{
					point
					[
						3.000 -9.000 -6.918,
						3.000 -9.000 -8.900,
						3.000 -8.150 -6.918,
						3.000 -8.060 -8.900,
						3.000 -5.994 -8.900,
						3.000 -5.994 -6.800,
						3.000 -8.150 -6.800
					]
				}
				coordIndex
				[
					0, 1, 2, -1,
					2, 1, 3, -1,
					2, 3, 4, -1,
					4, 5, 2, -1,
					2, 5, 6, -1
				]
				normal Normal
				{
					vector
					[
						1.000 0.000 0.000
					]
				}
				normalIndex
				[
					0, 0, 0, -1,
					0, 0, 0, -1,
					0, 0, 0, -1,
					0, 0, 0, -1,
					0, 0, 0, -1
				]
			}
		}
		Shape
		{
			appearance Appearance
			{
				material Material
				{
					diffuseColor 0.694 0.741 0.788
				}
			}
			geometry IndexedFaceSet
			{
				creaseAngle 0.5
				solid TRUE
				coord Coordinate
				{
					point
					[
						2.820 -5.610 -8.900,
						2.820 -5.610 -6.800,
						2.896 -5.689 -8.900,
						2.896 -5.689 -6.800,
						2.953 -5.782 -6.800,
						2.953 -5.782 -8.900,
						2.988 -5.885 -6.800,
						2.988 -5.885 -8.900,
						3.000 -5.994 -8.900,
						3.000 -5.994 -6.800
					]
				}
				coordIndex
				[
					0, 1, 2, -1,
					2, 1, 3, -1,
					2, 3, 4, -1,
					2, 4, 5, -1,
					5, 4, 6, -1,
					5, 6, 7, -1,
					7, 6, 8, -1,
					6, 9, 8, -1
				]
				normal Normal
				{
					vector
					[
						0.641 0.768 0.000,
						0.792 0.610 0.000,
						0.906 0.424 0.000,
						0.976 0.217 0.000,
						1.000 0.000 0.000
					]
				}
				normalIndex
				[
					0, 0, 1, -1,
					1, 0, 1, -1,
					1, 1, 2, -1,
					1, 2, 2, -1,
					2, 2, 3, -1,
					2, 3, 3, -1,
					3, 3, 4, -1,
					3, 4, 4, -1
				]
			}
		}
		Shape
		{
			appearance Appearance
			{
				material Material
				{
					diffuseColor 0.694 0.741 0.788
				}
			}
			geometry IndexedFaceSet
			{
				creaseAngle 0.5
				solid TRUE
				coord Coordinate
				{
					point
					[
						3.450 -8.600 -9.100,
						3.450 -8.593 -9.048,
						3.050 -8.600 -9.100,
						3.050 -8.593 -9.048,
						3.450 -8.573 -9.000,
						3.050 -8.573 -9.000,
						3.050 -8.541 -8.959,
						3.450 -8.541 -8.959,
						3.450 -8.500 -8.927,
						3.050 -8.500 -8.927,
						3.450 -8.452 -8.907,
						3.050 -8.452 -8.907,
						3.050 -8.400 -8.900,
						3.450 -8.400 -8.900
					]
				}
				coordIndex
				[
					0, 1, 2, -1,
					2, 1, 3, -1,
					1, 4, 3, -1,
					3, 4, 5, -1,
					5, 4, 6, -1,
					6, 4, 7, -1,
					6, 7, 8, -1,
					6, 8, 9, -1,
					9, 8, 10, -1,
					9, 10, 11, -1,
					11, 10, 12, -1,
					10, 13, 12, -1
				]
				normal Normal
				{
					vector
					[
						0.000 -1.000 0.000,
						0.000 -0.966 0.259,
						0.000 -0.866 0.500,
						0.000 -0.707 0.707,
						0.000 -0.500 0.866,
						0.000 -0.259 0.966,
						0.000 0.000 1.000
					]
				}
				normalIndex
				[
					0, 1, 0, -1,
					0, 1, 1, -1,
					1, 2, 1, -1,
					1, 2, 2, -1,
					2, 2, 3, -1,
					3, 2, 3, -1,
					3, 3, 4, -1,
					3, 4, 4, -1,
					4, 4, 5, -1,
					4, 5, 5, -1,
					5, 5, 6, -1,
					5, 6, 6, -1
				]
			}
		}
		Shape
		{
			appearance Appearance
			{
				material Material
				{
					diffuseColor 0.694 0.741 0.788
				}
			}
			geometry IndexedFaceSet
			{
				creaseAngle 0.5
				solid TRUE
				coord Coordinate
				{
					point
					[
						3.050 -8.600 -11.300,
						3.050 -8.607 -11.352,
						3.450 -8.600 -11.300,
						3.450 -8.607 -11.352,
						3.450 -8.627 -11.400,
						3.050 -8.627 -11.400,
						3.050 -8.659 -11.441,
						3.450 -8.659 -11.441,
						3.050 -8.700 -11.473,
						3.450 -8.700 -11.473,
						3.050 -8.748 -11.493,
						3.450 -8.748 -11.493,
						3.450 -8.800 -11.500,
						3.050 -8.800 -11.500
					]
				}
				coordIndex
				[
					0, 1, 2, -1,
					2, 1, 3, -1,
					3, 1, 4, -1,
					4, 1, 5, -1,
					4, 5, 6, -1,
					4, 6, 7, -1,
					7, 6, 8, -1,
					7, 8, 9, -1,
					9, 8, 10, -1,
					9, 10, 11, -1,
					11, 10, 12, -1,
					10, 13, 12, -1
				]
				normal Normal
				{
					vector
					[
						-0.000 -1.000 -0.000,
						-0.000 -0.966 0.259,
						-0.000 -0.866 0.500,
						-0.000 -0.707 0.707,
						-0.000 -0.500 0.866,
						-0.000 -0.259 0.966,
						-0.000 -0.000 1.000
					]
				}
				normalIndex
				[
					0, 1, 0, -1,
					0, 1, 1, -1,
					1, 1, 2, -1,
					2, 1, 2, -1,
					2, 2, 3, -1,
					2, 3, 3, -1,
					3, 3, 4, -1,
					3, 4, 4, -1,
					4, 4, 5, -1,
					4, 5, 5, -1,
					5, 5, 6, -1,
					5, 6, 6, -1
				]
			}
		}
		Shape
		{
			appearance Appearance
			{
				material Material
				{
					diffuseColor 0.694 0.741 0.788
				}
			}
			geometry IndexedFaceSet
			{
				creaseAngle 0.5
				solid TRUE
				coord Coordinate
				{
					point
					[
						3.450 -12.000 -11.500,
						3.450 -8.800 -11.500,
						3.050 -12.000 -11.500,
						3.050 -8.800 -11.500
					]
				}
				coordIndex
				[
					0, 1, 2, -1,
					2, 1, 3, -1
				]
				normal Normal
				{
					vector
					[
						-0.000 -0.000 1.000
					]
				}
				normalIndex
				[
					0, 0, 0, -1,
					0, 0, 0, -1
				]
			}
		}
		Shape
		{
			appearance Appearance
			{
				material Material
				{
					diffuseColor 0.694 0.741 0.788
				}
			}
			geometry IndexedFaceSet
			{
				creaseAngle 0.5
				solid TRUE
				coord Coordinate
				{
					point
					[
						3.450 -7.880 -19.691,
						3.870 -7.880 -19.691,
						3.450 -5.780 -19.691,
						3.870 -5.780 -19.691
					]
				}
				coordIndex
				[
					0, 1, 2, -1,
					2, 1, 3, -1
				]
				normal Normal
				{
					vector
					[
						0.000 0.000 1.000
					]
				}
				normalIndex
				[
					0, 0, 0, -1,
					0, 0, 0, -1
				]
			}
		}
		Shape
		{
			appearance Appearance
			{
				material Material
				{
					diffuseColor 0.694 0.741 0.788
				}
			}
			geometry IndexedFaceSet
			{
				creaseAngle 0.5
				solid TRUE
				coord Coordinate
				{
					point
					[
						3.450 -8.380 -20.191,
						3.870 -8.380 -20.191,
						3.450 -7.880 -19.691,
						3.870 -7.880 -19.691
					]
				}
				coordIndex
				[
					0, 1, 2, -1,
					2, 1, 3, -1
				]
				normal Normal
				{
					vector
					[
						0.000 -0.707 0.707
					]
				}
				normalIndex
				[
					0, 0, 0, -1,
					0, 0, 0, -1
				]
			}
		}
		Shape
		{
			appearance Appearance
			{
				material Material
				{
					diffuseColor 0.694 0.741 0.788
				}
			}
			geometry IndexedFaceSet
			{
				creaseAngle 0.5
				solid TRUE
				coord Coordinate
				{
					point
					[
						3.450 -5.280 -22.300,
						3.444 -5.280 -22.349,
						3.450 -5.673 -22.300,
						3.424 -5.460 -22.398,
						3.426 -5.280 -22.395,
						3.397 -5.280 -22.435,
						3.360 -5.280 -22.467
					]
				}
				coordIndex
				[
					0, 1, 2, -1,
					2, 1, 3, -1,
					1, 4, 3, -1,
					3, 4, 5, -1,
					3, 5, 6, -1
				]
				normal Normal
				{
					vector
					[
						-1.000 -0.000 -0.000,
						-0.970 -0.000 0.245,
						-1.000 0.000 -0.000,
						-0.872 -0.000 0.490,
						-0.880 0.000 0.475,
						-0.737 -0.000 0.676,
						-0.549 -0.000 0.836
					]
				}
				normalIndex
				[
					0, 1, 2, -1,
					2, 1, 3, -1,
					1, 4, 3, -1,
					3, 4, 5, -1,
					3, 5, 6, -1
				]
			}
		}
		Shape
		{
			appearance Appearance
			{
				material Material
				{
					diffuseColor 0.694 0.741 0.788
				}
			}
			geometry IndexedFaceSet
			{
				creaseAngle 0.5
				solid TRUE
				coord Coordinate
				{
					point
					[
						3.450 -5.280 -22.300,
						3.450 -5.673 -22.300,
						3.450 -5.280 -20.191,
						3.450 -5.673 -19.799
					]
				}
				coordIndex
				[
					0, 1, 2, -1,
					2, 1, 3, -1
				]
				normal Normal
				{
					vector
					[
						-1.000 0.000 0.000
					]
				}
				normalIndex
				[
					0, 0, 0, -1,
					0, 0, 0, -1
				]
			}
		}
		Shape
		{
			appearance Appearance
			{
				material Material
				{
					diffuseColor 0.694 0.741 0.788
				}
			}
			geometry IndexedFaceSet
			{
				creaseAngle 0.5
				solid TRUE
				coord Coordinate
				{
					point
					[
						1.775 7.000 -0.100,
						1.775 7.000 -8.900,
						1.904 6.983 -0.100,
						1.904 6.983 -8.900,
						2.025 6.933 -8.900,
						2.025 6.933 -0.100,
						2.129 6.854 -8.900,
						2.129 6.854 -0.100,
						2.208 6.750 -8.900,
						2.208 6.750 -0.100,
						2.258 6.629 -0.100,
						2.258 6.629 -8.900,
						2.275 6.500 -8.900,
						2.275 6.500 -0.100
					]
				}
				coordIndex
				[
					0, 1, 2, -1,
					2, 1, 3, -1,
					2, 3, 4, -1,
					2, 4, 5, -1,
					5, 4, 6, -1,
					5, 6, 7, -1,
					7, 6, 8, -1,
					7, 8, 9, -1,
					9, 8, 10, -1,
					8, 11, 10, -1,
					10, 11, 12, -1,
					10, 12, 13, -1
				]
				normal Normal
				{
					vector
					[
						-0.000 -1.000 -0.000,
						-0.259 -0.966 -0.000,
						-0.500 -0.866 -0.000,
						-0.707 -0.707 -0.000,
						-0.866 -0.500 -0.000,
						-0.966 -0.259 -0.000,
						-1.000 -0.000 -0.000
					]
				}
				normalIndex
				[
					0, 0, 1, -1,
					1, 0, 1, -1,
					1, 1, 2, -1,
					1, 2, 2, -1,
					2, 2, 3, -1,
					2, 3, 3, -1,
					3, 3, 4, -1,
					3, 4, 4, -1,
					4, 4, 5, -1,
					4, 5, 5, -1,
					5, 5, 6, -1,
					5, 6, 6, -1
				]
			}
		}
		Shape
		{
			appearance Appearance
			{
				material Material
				{
					diffuseColor 0.694 0.741 0.788
				}
			}
			geometry IndexedFaceSet
			{
				creaseAngle 0.5
				solid TRUE
				coord Coordinate
				{
					point
					[
						1.775 7.100 0.000,
						1.775 7.000 -0.100,
						1.930 7.080 0.000,
						1.904 6.983 -0.100,
						2.025 6.933 -0.100,
						2.075 7.020 0.000,
						2.129 6.854 -0.100,
						2.199 6.924 0.000,
						2.295 6.800 0.000,
						2.208 6.750 -0.100,
						2.258 6.629 -0.100,
						2.355 6.655 0.000,
						2.275 6.500 -0.100,
						2.375 6.500 0.000
					]
				}
				coordIndex
				[
					0, 1, 2, -1,
					2, 1, 3, -1,
					2, 3, 4, -1,
					2, 4, 5, -1,
					5, 4, 6, -1,
					5, 6, 7, -1,
					7, 6, 8, -1,
					6, 9, 8, -1,
					8, 9, 10, -1,
					8, 10, 11, -1,
					11, 10, 12, -1,
					11, 12, 13, -1
				]
				normal Normal
				{
					vector
					[
						-0.000 -0.707 0.707,
						-0.183 -0.683 0.707,
						-0.354 -0.612 0.707,
						-0.500 -0.500 0.707,
						-0.612 -0.354 0.707,
						-0.683 -0.183 0.707,
						-0.707 0.000 0.707
					]
				}
				normalIndex
				[
					0, 0, 1, -1,
					1, 0, 1, -1,
					1, 1, 2, -1,
					1, 2, 2, -1,
					2, 2, 3, -1,
					2, 3, 3, -1,
					3, 3, 4, -1,
					3, 4, 4, -1,
					4, 4, 5, -1,
					4, 5, 5, -1,
					5, 5, 6, -1,
					5, 6, 6, -1
				]
			}
		}
		Shape
		{
			appearance Appearance
			{
				material Material
				{
					diffuseColor 0.694 0.741 0.788
				}
			}
			geometry IndexedFaceSet
			{
				creaseAngle 0.5
				solid TRUE
				coord Coordinate
				{
					point
					[
						2.275 6.500 -0.100,
						2.275 -6.500 -0.100,
						2.375 6.500 0.000,
						2.375 -6.500 0.000
					]
				}
				coordIndex
				[
					0, 1, 2, -1,
					2, 1, 3, -1
				]
				normal Normal
				{
					vector
					[
						-0.707 0.000 0.707
					]
				}
				normalIndex
				[
					0, 0, 0, -1,
					0, 0, 0, -1
				]
			}
		}
		Shape
		{
			appearance Appearance
			{
				material Material
				{
					diffuseColor 0.694 0.741 0.788
				}
			}
			geometry IndexedFaceSet
			{
				creaseAngle 0.5
				solid TRUE
				coord Coordinate
				{
					point
					[
						2.375 -6.500 0.000,
						2.275 -6.500 -0.100,
						2.355 -6.655 0.000,
						2.258 -6.629 -0.100,
						2.208 -6.750 -0.100,
						2.295 -6.800 0.000,
						2.129 -6.854 -0.100,
						2.199 -6.924 0.000,
						2.025 -6.933 -0.100,
						2.075 -7.020 0.000,
						1.930 -7.080 0.000,
						1.904 -6.983 -0.100,
						1.775 -7.000 -0.100,
						1.775 -7.100 0.000
					]
				}
				coordIndex
				[
					0, 1, 2, -1,
					2, 1, 3, -1,
					2, 3, 4, -1,
					2, 4, 5, -1,
					5, 4, 6, -1,
					5, 6, 7, -1,
					7, 6, 8, -1,
					7, 8, 9, -1,
					9, 8, 10, -1,
					8, 11, 10, -1,
					10, 11, 12, -1,
					10, 12, 13, -1
				]
				normal Normal
				{
					vector
					[
						-0.707 0.000 0.707,
						-0.683 0.183 0.707,
						-0.612 0.354 0.707,
						-0.500 0.500 0.707,
						-0.354 0.612 0.707,
						-0.183 0.683 0.707,
						0.000 0.707 0.707
					]
				}
				normalIndex
				[
					0, 0, 1, -1,
					1, 0, 1, -1,
					1, 1, 2, -1,
					1, 2, 2, -1,
					2, 2, 3, -1,
					2, 3, 3, -1,
					3, 3, 4, -1,
					3, 4, 4, -1,
					4, 4, 5, -1,
					4, 5, 5, -1,
					5, 5, 6, -1,
					5, 6, 6, -1
				]
			}
		}
		Shape
		{
			appearance Appearance
			{
				material Material
				{
					diffuseColor 0.694 0.741 0.788
				}
			}
			geometry IndexedFaceSet
			{
				creaseAngle 0.5
				solid TRUE
				coord Coordinate
				{
					point
					[
						1.775 -7.000 -0.100,
						-0.409 -7.000 -0.100,
						1.775 -7.100 0.000,
						-0.409 -7.100 0.000
					]
				}
				coordIndex
				[
					0, 1, 2, -1,
					2, 1, 3, -1
				]
				normal Normal
				{
					vector
					[
						0.000 0.707 0.707
					]
				}
				normalIndex
				[
					0, 0, 0, -1,
					0, 0, 0, -1
				]
			}
		}
		Shape
		{
			appearance Appearance
			{
				material Material
				{
					diffuseColor 0.694 0.741 0.788
				}
			}
			geometry IndexedFaceSet
			{
				creaseAngle 0.5
				solid TRUE
				coord Coordinate
				{
					point
					[
						-0.409 -7.100 0.000,
						-0.409 -7.000 -0.100,
						-0.559 -7.081 0.000,
						-0.534 -6.984 -0.100,
						-0.651 -6.937 -0.100,
						-0.699 -7.025 0.000,
						-0.753 -6.863 -0.100,
						-0.821 -6.935 0.000,
						-0.832 -6.765 -0.100,
						-0.917 -6.818 0.000,
						-0.981 -6.681 0.000,
						-0.885 -6.651 -0.100
					]
				}
				coordIndex
				[
					0, 1, 2, -1,
					2, 1, 3, -1,
					2, 3, 4, -1,
					2, 4, 5, -1,
					5, 4, 6, -1,
					5, 6, 7, -1,
					7, 6, 8, -1,
					7, 8, 9, -1,
					9, 8, 10, -1,
					8, 11, 10, -1
				]
				normal Normal
				{
					vector
					[
						0.000 0.707 0.707,
						0.177 0.685 0.707,
						0.343 0.619 0.707,
						0.487 0.513 0.707,
						0.600 0.375 0.707,
						0.674 0.213 0.707
					]
				}
				normalIndex
				[
					0, 0, 1, -1,
					1, 0, 1, -1,
					1, 1, 2, -1,
					1, 2, 2, -1,
					2, 2, 3, -1,
					2, 3, 3, -1,
					3, 3, 4, -1,
					3, 4, 4, -1,
					4, 4, 5, -1,
					4, 5, 5, -1
				]
			}
		}
		Shape
		{
			appearance Appearance
			{
				material Material
				{
					diffuseColor 0.694 0.741 0.788
				}
			}
			geometry IndexedFaceSet
			{
				creaseAngle 0.5
				solid TRUE
				coord Coordinate
				{
					point
					[
						-0.885 -6.651 -0.100,
						-0.994 -6.305 -0.100,
						-0.981 -6.681 0.000,
						-1.090 -6.335 0.000
					]
				}
				coordIndex
				[
					0, 1, 2, -1,
					2, 1, 3, -1
				]
				normal Normal
				{
					vector
					[
						0.674 0.213 0.707
					]
				}
				normalIndex
				[
					0, 0, 0, -1,
					0, 0, 0, -1
				]
			}
		}
		Shape
		{
			appearance Appearance
			{
				material Material
				{
					diffuseColor 0.694 0.741 0.788
				}
			}
			geometry IndexedFaceSet
			{
				creaseAngle 0.5
				solid TRUE
				coord Coordinate
				{
					point
					[
						-1.090 -6.335 0.000,
						-0.994 -6.305 -0.100,
						-1.150 -6.191 0.000,
						-1.061 -6.144 -0.100,
						-1.155 -5.998 -0.100,
						-1.272 -5.869 -0.100,
						-1.340 -5.943 0.000,
						-1.234 -6.058 0.000
					]
				}
				coordIndex
				[
					0, 1, 2, -1,
					2, 1, 3, -1,
					2, 3, 4, -1,
					5, 6, 4, -1,
					4, 6, 7, -1,
					4, 7, 2, -1
				]
				normal Normal
				{
					vector
					[
						0.674 0.213 0.707,
						0.627 0.327 0.707,
						0.561 0.430 0.707,
						0.478 0.521 0.707
					]
				}
				normalIndex
				[
					0, 0, 1, -1,
					1, 0, 1, -1,
					1, 1, 2, -1,
					3, 3, 2, -1,
					2, 3, 2, -1,
					2, 2, 1, -1
				]
			}
		}
		Shape
		{
			appearance Appearance
			{
				material Material
				{
					diffuseColor 0.694 0.741 0.788
				}
			}
			geometry IndexedFaceSet
			{
				creaseAngle 0.5
				solid TRUE
				coord Coordinate
				{
					point
					[
						-1.272 -5.869 -0.100,
						-2.113 -5.099 -0.100,
						-1.340 -5.943 0.000,
						-2.180 -5.172 0.000
					]
				}
				coordIndex
				[
					0, 1, 2, -1,
					2, 1, 3, -1
				]
				normal Normal
				{
					vector
					[
						0.478 0.521 0.707
					]
				}
				normalIndex
				[
					0, 0, 0, -1,
					0, 0, 0, -1
				]
			}
		}
		Shape
		{
			appearance Appearance
			{
				material Material
				{
					diffuseColor 0.694 0.741 0.788
				}
			}
			geometry IndexedFaceSet
			{
				creaseAngle 0.5
				solid TRUE
				coord Coordinate
				{
					point
					[
						-2.180 -5.172 0.000,
						-2.113 -5.099 -0.100,
						-2.263 -5.079 0.000,
						-2.181 -5.021 -0.100,
						-2.233 -4.931 -0.100,
						-2.324 -4.972 0.000,
						-2.264 -4.833 -0.100,
						-2.362 -4.853 0.000,
						-2.375 -4.730 0.000,
						-2.275 -4.730 -0.100
					]
				}
				coordIndex
				[
					0, 1, 2, -1,
					2, 1, 3, -1,
					2, 3, 4, -1,
					2, 4, 5, -1,
					5, 4, 6, -1,
					5, 6, 7, -1,
					7, 6, 8, -1,
					6, 9, 8, -1
				]
				normal Normal
				{
					vector
					[
						0.478 0.521 0.707,
						0.575 0.412 0.707,
						0.647 0.285 0.707,
						0.692 0.145 0.707,
						0.707 0.000 0.707
					]
				}
				normalIndex
				[
					0, 0, 1, -1,
					1, 0, 1, -1,
					1, 1, 2, -1,
					1, 2, 2, -1,
					2, 2, 3, -1,
					2, 3, 3, -1,
					3, 3, 4, -1,
					3, 4, 4, -1
				]
			}
		}
		Shape
		{
			appearance Appearance
			{
				material Material
				{
					diffuseColor 0.694 0.741 0.788
				}
			}
			geometry IndexedFaceSet
			{
				creaseAngle 0.5
				solid TRUE
				coord Coordinate
				{
					point
					[
						-1.272 -5.869 -6.800,
						-1.272 -5.869 -0.100,
						-1.155 -5.998 -6.800,
						-1.155 -5.998 -0.100,
						-1.061 -6.144 -0.100,
						-0.994 -6.305 -0.100,
						-0.994 -6.305 -6.800,
						-1.061 -6.144 -6.800
					]
				}
				coordIndex
				[
					0, 1, 2, -1,
					2, 1, 3, -1,
					2, 3, 4, -1,
					5, 6, 4, -1,
					4, 6, 7, -1,
					4, 7, 2, -1
				]
				normal Normal
				{
					vector
					[
						0.676 0.737 0.000,
						0.793 0.609 0.000,
						0.887 0.462 0.000,
						0.954 0.301 0.000
					]
				}
				normalIndex
				[
					0, 0, 1, -1,
					1, 0, 1, -1,
					1, 1, 2, -1,
					3, 3, 2, -1,
					2, 3, 2, -1,
					2, 2, 1, -1
				]
			}
		}
		Shape
		{
			appearance Appearance
			{
				material Material
				{
					diffuseColor 0.694 0.741 0.788
				}
			}
			geometry IndexedFaceSet
			{
				creaseAngle 0.5
				solid TRUE
				coord Coordinate
				{
					point
					[
						-0.994 -6.305 -6.800,
						-0.994 -6.305 -0.100,
						-0.885 -6.651 -6.800,
						-0.885 -6.651 -0.100
					]
				}
				coordIndex
				[
					0, 1, 2, -1,
					2, 1, 3, -1
				]
				normal Normal
				{
					vector
					[
						0.954 0.301 0.000
					]
				}
				normalIndex
				[
					0, 0, 0, -1,
					0, 0, 0, -1
				]
			}
		}
		Shape
		{
			appearance Appearance
			{
				material Material
				{
					diffuseColor 0.694 0.741 0.788
				}
			}
			geometry IndexedFaceSet
			{
				creaseAngle 0.5
				solid TRUE
				coord Coordinate
				{
					point
					[
						-0.885 -6.651 -6.800,
						-0.885 -6.651 -0.100,
						-0.832 -6.765 -6.800,
						-0.832 -6.765 -0.100,
						-0.753 -6.863 -0.100,
						-0.753 -6.863 -6.800,
						-0.651 -6.937 -0.100,
						-0.651 -6.937 -6.800,
						-0.534 -6.984 -0.100,
						-0.534 -6.984 -6.800,
						-0.409 -7.000 -6.800,
						-0.409 -7.000 -0.100
					]
				}
				coordIndex
				[
					0, 1, 2, -1,
					2, 1, 3, -1,
					2, 3, 4, -1,
					2, 4, 5, -1,
					5, 4, 6, -1,
					5, 6, 7, -1,
					7, 6, 8, -1,
					7, 8, 9, -1,
					9, 8, 10, -1,
					8, 11, 10, -1
				]
				normal Normal
				{
					vector
					[
						0.954 0.301 -0.000,
						0.848 0.530 -0.000,
						0.688 0.726 -0.000,
						0.485 0.875 -0.000,
						0.250 0.968 -0.000,
						-0.000 1.000 -0.000
					]
				}
				normalIndex
				[
					0, 0, 1, -1,
					1, 0, 1, -1,
					1, 1, 2, -1,
					1, 2, 2, -1,
					2, 2, 3, -1,
					2, 3, 3, -1,
					3, 3, 4, -1,
					3, 4, 4, -1,
					4, 4, 5, -1,
					4, 5, 5, -1
				]
			}
		}
		Shape
		{
			appearance Appearance
			{
				material Material
				{
					diffuseColor 0.694 0.741 0.788
				}
			}
			geometry IndexedFaceSet
			{
				creaseAngle 0.5
				solid TRUE
				coord Coordinate
				{
					point
					[
						0.160 -7.000 -5.660,
						0.232 -7.000 -5.690,
						-0.409 -7.000 -6.800,
						0.310 -7.000 -5.700,
						1.775 -7.000 -6.800,
						1.110 -7.000 -5.700,
						1.188 -7.000 -5.690,
						0.033 -7.000 -1.588,
						0.016 -7.000 -1.631,
						-0.409 -7.000 -0.100,
						0.010 -7.000 -1.676,
						0.010 -7.000 -5.400,
						0.020 -7.000 -5.478,
						1.190 -7.000 -1.506,
						1.147 -7.000 -1.523,
						1.775 -7.000 -0.100,
						0.273 -7.000 -1.523,
						0.230 -7.000 -1.506,
						0.185 -7.000 -1.500,
						1.400 -7.000 -5.478,
						1.410 -7.000 -5.400,
						1.410 -7.000 -1.676,
						1.404 -7.000 -1.631,
						1.387 -7.000 -1.588,
						1.359 -7.000 -1.552,
						1.323 -7.000 -1.524,
						1.280 -7.000 -1.506,
						1.235 -7.000 -1.500,
						0.309 -7.000 -1.550,
						1.111 -7.000 -1.550,
						0.338 -7.000 -1.587,
						1.082 -7.000 -1.587,
						0.356 -7.000 -1.629,
						1.064 -7.000 -1.629,
						0.362 -7.000 -1.674,
						1.058 -7.000 -1.674,
						0.388 -7.000 -3.871,
						1.032 -7.000 -3.871,
						0.140 -7.000 -1.506,
						0.097 -7.000 -1.524,
						0.061 -7.000 -1.552,
						0.050 -7.000 -5.550,
						0.098 -7.000 -5.612,
						1.260 -7.000 -5.660,
						1.322 -7.000 -5.612,
						1.370 -7.000 -5.550
					]
				}
				coordIndex
				[
					0, 1, 2, -1,
					2, 1, 3, -1,
					2, 3, 4, -1,
					4, 3, 5, -1,
					4, 5, 6, -1,
					7, 8, 9, -1,
					9, 8, 10, -1,
					9, 10, 2, -1,
					2, 10, 11, -1,
					2, 11, 12, -1,
					13, 14, 15, -1,
					15, 14, 16, -1,
					15, 16, 9, -1,
					9, 16, 17, -1,
					9, 17, 18, -1,
					19, 20, 4, -1,
					4, 20, 21, -1,
					4, 21, 15, -1,
					15, 21, 22, -1,
					15, 22, 23, -1,
					23, 24, 15, -1,
					15, 24, 25, -1,
					15, 25, 26, -1,
					26, 27, 15, -1,
					15, 27, 13, -1,
					16, 14, 28, -1,
					28, 14, 29, -1,
					28, 29, 30, -1,
					30, 29, 31, -1,
					30, 31, 32, -1,
					32, 31, 33, -1,
					32, 33, 34, -1,
					34, 33, 35, -1,
					34, 35, 36, -1,
					36, 35, 37, -1,
					18, 38, 9, -1,
					9, 38, 39, -1,
					9, 39, 40, -1,
					40, 7, 9, -1,
					12, 41, 2, -1,
					2, 41, 42, -1,
					2, 42, 0, -1,
					6, 43, 4, -1,
					4, 43, 44, -1,
					4, 44, 45, -1,
					45, 19, 4, -1
				]
				normal Normal
				{
					vector
					[
						-0.000 1.000 0.000
					]
				}
				normalIndex
				[
					0, 0, 0, -1,
					0, 0, 0, -1,
					0, 0, 0, -1,
					0, 0, 0, -1,
					0, 0, 0, -1,
					0, 0, 0, -1,
					0, 0, 0, -1,
					0, 0, 0, -1,
					0, 0, 0, -1,
					0, 0, 0, -1,
					0, 0, 0, -1,
					0, 0, 0, -1,
					0, 0, 0, -1,
					0, 0, 0, -1,
					0, 0, 0, -1,
					0, 0, 0, -1,
					0, 0, 0, -1,
					0, 0, 0, -1,
					0, 0, 0, -1,
					0, 0, 0, -1,
					0, 0, 0, -1,
					0, 0, 0, -1,
					0, 0, 0, -1,
					0, 0, 0, -1,
					0, 0, 0, -1,
					0, 0, 0, -1,
					0, 0, 0, -1,
					0, 0, 0, -1,
					0, 0, 0, -1,
					0, 0, 0, -1,
					0, 0, 0, -1,
					0, 0, 0, -1,
					0, 0, 0, -1,
					0, 0, 0, -1,
					0, 0, 0, -1,
					0, 0, 0, -1,
					0, 0, 0, -1,
					0, 0, 0, -1,
					0, 0, 0, -1,
					0, 0, 0, -1,
					0, 0, 0, -1,
					0, 0, 0, -1,
					0, 0, 0, -1,
					0, 0, 0, -1,
					0, 0, 0, -1,
					0, 0, 0, -1
				]
			}
		}
		Shape
		{
			appearance Appearance
			{
				material Material
				{
					diffuseColor 0.694 0.741 0.788
				}
			}
			geometry IndexedFaceSet
			{
				creaseAngle 0.5
				solid TRUE
				coord Coordinate
				{
					point
					[
						1.410 7.000 -1.676,
						1.410 7.400 -1.676,
						1.410 7.000 -5.400,
						1.410 7.400 -5.400
					]
				}
				coordIndex
				[
					0, 1, 2, -1,
					2, 1, 3, -1
				]
				normal Normal
				{
					vector
					[
						-1.000 -0.000 -0.000
					]
				}
				normalIndex
				[
					0, 0, 0, -1,
					0, 0, 0, -1
				]
			}
		}
		Shape
		{
			appearance Appearance
			{
				material Material
				{
					diffuseColor 0.694 0.741 0.788
				}
			}
			geometry IndexedFaceSet
			{
				creaseAngle 0.5
				solid TRUE
				coord Coordinate
				{
					point
					[
						1.410 -7.000 -5.400,
						1.410 -7.400 -5.400,
						1.410 -7.000 -1.676,
						1.410 -7.400 -1.676
					]
				}
				coordIndex
				[
					0, 1, 2, -1,
					2, 1, 3, -1
				]
				normal Normal
				{
					vector
					[
						-1.000 -0.000 -0.000
					]
				}
				normalIndex
				[
					0, 0, 0, -1,
					0, 0, 0, -1
				]
			}
		}
		Shape
		{
			appearance Appearance
			{
				material Material
				{
					diffuseColor 0.694 0.741 0.788
				}
			}
			geometry IndexedFaceSet
			{
				creaseAngle 0.5
				solid TRUE
				coord Coordinate
				{
					point
					[
						0.050 7.000 -5.550,
						0.020 7.000 -5.478,
						-0.409 7.000 -8.900,
						0.010 7.000 -5.400,
						-0.409 7.000 -0.100,
						0.010 7.000 -1.676,
						0.016 7.000 -1.631,
						1.188 7.000 -5.690,
						1.110 7.000 -5.700,
						1.775 7.000 -8.900,
						0.310 7.000 -5.700,
						0.232 7.000 -5.690,
						0.160 7.000 -5.660,
						1.404 7.000 -1.631,
						1.410 7.000 -1.676,
						1.775 7.000 -0.100,
						1.410 7.000 -5.400,
						1.400 7.000 -5.478,
						1.370 7.000 -5.550,
						0.185 7.000 -1.500,
						0.230 7.000 -1.506,
						0.273 7.000 -1.523,
						1.147 7.000 -1.523,
						1.190 7.000 -1.506,
						0.033 7.000 -1.588,
						0.061 7.000 -1.552,
						0.097 7.000 -1.524,
						0.140 7.000 -1.506,
						0.309 7.000 -1.550,
						1.111 7.000 -1.550,
						1.082 7.000 -1.587,
						0.338 7.000 -1.587,
						1.064 7.000 -1.629,
						0.356 7.000 -1.629,
						1.058 7.000 -1.674,
						0.362 7.000 -1.674,
						1.032 7.000 -3.871,
						0.388 7.000 -3.871,
						1.235 7.000 -1.500,
						1.280 7.000 -1.506,
						1.323 7.000 -1.524,
						1.359 7.000 -1.552,
						1.387 7.000 -1.588,
						1.322 7.000 -5.612,
						1.260 7.000 -5.660,
						0.098 7.000 -5.612
					]
				}
				coordIndex
				[
					0, 1, 2, -1,
					2, 1, 3, -1,
					2, 3, 4, -1,
					4, 3, 5, -1,
					4, 5, 6, -1,
					7, 8, 9, -1,
					9, 8, 10, -1,
					9, 10, 2, -1,
					2, 10, 11, -1,
					2, 11, 12, -1,
					13, 14, 15, -1,
					15, 14, 16, -1,
					15, 16, 9, -1,
					9, 16, 17, -1,
					9, 17, 18, -1,
					19, 20, 4, -1,
					4, 20, 21, -1,
					4, 21, 15, -1,
					15, 21, 22, -1,
					15, 22, 23, -1,
					6, 24, 4, -1,
					4, 24, 25, -1,
					4, 25, 26, -1,
					26, 27, 4, -1,
					4, 27, 19, -1,
					21, 28, 22, -1,
					22, 28, 29, -1,
					29, 28, 30, -1,
					30, 28, 31, -1,
					30, 31, 32, -1,
					32, 31, 33, -1,
					32, 33, 34, -1,
					34, 33, 35, -1,
					34, 35, 36, -1,
					36, 35, 37, -1,
					23, 38, 15, -1,
					15, 38, 39, -1,
					15, 39, 40, -1,
					40, 41, 15, -1,
					15, 41, 42, -1,
					15, 42, 13, -1,
					18, 43, 9, -1,
					9, 43, 44, -1,
					9, 44, 7, -1,
					12, 45, 2, -1,
					2, 45, 0, -1
				]
				normal Normal
				{
					vector
					[
						0.000 -1.000 0.000
					]
				}
				normalIndex
				[
					0, 0, 0, -1,
					0, 0, 0, -1,
					0, 0, 0, -1,
					0, 0, 0, -1,
					0, 0, 0, -1,
					0, 0, 0, -1,
					0, 0, 0, -1,
					0, 0, 0, -1,
					0, 0, 0, -1,
					0, 0, 0, -1,
					0, 0, 0, -1,
					0, 0, 0, -1,
					0, 0, 0, -1,
					0, 0, 0, -1,
					0, 0, 0, -1,
					0, 0, 0, -1,
					0, 0, 0, -1,
					0, 0, 0, -1,
					0, 0, 0, -1,
					0, 0, 0, -1,
					0, 0, 0, -1,
					0, 0, 0, -1,
					0, 0, 0, -1,
					0, 0, 0, -1,
					0, 0, 0, -1,
					0, 0, 0, -1,
					0, 0, 0, -1,
					0, 0, 0, -1,
					0, 0, 0, -1,
					0, 0, 0, -1,
					0, 0, 0, -1,
					0, 0, 0, -1,
					0, 0, 0, -1,
					0, 0, 0, -1,
					0, 0, 0, -1,
					0, 0, 0, -1,
					0, 0, 0, -1,
					0, 0, 0, -1,
					0, 0, 0, -1,
					0, 0, 0, -1,
					0, 0, 0, -1,
					0, 0, 0, -1,
					0, 0, 0, -1,
					0, 0, 0, -1,
					0, 0, 0, -1,
					0, 0, 0, -1
				]
			}
		}
		Shape
		{
			appearance Appearance
			{
				material Material
				{
					diffuseColor 0.694 0.741 0.788
				}
			}
			geometry IndexedFaceSet
			{
				creaseAngle 0.5
				solid TRUE
				coord Coordinate
				{
					point
					[
						-0.409 7.000 -0.100,
						1.775 7.000 -0.100,
						-0.409 7.100 0.000,
						1.775 7.100 0.000
					]
				}
				coordIndex
				[
					0, 1, 2, -1,
					2, 1, 3, -1
				]
				normal Normal
				{
					vector
					[
						0.000 -0.707 0.707
					]
				}
				normalIndex
				[
					0, 0, 0, -1,
					0, 0, 0, -1
				]
			}
		}
		Shape
		{
			appearance Appearance
			{
				material Material
				{
					diffuseColor 0.694 0.741 0.788
				}
			}
			geometry IndexedFaceSet
			{
				creaseAngle 0.5
				solid TRUE
				coord Coordinate
				{
					point
					[
						-0.885 6.651 -0.100,
						-0.832 6.765 -0.100,
						-0.981 6.681 0.000,
						-0.917 6.818 0.000,
						-0.821 6.935 0.000,
						-0.753 6.863 -0.100,
						-0.651 6.937 -0.100,
						-0.699 7.025 0.000,
						-0.534 6.984 -0.100,
						-0.559 7.081 0.000,
						-0.409 7.100 0.000,
						-0.409 7.000 -0.100
					]
				}
				coordIndex
				[
					0, 1, 2, -1,
					2, 1, 3, -1,
					3, 1, 4, -1,
					4, 1, 5, -1,
					4, 5, 6, -1,
					4, 6, 7, -1,
					7, 6, 8, -1,
					7, 8, 9, -1,
					9, 8, 10, -1,
					8, 11, 10, -1
				]
				normal Normal
				{
					vector
					[
						0.674 -0.213 0.707,
						0.600 -0.375 0.707,
						0.487 -0.513 0.707,
						0.343 -0.619 0.707,
						0.177 -0.685 0.707,
						0.000 -0.707 0.707
					]
				}
				normalIndex
				[
					0, 1, 0, -1,
					0, 1, 1, -1,
					1, 1, 2, -1,
					2, 1, 2, -1,
					2, 2, 3, -1,
					2, 3, 3, -1,
					3, 3, 4, -1,
					3, 4, 4, -1,
					4, 4, 5, -1,
					4, 5, 5, -1
				]
			}
		}
		Shape
		{
			appearance Appearance
			{
				material Material
				{
					diffuseColor 0.694 0.741 0.788
				}
			}
			geometry IndexedFaceSet
			{
				creaseAngle 0.5
				solid TRUE
				coord Coordinate
				{
					point
					[
						-0.885 6.651 -0.100,
						-0.885 6.651 -8.900,
						-0.832 6.765 -0.100,
						-0.832 6.765 -8.900,
						-0.753 6.863 -8.900,
						-0.753 6.863 -0.100,
						-0.651 6.937 -8.900,
						-0.651 6.937 -0.100,
						-0.534 6.984 -8.900,
						-0.534 6.984 -0.100,
						-0.409 7.000 -0.100,
						-0.409 7.000 -8.900
					]
				}
				coordIndex
				[
					0, 1, 2, -1,
					2, 1, 3, -1,
					2, 3, 4, -1,
					2, 4, 5, -1,
					5, 4, 6, -1,
					5, 6, 7, -1,
					7, 6, 8, -1,
					7, 8, 9, -1,
					9, 8, 10, -1,
					8, 11, 10, -1
				]
				normal Normal
				{
					vector
					[
						0.954 -0.301 -0.000,
						0.848 -0.530 -0.000,
						0.688 -0.726 -0.000,
						0.485 -0.875 -0.000,
						0.250 -0.968 -0.000,
						-0.000 -1.000 -0.000
					]
				}
				normalIndex
				[
					0, 0, 1, -1,
					1, 0, 1, -1,
					1, 1, 2, -1,
					1, 2, 2, -1,
					2, 2, 3, -1,
					2, 3, 3, -1,
					3, 3, 4, -1,
					3, 4, 4, -1,
					4, 4, 5, -1,
					4, 5, 5, -1
				]
			}
		}
		Shape
		{
			appearance Appearance
			{
				material Material
				{
					diffuseColor 0.694 0.741 0.788
				}
			}
			geometry IndexedFaceSet
			{
				creaseAngle 0.5
				solid TRUE
				coord Coordinate
				{
					point
					[
						-0.994 6.305 -0.100,
						-0.994 6.305 -8.900,
						-0.885 6.651 -0.100,
						-0.885 6.651 -8.900
					]
				}
				coordIndex
				[
					0, 1, 2, -1,
					2, 1, 3, -1
				]
				normal Normal
				{
					vector
					[
						0.954 -0.301 0.000
					]
				}
				normalIndex
				[
					0, 0, 0, -1,
					0, 0, 0, -1
				]
			}
		}
		Shape
		{
			appearance Appearance
			{
				material Material
				{
					diffuseColor 0.694 0.741 0.788
				}
			}
			geometry IndexedFaceSet
			{
				creaseAngle 0.5
				solid TRUE
				coord Coordinate
				{
					point
					[
						-0.994 6.305 -0.100,
						-0.885 6.651 -0.100,
						-1.090 6.335 0.000,
						-0.981 6.681 0.000
					]
				}
				coordIndex
				[
					0, 1, 2, -1,
					2, 1, 3, -1
				]
				normal Normal
				{
					vector
					[
						0.674 -0.213 0.707
					]
				}
				normalIndex
				[
					0, 0, 0, -1,
					0, 0, 0, -1
				]
			}
		}
		Shape
		{
			appearance Appearance
			{
				material Material
				{
					diffuseColor 0.694 0.741 0.788
				}
			}
			geometry IndexedFaceSet
			{
				creaseAngle 0.5
				solid TRUE
				coord Coordinate
				{
					point
					[
						-1.340 5.943 0.000,
						-1.272 5.869 -0.100,
						-1.234 6.058 0.000,
						-1.155 5.998 -0.100,
						-1.061 6.144 -0.100,
						-0.994 6.305 -0.100,
						-1.090 6.335 0.000,
						-1.150 6.191 0.000
					]
				}
				coordIndex
				[
					0, 1, 2, -1,
					2, 1, 3, -1,
					2, 3, 4, -1,
					5, 6, 4, -1,
					4, 6, 7, -1,
					4, 7, 2, -1
				]
				normal Normal
				{
					vector
					[
						0.478 -0.521 0.707,
						0.561 -0.430 0.707,
						0.627 -0.327 0.707,
						0.674 -0.213 0.707
					]
				}
				normalIndex
				[
					0, 0, 1, -1,
					1, 0, 1, -1,
					1, 1, 2, -1,
					3, 3, 2, -1,
					2, 3, 2, -1,
					2, 2, 1, -1
				]
			}
		}
		Shape
		{
			appearance Appearance
			{
				material Material
				{
					diffuseColor 0.694 0.741 0.788
				}
			}
			geometry IndexedFaceSet
			{
				creaseAngle 0.5
				solid TRUE
				coord Coordinate
				{
					point
					[
						-1.272 5.869 -0.100,
						-1.272 5.869 -8.900,
						-1.155 5.998 -0.100,
						-1.155 5.998 -8.900,
						-1.061 6.144 -8.900,
						-0.994 6.305 -8.900,
						-0.994 6.305 -0.100,
						-1.061 6.144 -0.100
					]
				}
				coordIndex
				[
					0, 1, 2, -1,
					2, 1, 3, -1,
					2, 3, 4, -1,
					5, 6, 4, -1,
					4, 6, 7, -1,
					4, 7, 2, -1
				]
				normal Normal
				{
					vector
					[
						0.676 -0.737 0.000,
						0.793 -0.609 0.000,
						0.887 -0.462 0.000,
						0.954 -0.301 0.000
					]
				}
				normalIndex
				[
					0, 0, 1, -1,
					1, 0, 1, -1,
					1, 1, 2, -1,
					3, 3, 2, -1,
					2, 3, 2, -1,
					2, 2, 1, -1
				]
			}
		}
		Shape
		{
			appearance Appearance
			{
				material Material
				{
					diffuseColor 0.694 0.741 0.788
				}
			}
			geometry IndexedFaceSet
			{
				creaseAngle 0.5
				solid TRUE
				coord Coordinate
				{
					point
					[
						-2.113 5.099 -0.100,
						-2.113 5.099 -8.900,
						-1.272 5.869 -0.100,
						-1.272 5.869 -8.900
					]
				}
				coordIndex
				[
					0, 1, 2, -1,
					2, 1, 3, -1
				]
				normal Normal
				{
					vector
					[
						0.676 -0.737 0.000
					]
				}
				normalIndex
				[
					0, 0, 0, -1,
					0, 0, 0, -1
				]
			}
		}
		Shape
		{
			appearance Appearance
			{
				material Material
				{
					diffuseColor 0.694 0.741 0.788
				}
			}
			geometry IndexedFaceSet
			{
				creaseAngle 0.5
				solid TRUE
				coord Coordinate
				{
					point
					[
						-2.113 5.099 -0.100,
						-1.272 5.869 -0.100,
						-2.180 5.172 0.000,
						-1.340 5.943 0.000
					]
				}
				coordIndex
				[
					0, 1, 2, -1,
					2, 1, 3, -1
				]
				normal Normal
				{
					vector
					[
						0.478 -0.521 0.707
					]
				}
				normalIndex
				[
					0, 0, 0, -1,
					0, 0, 0, -1
				]
			}
		}
		Shape
		{
			appearance Appearance
			{
				material Material
				{
					diffuseColor 0.694 0.741 0.788
				}
			}
			geometry IndexedFaceSet
			{
				creaseAngle 0.5
				solid TRUE
				coord Coordinate
				{
					point
					[
						-2.375 4.730 0.000,
						-2.275 4.730 -0.100,
						-2.362 4.853 0.000,
						-2.264 4.833 -0.100,
						-2.233 4.931 -0.100,
						-2.324 4.972 0.000,
						-2.181 5.021 -0.100,
						-2.263 5.079 0.000,
						-2.180 5.172 0.000,
						-2.113 5.099 -0.100
					]
				}
				coordIndex
				[
					0, 1, 2, -1,
					2, 1, 3, -1,
					2, 3, 4, -1,
					2, 4, 5, -1,
					5, 4, 6, -1,
					5, 6, 7, -1,
					7, 6, 8, -1,
					6, 9, 8, -1
				]
				normal Normal
				{
					vector
					[
						0.707 0.000 0.707,
						0.692 -0.145 0.707,
						0.647 -0.285 0.707,
						0.575 -0.412 0.707,
						0.478 -0.521 0.707
					]
				}
				normalIndex
				[
					0, 0, 1, -1,
					1, 0, 1, -1,
					1, 1, 2, -1,
					1, 2, 2, -1,
					2, 2, 3, -1,
					2, 3, 3, -1,
					3, 3, 4, -1,
					3, 4, 4, -1
				]
			}
		}
		Shape
		{
			appearance Appearance
			{
				material Material
				{
					diffuseColor 0.694 0.741 0.788
				}
			}
			geometry IndexedFaceSet
			{
				creaseAngle 0.5
				solid TRUE
				coord Coordinate
				{
					point
					[
						-2.275 4.730 -0.100,
						-2.275 4.730 -8.900,
						-2.264 4.833 -0.100,
						-2.264 4.833 -8.900,
						-2.233 4.931 -8.900,
						-2.233 4.931 -0.100,
						-2.181 5.021 -8.900,
						-2.181 5.021 -0.100,
						-2.113 5.099 -0.100,
						-2.113 5.099 -8.900
					]
				}
				coordIndex
				[
					0, 1, 2, -1,
					2, 1, 3, -1,
					2, 3, 4, -1,
					2, 4, 5, -1,
					5, 4, 6, -1,
					5, 6, 7, -1,
					7, 6, 8, -1,
					6, 9, 8, -1
				]
				normal Normal
				{
					vector
					[
						1.000 -0.000 -0.000,
						0.979 -0.206 -0.000,
						0.915 -0.403 -0.000,
						0.813 -0.582 -0.000,
						0.676 -0.737 -0.000
					]
				}
				normalIndex
				[
					0, 0, 1, -1,
					1, 0, 1, -1,
					1, 1, 2, -1,
					1, 2, 2, -1,
					2, 2, 3, -1,
					2, 3, 3, -1,
					3, 3, 4, -1,
					3, 4, 4, -1
				]
			}
		}
		Shape
		{
			appearance Appearance
			{
				material Material
				{
					diffuseColor 0.694 0.741 0.788
				}
			}
			geometry IndexedFaceSet
			{
				creaseAngle 0.5
				solid TRUE
				coord Coordinate
				{
					point
					[
						0.010 7.400 -5.400,
						0.010 7.400 -1.676,
						0.010 7.000 -5.400,
						0.010 7.000 -1.676
					]
				}
				coordIndex
				[
					0, 1, 2, -1,
					2, 1, 3, -1
				]
				normal Normal
				{
					vector
					[
						1.000 -0.000 -0.000
					]
				}
				normalIndex
				[
					0, 0, 0, -1,
					0, 0, 0, -1
				]
			}
		}
		Shape
		{
			appearance Appearance
			{
				material Material
				{
					diffuseColor 0.694 0.741 0.788
				}
			}
			geometry IndexedFaceSet
			{
				creaseAngle 0.5
				solid TRUE
				coord Coordinate
				{
					point
					[
						0.010 -7.400 -1.676,
						0.010 -7.400 -5.400,
						0.010 -7.000 -1.676,
						0.010 -7.000 -5.400
					]
				}
				coordIndex
				[
					0, 1, 2, -1,
					2, 1, 3, -1
				]
				normal Normal
				{
					vector
					[
						1.000 -0.000 -0.000
					]
				}
				normalIndex
				[
					0, 0, 0, -1,
					0, 0, 0, -1
				]
			}
		}
		Shape
		{
			appearance Appearance
			{
				material Material
				{
					diffuseColor 0.694 0.741 0.788
				}
			}
			geometry IndexedFaceSet
			{
				creaseAngle 0.5
				solid TRUE
				coord Coordinate
				{
					point
					[
						0.010 7.400 -1.676,
						0.016 7.400 -1.631,
						0.010 7.000 -1.676,
						0.016 7.000 -1.631,
						0.033 7.000 -1.588,
						0.033 7.400 -1.588,
						0.061 7.400 -1.552,
						0.061 7.000 -1.552,
						0.097 7.400 -1.524,
						0.097 7.000 -1.524,
						0.140 7.400 -1.506,
						0.140 7.000 -1.506,
						0.185 7.000 -1.500,
						0.185 7.400 -1.500,
						0.230 7.400 -1.506,
						0.230 7.000 -1.506,
						0.273 7.400 -1.523,
						0.273 7.000 -1.523,
						0.309 7.000 -1.550,
						0.309 7.400 -1.550,
						0.338 7.400 -1.587,
						0.338 7.000 -1.587,
						0.356 7.400 -1.629,
						0.356 7.000 -1.629,
						0.362 7.000 -1.674,
						0.362 7.400 -1.674
					]
				}
				coordIndex
				[
					0, 1, 2, -1,
					2, 1, 3, -1,
					3, 1, 4, -1,
					4, 1, 5, -1,
					4, 5, 6, -1,
					4, 6, 7, -1,
					7, 6, 8, -1,
					7, 8, 9, -1,
					9, 8, 10, -1,
					9, 10, 11, -1,
					11, 10, 12, -1,
					10, 13, 12, -1,
					12, 13, 14, -1,
					12, 14, 15, -1,
					15, 14, 16, -1,
					15, 16, 17, -1,
					17, 16, 18, -1,
					16, 19, 18, -1,
					18, 19, 20, -1,
					18, 20, 21, -1,
					21, 20, 22, -1,
					21, 22, 23, -1,
					23, 22, 24, -1,
					22, 25, 24, -1
				]
				normal Normal
				{
					vector
					[
						1.000 -0.000 -0.000,
						0.966 -0.000 -0.258,
						0.867 -0.000 -0.498,
						0.709 -0.000 -0.705,
						0.503 -0.000 -0.864,
						0.264 -0.000 -0.965,
						0.006 -0.000 -1.000,
						-0.252 -0.000 -0.968,
						-0.493 -0.000 -0.870,
						-0.701 -0.000 -0.713,
						-0.861 -0.000 -0.508,
						-0.963 -0.000 -0.269,
						-1.000 -0.000 -0.012
					]
				}
				normalIndex
				[
					0, 1, 0, -1,
					0, 1, 1, -1,
					1, 1, 2, -1,
					2, 1, 2, -1,
					2, 2, 3, -1,
					2, 3, 3, -1,
					3, 3, 4, -1,
					3, 4, 4, -1,
					4, 4, 5, -1,
					4, 5, 5, -1,
					5, 5, 6, -1,
					5, 6, 6, -1,
					6, 6, 7, -1,
					6, 7, 7, -1,
					7, 7, 8, -1,
					7, 8, 8, -1,
					8, 8, 9, -1,
					8, 9, 9, -1,
					9, 9, 10, -1,
					9, 10, 10, -1,
					10, 10, 11, -1,
					10, 11, 11, -1,
					11, 11, 12, -1,
					11, 12, 12, -1
				]
			}
		}
		Shape
		{
			appearance Appearance
			{
				material Material
				{
					diffuseColor 0.694 0.741 0.788
				}
			}
			geometry IndexedFaceSet
			{
				creaseAngle 0.5
				solid TRUE
				coord Coordinate
				{
					point
					[
						0.403 6.970 -5.178,
						0.399 6.879 -4.881,
						0.401 7.318 -4.972,
						0.398 7.264 -4.765,
						0.396 6.850 -4.584,
						0.396 7.250 -4.559,
						0.393 6.881 -4.287,
						0.393 7.276 -4.354,
						0.389 6.975 -3.991,
						0.391 7.342 -4.150,
						0.389 7.385 -4.014,
						0.388 6.994 -3.932,
						0.388 7.400 -3.871,
						0.388 7.000 -3.871,
						0.362 7.400 -1.674,
						0.362 7.000 -1.674
					]
				}
				coordIndex
				[
					0, 1, 2, -1,
					2, 1, 3, -1,
					1, 4, 3, -1,
					3, 4, 5, -1,
					4, 6, 5, -1,
					5, 6, 7, -1,
					6, 8, 7, -1,
					7, 8, 9, -1,
					9, 8, 10, -1,
					10, 8, 11, -1,
					10, 11, 12, -1,
					12, 11, 13, -1,
					12, 13, 14, -1,
					14, 13, 15, -1
				]
				normal Normal
				{
					vector
					[
						-1.000 -0.000 -0.012
					]
				}
				normalIndex
				[
					0, 0, 0, -1,
					0, 0, 0, -1,
					0, 0, 0, -1,
					0, 0, 0, -1,
					0, 0, 0, -1,
					0, 0, 0, -1,
					0, 0, 0, -1,
					0, 0, 0, -1,
					0, 0, 0, -1,
					0, 0, 0, -1,
					0, 0, 0, -1,
					0, 0, 0, -1,
					0, 0, 0, -1,
					0, 0, 0, -1
				]
			}
		}
		Shape
		{
			appearance Appearance
			{
				material Material
				{
					diffuseColor 0.694 0.741 0.788
				}
			}
			geometry IndexedFaceSet
			{
				creaseAngle 0.5
				solid TRUE
				coord Coordinate
				{
					point
					[
						0.403 -6.970 -5.178,
						0.401 -7.318 -4.972,
						0.399 -6.879 -4.881,
						0.398 -7.264 -4.765,
						0.396 -6.850 -4.584,
						0.396 -7.250 -4.559,
						0.393 -6.881 -4.287,
						0.393 -7.276 -4.354,
						0.389 -6.975 -3.991,
						0.391 -7.342 -4.150,
						0.389 -7.385 -4.014,
						0.388 -6.994 -3.932,
						0.388 -7.400 -3.871,
						0.388 -7.000 -3.871,
						0.362 -7.000 -1.674,
						0.362 -7.400 -1.674
					]
				}
				coordIndex
				[
					0, 1, 2, -1,
					2, 1, 3, -1,
					2, 3, 4, -1,
					4, 3, 5, -1,
					4, 5, 6, -1,
					6, 5, 7, -1,
					6, 7, 8, -1,
					8, 7, 9, -1,
					8, 9, 10, -1,
					8, 10, 11, -1,
					11, 10, 12, -1,
					11, 12, 13, -1,
					13, 12, 14, -1,
					12, 15, 14, -1
				]
				normal Normal
				{
					vector
					[
						-1.000 -0.000 -0.012
					]
				}
				normalIndex
				[
					0, 0, 0, -1,
					0, 0, 0, -1,
					0, 0, 0, -1,
					0, 0, 0, -1,
					0, 0, 0, -1,
					0, 0, 0, -1,
					0, 0, 0, -1,
					0, 0, 0, -1,
					0, 0, 0, -1,
					0, 0, 0, -1,
					0, 0, 0, -1,
					0, 0, 0, -1,
					0, 0, 0, -1,
					0, 0, 0, -1
				]
			}
		}
		Shape
		{
			appearance Appearance
			{
				material Material
				{
					diffuseColor 0.694 0.741 0.788
				}
			}
			geometry IndexedFaceSet
			{
				creaseAngle 0.5
				solid TRUE
				coord Coordinate
				{
					point
					[
						0.603 7.060 -5.355,
						0.564 7.058 -5.352,
						0.601 7.404 -5.151,
						0.562 7.402 -5.148,
						0.527 7.052 -5.342,
						0.524 7.396 -5.138,
						0.492 7.043 -5.326,
						0.490 7.387 -5.122,
						0.462 7.031 -5.305,
						0.459 7.376 -5.100,
						0.437 7.017 -5.278,
						0.435 7.362 -5.074,
						0.419 7.002 -5.248,
						0.416 7.347 -5.043,
						0.407 6.986 -5.214,
						0.405 7.333 -5.008,
						0.403 6.970 -5.178,
						0.401 7.318 -4.972
					]
				}
				coordIndex
				[
					0, 1, 2, -1,
					2, 1, 3, -1,
					1, 4, 3, -1,
					3, 4, 5, -1,
					4, 6, 5, -1,
					5, 6, 7, -1,
					6, 8, 7, -1,
					7, 8, 9, -1,
					8, 10, 9, -1,
					9, 10, 11, -1,
					10, 12, 11, -1,
					11, 12, 13, -1,
					12, 14, 13, -1,
					13, 14, 15, -1,
					14, 16, 15, -1,
					15, 16, 17, -1
				]
				normal Normal
				{
					vector
					[
						0.000 0.510 -0.860,
						-0.194 0.500 -0.844,
						-0.195 0.500 -0.844,
						-0.381 0.470 -0.796,
						-0.382 0.470 -0.796,
						-0.554 0.422 -0.718,
						-0.555 0.422 -0.717,
						-0.705 0.358 -0.612,
						-0.706 0.358 -0.612,
						-0.829 0.281 -0.484,
						-0.829 0.281 -0.483,
						-0.921 0.194 -0.337,
						-0.922 0.193 -0.337,
						-0.979 0.099 -0.178,
						-0.979 0.099 -0.178,
						-1.000 0.000 -0.012
					]
				}
				normalIndex
				[
					0, 1, 0, -1,
					0, 1, 2, -1,
					1, 3, 2, -1,
					2, 3, 4, -1,
					3, 5, 4, -1,
					4, 5, 6, -1,
					5, 7, 6, -1,
					6, 7, 8, -1,
					7, 9, 8, -1,
					8, 9, 10, -1,
					9, 11, 10, -1,
					10, 11, 12, -1,
					11, 13, 12, -1,
					12, 13, 14, -1,
					13, 15, 14, -1,
					14, 15, 15, -1
				]
			}
		}
		Shape
		{
			appearance Appearance
			{
				material Material
				{
					diffuseColor 0.694 0.741 0.788
				}
			}
			geometry IndexedFaceSet
			{
				creaseAngle 0.5
				solid TRUE
				coord Coordinate
				{
					point
					[
						0.405 7.333 -5.008,
						0.401 7.318 -4.972,
						1.019 7.318 -4.972,
						0.398 7.264 -4.765,
						1.022 7.264 -4.765,
						1.024 7.250 -4.559,
						0.396 7.250 -4.559,
						0.393 7.276 -4.354,
						1.027 7.276 -4.354,
						1.029 7.342 -4.150,
						0.391 7.342 -4.150,
						1.015 7.333 -5.008,
						0.416 7.347 -5.043,
						1.004 7.347 -5.043,
						0.435 7.362 -5.074,
						0.985 7.362 -5.074,
						0.459 7.376 -5.100,
						0.961 7.376 -5.100,
						0.601 7.404 -5.151,
						0.490 7.387 -5.122,
						0.524 7.396 -5.138,
						0.819 7.404 -5.151,
						0.930 7.387 -5.122,
						0.896 7.396 -5.138,
						0.858 7.402 -5.148,
						0.562 7.402 -5.148
					]
				}
				coordIndex
				[
					0, 1, 2, -1,
					2, 1, 3, -1,
					2, 3, 4, -1,
					4, 3, 5, -1,
					3, 6, 5, -1,
					5, 6, 7, -1,
					5, 7, 8, -1,
					8, 7, 9, -1,
					7, 10, 9, -1,
					2, 11, 0, -1,
					0, 11, 12, -1,
					11, 13, 12, -1,
					12, 13, 14, -1,
					13, 15, 14, -1,
					14, 15, 16, -1,
					15, 17, 16, -1,
					16, 17, 18, -1,
					16, 18, 19, -1,
					19, 18, 20, -1,
					18, 17, 21, -1,
					21, 17, 22, -1,
					21, 22, 23, -1,
					23, 24, 21, -1,
					18, 25, 20, -1
				]
				normal Normal
				{
					vector
					[
						-0.000 0.925 0.380,
						-0.000 0.938 0.347,
						-0.000 0.987 0.159,
						-0.000 1.000 -0.028,
						-0.000 0.977 -0.214,
						-0.000 0.917 -0.400,
						-0.000 0.911 0.411,
						-0.000 0.898 0.440,
						-0.000 0.886 0.464,
						-0.000 0.860 0.510,
						-0.000 0.875 0.484,
						-0.000 0.867 0.498,
						-0.000 0.862 0.507
					]
				}
				normalIndex
				[
					0, 1, 1, -1,
					1, 1, 2, -1,
					1, 2, 2, -1,
					2, 2, 3, -1,
					2, 3, 3, -1,
					3, 3, 4, -1,
					3, 4, 4, -1,
					4, 4, 5, -1,
					4, 5, 5, -1,
					1, 0, 0, -1,
					0, 0, 6, -1,
					0, 6, 6, -1,
					6, 6, 7, -1,
					6, 7, 7, -1,
					7, 7, 8, -1,
					7, 8, 8, -1,
					8, 8, 9, -1,
					8, 9, 10, -1,
					10, 9, 11, -1,
					9, 8, 9, -1,
					9, 8, 10, -1,
					9, 10, 11, -1,
					11, 12, 9, -1,
					9, 12, 11, -1
				]
			}
		}
		Shape
		{
			appearance Appearance
			{
				material Material
				{
					diffuseColor 0.694 0.741 0.788
				}
			}
			geometry IndexedFaceSet
			{
				creaseAngle 0.5
				solid TRUE
				coord Coordinate
				{
					point
					[
						0.601 7.404 -5.151,
						0.819 7.404 -5.151,
						0.603 7.060 -5.355,
						0.817 7.060 -5.355
					]
				}
				coordIndex
				[
					0, 1, 2, -1,
					2, 1, 3, -1
				]
				normal Normal
				{
					vector
					[
						0.000 0.510 -0.860
					]
				}
				normalIndex
				[
					0, 0, 0, -1,
					0, 0, 0, -1
				]
			}
		}
		Shape
		{
			appearance Appearance
			{
				material Material
				{
					diffuseColor 0.694 0.741 0.788
				}
			}
			geometry IndexedFaceSet
			{
				creaseAngle 0.5
				solid TRUE
				coord Coordinate
				{
					point
					[
						1.013 6.986 -5.214,
						1.017 6.970 -5.178,
						0.817 7.060 -5.355,
						0.403 6.970 -5.178,
						0.603 7.060 -5.355,
						0.407 6.986 -5.214,
						0.419 7.002 -5.248,
						0.856 7.058 -5.352,
						0.893 7.052 -5.342,
						0.928 7.043 -5.326,
						0.958 7.031 -5.305,
						0.983 7.017 -5.278,
						1.001 7.002 -5.248,
						1.021 6.879 -4.881,
						0.399 6.879 -4.881,
						0.396 6.850 -4.584,
						1.024 6.850 -4.584,
						1.027 6.881 -4.287,
						1.031 6.975 -3.991,
						0.389 6.975 -3.991,
						0.393 6.881 -4.287,
						0.437 7.017 -5.278,
						0.462 7.031 -5.305,
						0.492 7.043 -5.326,
						0.527 7.052 -5.342,
						0.564 7.058 -5.352
					]
				}
				coordIndex
				[
					0, 1, 2, -1,
					2, 1, 3, -1,
					2, 3, 4, -1,
					4, 3, 5, -1,
					4, 5, 6, -1,
					7, 8, 2, -1,
					2, 8, 9, -1,
					2, 9, 10, -1,
					10, 11, 2, -1,
					2, 11, 12, -1,
					2, 12, 0, -1,
					1, 13, 3, -1,
					3, 13, 14, -1,
					14, 13, 15, -1,
					15, 13, 16, -1,
					15, 16, 17, -1,
					18, 19, 17, -1,
					17, 19, 20, -1,
					17, 20, 15, -1,
					6, 21, 4, -1,
					4, 21, 22, -1,
					4, 22, 23, -1,
					23, 24, 4, -1,
					4, 24, 25, -1
				]
				normal Normal
				{
					vector
					[
						0.000 -0.909 -0.416,
						0.000 -0.920 -0.392,
						0.000 -0.860 -0.510,
						0.000 -0.899 -0.439,
						0.000 -0.861 -0.508,
						0.000 -0.865 -0.502,
						0.000 -0.871 -0.491,
						0.000 -0.879 -0.477,
						0.000 -0.888 -0.459,
						0.000 -0.981 -0.194,
						0.000 -1.000 0.004,
						0.000 -0.979 0.202,
						0.000 -0.917 0.400
					]
				}
				normalIndex
				[
					0, 1, 2, -1,
					2, 1, 1, -1,
					2, 1, 2, -1,
					2, 1, 0, -1,
					2, 0, 3, -1,
					4, 5, 2, -1,
					2, 5, 6, -1,
					2, 6, 7, -1,
					7, 8, 2, -1,
					2, 8, 3, -1,
					2, 3, 0, -1,
					1, 9, 1, -1,
					1, 9, 9, -1,
					9, 9, 10, -1,
					10, 9, 10, -1,
					10, 10, 11, -1,
					12, 12, 11, -1,
					11, 12, 11, -1,
					11, 11, 10, -1,
					3, 8, 2, -1,
					2, 8, 7, -1,
					2, 7, 6, -1,
					6, 5, 2, -1,
					2, 5, 4, -1
				]
			}
		}
		Shape
		{
			appearance Appearance
			{
				material Material
				{
					diffuseColor 0.694 0.741 0.788
				}
			}
			geometry IndexedFaceSet
			{
				creaseAngle 0.5
				solid TRUE
				coord Coordinate
				{
					point
					[
						1.031 6.975 -3.991,
						1.032 6.994 -3.932,
						0.389 6.975 -3.991,
						0.388 6.994 -3.932,
						1.032 7.000 -3.871,
						0.388 7.000 -3.871
					]
				}
				coordIndex
				[
					0, 1, 2, -1,
					2, 1, 3, -1,
					4, 5, 1, -1,
					1, 5, 3, -1
				]
				normal Normal
				{
					vector
					[
						-0.000 -0.917 0.400,
						-0.000 -0.979 0.204,
						-0.000 -1.000 -0.000
					]
				}
				normalIndex
				[
					0, 1, 0, -1,
					0, 1, 1, -1,
					2, 2, 1, -1,
					1, 2, 1, -1
				]
			}
		}
		Shape
		{
			appearance Appearance
			{
				material Material
				{
					diffuseColor 0.694 0.741 0.788
				}
			}
			geometry IndexedFaceSet
			{
				creaseAngle 0.5
				solid TRUE
				coord Coordinate
				{
					point
					[
						1.017 6.970 -5.178,
						1.019 7.318 -4.972,
						1.021 6.879 -4.881,
						1.022 7.264 -4.765,
						1.024 6.850 -4.584,
						1.024 7.250 -4.559,
						1.027 6.881 -4.287,
						1.027 7.276 -4.354,
						1.031 6.975 -3.991,
						1.029 7.342 -4.150,
						1.031 7.385 -4.014,
						1.032 6.994 -3.932,
						1.032 7.400 -3.871,
						1.032 7.000 -3.871,
						1.058 7.000 -1.674,
						1.058 7.400 -1.674
					]
				}
				coordIndex
				[
					0, 1, 2, -1,
					2, 1, 3, -1,
					2, 3, 4, -1,
					4, 3, 5, -1,
					4, 5, 6, -1,
					6, 5, 7, -1,
					6, 7, 8, -1,
					8, 7, 9, -1,
					8, 9, 10, -1,
					8, 10, 11, -1,
					11, 10, 12, -1,
					11, 12, 13, -1,
					13, 12, 14, -1,
					12, 15, 14, -1
				]
				normal Normal
				{
					vector
					[
						1.000 -0.000 -0.012
					]
				}
				normalIndex
				[
					0, 0, 0, -1,
					0, 0, 0, -1,
					0, 0, 0, -1,
					0, 0, 0, -1,
					0, 0, 0, -1,
					0, 0, 0, -1,
					0, 0, 0, -1,
					0, 0, 0, -1,
					0, 0, 0, -1,
					0, 0, 0, -1,
					0, 0, 0, -1,
					0, 0, 0, -1,
					0, 0, 0, -1,
					0, 0, 0, -1
				]
			}
		}
		Shape
		{
			appearance Appearance
			{
				material Material
				{
					diffuseColor 0.694 0.741 0.788
				}
			}
			geometry IndexedFaceSet
			{
				creaseAngle 0.5
				solid TRUE
				coord Coordinate
				{
					point
					[
						1.017 -6.970 -5.178,
						1.021 -6.879 -4.881,
						1.019 -7.318 -4.972,
						1.022 -7.264 -4.765,
						1.024 -6.850 -4.584,
						1.024 -7.250 -4.559,
						1.027 -6.881 -4.287,
						1.027 -7.276 -4.354,
						1.031 -6.975 -3.991,
						1.029 -7.342 -4.150,
						1.031 -7.385 -4.014,
						1.032 -6.994 -3.932,
						1.032 -7.400 -3.871,
						1.032 -7.000 -3.871,
						1.058 -7.400 -1.674,
						1.058 -7.000 -1.674
					]
				}
				coordIndex
				[
					0, 1, 2, -1,
					2, 1, 3, -1,
					1, 4, 3, -1,
					3, 4, 5, -1,
					4, 6, 5, -1,
					5, 6, 7, -1,
					6, 8, 7, -1,
					7, 8, 9, -1,
					9, 8, 10, -1,
					10, 8, 11, -1,
					10, 11, 12, -1,
					12, 11, 13, -1,
					12, 13, 14, -1,
					14, 13, 15, -1
				]
				normal Normal
				{
					vector
					[
						1.000 -0.000 -0.012
					]
				}
				normalIndex
				[
					0, 0, 0, -1,
					0, 0, 0, -1,
					0, 0, 0, -1,
					0, 0, 0, -1,
					0, 0, 0, -1,
					0, 0, 0, -1,
					0, 0, 0, -1,
					0, 0, 0, -1,
					0, 0, 0, -1,
					0, 0, 0, -1,
					0, 0, 0, -1,
					0, 0, 0, -1,
					0, 0, 0, -1,
					0, 0, 0, -1
				]
			}
		}
		Shape
		{
			appearance Appearance
			{
				material Material
				{
					diffuseColor 0.694 0.741 0.788
				}
			}
			geometry IndexedFaceSet
			{
				creaseAngle 0.5
				solid TRUE
				coord Coordinate
				{
					point
					[
						0.819 7.404 -5.151,
						0.858 7.402 -5.148,
						0.817 7.060 -5.355,
						0.856 7.058 -5.352,
						0.893 7.052 -5.342,
						0.896 7.396 -5.138,
						0.930 7.387 -5.122,
						0.961 7.376 -5.100,
						0.958 7.031 -5.305,
						0.928 7.043 -5.326,
						0.985 7.362 -5.074,
						0.983 7.017 -5.278,
						1.001 7.002 -5.248,
						1.004 7.347 -5.043,
						1.015 7.333 -5.008,
						1.019 7.318 -4.972,
						1.017 6.970 -5.178,
						1.013 6.986 -5.214
					]
				}
				coordIndex
				[
					0, 1, 2, -1,
					2, 1, 3, -1,
					3, 1, 4, -1,
					4, 1, 5, -1,
					4, 5, 6, -1,
					7, 8, 6, -1,
					6, 8, 9, -1,
					6, 9, 4, -1,
					7, 10, 8, -1,
					8, 10, 11, -1,
					11, 10, 12, -1,
					12, 10, 13, -1,
					12, 13, 14, -1,
					15, 16, 14, -1,
					14, 16, 17, -1,
					14, 17, 12, -1
				]
				normal Normal
				{
					vector
					[
						0.000 0.510 -0.860,
						0.195 0.500 -0.844,
						0.194 0.500 -0.844,
						0.381 0.470 -0.796,
						0.382 0.470 -0.796,
						0.555 0.422 -0.717,
						0.706 0.358 -0.612,
						0.705 0.358 -0.612,
						0.554 0.422 -0.718,
						0.829 0.281 -0.483,
						0.829 0.281 -0.484,
						0.921 0.194 -0.337,
						0.922 0.193 -0.337,
						0.979 0.099 -0.178,
						1.000 0.000 -0.012,
						0.979 0.099 -0.178
					]
				}
				normalIndex
				[
					0, 1, 0, -1,
					0, 1, 2, -1,
					2, 1, 3, -1,
					3, 1, 4, -1,
					3, 4, 5, -1,
					6, 7, 5, -1,
					5, 7, 8, -1,
					5, 8, 3, -1,
					6, 9, 7, -1,
					7, 9, 10, -1,
					10, 9, 11, -1,
					11, 9, 12, -1,
					11, 12, 13, -1,
					14, 14, 13, -1,
					13, 14, 15, -1,
					13, 15, 11, -1
				]
			}
		}
		Shape
		{
			appearance Appearance
			{
				material Material
				{
					diffuseColor 0.694 0.741 0.788
				}
			}
			geometry IndexedFaceSet
			{
				creaseAngle 0.5
				solid TRUE
				coord Coordinate
				{
					point
					[
						1.058 7.400 -1.674,
						1.064 7.400 -1.629,
						1.058 7.000 -1.674,
						1.064 7.000 -1.629,
						1.082 7.000 -1.587,
						1.082 7.400 -1.587,
						1.111 7.400 -1.550,
						1.111 7.000 -1.550,
						1.147 7.400 -1.523,
						1.147 7.000 -1.523,
						1.190 7.400 -1.506,
						1.190 7.000 -1.506,
						1.235 7.000 -1.500,
						1.235 7.400 -1.500,
						1.280 7.400 -1.506,
						1.280 7.000 -1.506,
						1.323 7.400 -1.524,
						1.323 7.000 -1.524,
						1.359 7.000 -1.552,
						1.359 7.400 -1.552,
						1.387 7.400 -1.588,
						1.387 7.000 -1.588,
						1.404 7.400 -1.631,
						1.404 7.000 -1.631,
						1.410 7.000 -1.676,
						1.410 7.400 -1.676
					]
				}
				coordIndex
				[
					0, 1, 2, -1,
					2, 1, 3, -1,
					3, 1, 4, -1,
					4, 1, 5, -1,
					4, 5, 6, -1,
					4, 6, 7, -1,
					7, 6, 8, -1,
					7, 8, 9, -1,
					9, 8, 10, -1,
					9, 10, 11, -1,
					11, 10, 12, -1,
					10, 13, 12, -1,
					12, 13, 14, -1,
					12, 14, 15, -1,
					15, 14, 16, -1,
					15, 16, 17, -1,
					17, 16, 18, -1,
					16, 19, 18, -1,
					18, 19, 20, -1,
					18, 20, 21, -1,
					21, 20, 22, -1,
					21, 22, 23, -1,
					23, 22, 24, -1,
					22, 25, 24, -1
				]
				normal Normal
				{
					vector
					[
						1.000 -0.000 -0.012,
						0.963 -0.000 -0.269,
						0.861 -0.000 -0.508,
						0.701 -0.000 -0.713,
						0.493 -0.000 -0.870,
						0.252 -0.000 -0.968,
						-0.006 -0.000 -1.000,
						-0.264 -0.000 -0.965,
						-0.503 -0.000 -0.864,
						-0.709 -0.000 -0.705,
						-0.867 -0.000 -0.498,
						-0.966 -0.000 -0.258,
						-1.000 -0.000 -0.000
					]
				}
				normalIndex
				[
					0, 1, 0, -1,
					0, 1, 1, -1,
					1, 1, 2, -1,
					2, 1, 2, -1,
					2, 2, 3, -1,
					2, 3, 3, -1,
					3, 3, 4, -1,
					3, 4, 4, -1,
					4, 4, 5, -1,
					4, 5, 5, -1,
					5, 5, 6, -1,
					5, 6, 6, -1,
					6, 6, 7, -1,
					6, 7, 7, -1,
					7, 7, 8, -1,
					7, 8, 8, -1,
					8, 8, 9, -1,
					8, 9, 9, -1,
					9, 9, 10, -1,
					9, 10, 10, -1,
					10, 10, 11, -1,
					10, 11, 11, -1,
					11, 11, 12, -1,
					11, 12, 12, -1
				]
			}
		}
		Shape
		{
			appearance Appearance
			{
				material Material
				{
					diffuseColor 0.694 0.741 0.788
				}
			}
			geometry IndexedFaceSet
			{
				creaseAngle 0.5
				solid TRUE
				coord Coordinate
				{
					point
					[
						0.160 7.400 -5.660,
						0.232 7.400 -5.690,
						-0.409 7.400 -14.000,
						0.310 7.400 -5.700,
						1.775 7.400 -14.000,
						1.110 7.400 -5.700,
						1.188 7.400 -5.690,
						0.016 7.400 -1.631,
						0.010 7.400 -1.676,
						-0.409 7.400 0.000,
						0.010 7.400 -5.400,
						0.020 7.400 -5.478,
						0.050 7.400 -5.550,
						1.032 7.400 -3.871,
						0.388 7.400 -3.871,
						1.058 7.400 -1.674,
						0.362 7.400 -1.674,
						1.064 7.400 -1.629,
						0.356 7.400 -1.629,
						1.082 7.400 -1.587,
						0.338 7.400 -1.587,
						1.111 7.400 -1.550,
						0.309 7.400 -1.550,
						1.147 7.400 -1.523,
						0.273 7.400 -1.523,
						1.775 7.400 0.000,
						0.230 7.400 -1.506,
						0.185 7.400 -1.500,
						0.140 7.400 -1.506,
						1.370 7.400 -5.550,
						1.400 7.400 -5.478,
						1.410 7.400 -5.400,
						1.410 7.400 -1.676,
						1.404 7.400 -1.631,
						1.260 7.400 -5.660,
						1.322 7.400 -5.612,
						1.387 7.400 -1.588,
						1.359 7.400 -1.552,
						1.323 7.400 -1.524,
						1.280 7.400 -1.506,
						1.235 7.400 -1.500,
						1.190 7.400 -1.506,
						0.097 7.400 -1.524,
						0.061 7.400 -1.552,
						0.033 7.400 -1.588,
						0.098 7.400 -5.612
					]
				}
				coordIndex
				[
					0, 1, 2, -1,
					2, 1, 3, -1,
					2, 3, 4, -1,
					4, 3, 5, -1,
					4, 5, 6, -1,
					7, 8, 9, -1,
					9, 8, 10, -1,
					9, 10, 2, -1,
					2, 10, 11, -1,
					2, 11, 12, -1,
					13, 14, 15, -1,
					15, 14, 16, -1,
					15, 16, 17, -1,
					17, 16, 18, -1,
					17, 18, 19, -1,
					19, 18, 20, -1,
					19, 20, 21, -1,
					21, 20, 22, -1,
					21, 22, 23, -1,
					23, 22, 24, -1,
					23, 24, 25, -1,
					25, 24, 26, -1,
					25, 26, 9, -1,
					9, 26, 27, -1,
					9, 27, 28, -1,
					29, 30, 4, -1,
					4, 30, 31, -1,
					4, 31, 25, -1,
					25, 31, 32, -1,
					25, 32, 33, -1,
					6, 34, 4, -1,
					4, 34, 35, -1,
					4, 35, 29, -1,
					33, 36, 25, -1,
					25, 36, 37, -1,
					25, 37, 38, -1,
					38, 39, 25, -1,
					25, 39, 40, -1,
					25, 40, 41, -1,
					41, 23, 25, -1,
					28, 42, 9, -1,
					9, 42, 43, -1,
					9, 43, 44, -1,
					44, 7, 9, -1,
					12, 45, 2, -1,
					2, 45, 0, -1
				]
				normal Normal
				{
					vector
					[
						-0.000 1.000 0.000
					]
				}
				normalIndex
				[
					0, 0, 0, -1,
					0, 0, 0, -1,
					0, 0, 0, -1,
					0, 0, 0, -1,
					0, 0, 0, -1,
					0, 0, 0, -1,
					0, 0, 0, -1,
					0, 0, 0, -1,
					0, 0, 0, -1,
					0, 0, 0, -1,
					0, 0, 0, -1,
					0, 0, 0, -1,
					0, 0, 0, -1,
					0, 0, 0, -1,
					0, 0, 0, -1,
					0, 0, 0, -1,
					0, 0, 0, -1,
					0, 0, 0, -1,
					0, 0, 0, -1,
					0, 0, 0, -1,
					0, 0, 0, -1,
					0, 0, 0, -1,
					0, 0, 0, -1,
					0, 0, 0, -1,
					0, 0, 0, -1,
					0, 0, 0, -1,
					0, 0, 0, -1,
					0, 0, 0, -1,
					0, 0, 0, -1,
					0, 0, 0, -1,
					0, 0, 0, -1,
					0, 0, 0, -1,
					0, 0, 0, -1,
					0, 0, 0, -1,
					0, 0, 0, -1,
					0, 0, 0, -1,
					0, 0, 0, -1,
					0, 0, 0, -1,
					0, 0, 0, -1,
					0, 0, 0, -1,
					0, 0, 0, -1,
					0, 0, 0, -1,
					0, 0, 0, -1,
					0, 0, 0, -1,
					0, 0, 0, -1,
					0, 0, 0, -1
				]
			}
		}
		Shape
		{
			appearance Appearance
			{
				material Material
				{
					diffuseColor 0.694 0.741 0.788
				}
			}
			geometry IndexedFaceSet
			{
				creaseAngle 0.5
				solid TRUE
				coord Coordinate
				{
					point
					[
						2.675 6.500 -15.231,
						2.657 6.680 -15.052,
						2.675 6.500 -14.600,
						2.675 6.500 0.000,
						2.644 6.733 0.000,
						2.604 6.851 -14.880,
						2.554 6.950 0.000,
						2.514 7.014 -14.718,
						2.411 7.136 0.000,
						2.381 7.166 -14.566,
						2.259 7.259 -14.454,
						2.225 7.279 0.000,
						2.114 7.334 -14.319,
						2.008 7.369 0.000,
						1.950 7.383 -14.165,
						1.775 7.400 0.000,
						1.775 7.400 -14.000
					]
				}
				coordIndex
				[
					0, 1, 2, -1,
					2, 1, 3, -1,
					3, 1, 4, -1,
					4, 1, 5, -1,
					4, 5, 6, -1,
					6, 5, 7, -1,
					6, 7, 8, -1,
					8, 7, 9, -1,
					8, 9, 10, -1,
					8, 10, 11, -1,
					11, 10, 12, -1,
					11, 12, 13, -1,
					13, 12, 14, -1,
					13, 14, 15, -1,
					15, 14, 16, -1
				]
				normal Normal
				{
					vector
					[
						1.000 0.000 0.000,
						0.980 0.200 0.000,
						1.000 0.000 -0.000,
						0.966 0.259 -0.000,
						0.921 0.390 0.000,
						0.866 0.500 0.000,
						0.821 0.571 0.000,
						0.707 0.707 0.000,
						0.673 0.740 0.000,
						0.538 0.843 0.000,
						0.500 0.866 -0.000,
						0.376 0.926 0.000,
						0.259 0.966 0.000,
						0.194 0.981 -0.000,
						0.000 1.000 0.000
					]
				}
				normalIndex
				[
					0, 1, 2, -1,
					2, 1, 0, -1,
					0, 1, 3, -1,
					3, 1, 4, -1,
					3, 4, 5, -1,
					5, 4, 6, -1,
					5, 6, 7, -1,
					7, 6, 8, -1,
					7, 8, 9, -1,
					7, 9, 10, -1,
					10, 9, 11, -1,
					10, 11, 12, -1,
					12, 11, 13, -1,
					12, 13, 14, -1,
					14, 13, 14, -1
				]
			}
		}
		Shape
		{
			appearance Appearance
			{
				material Material
				{
					diffuseColor 0.694 0.741 0.788
				}
			}
			geometry IndexedFaceSet
			{
				creaseAngle 0.5
				solid TRUE
				coord Coordinate
				{
					point
					[
						2.381 7.166 -14.566,
						-1.014 7.166 -14.566,
						2.259 7.259 -14.454,
						-0.892 7.259 -14.454,
						-0.747 7.334 -14.319,
						2.114 7.334 -14.319,
						-0.583 7.383 -14.165,
						1.950 7.383 -14.165,
						1.775 7.400 -14.000,
						-0.409 7.400 -14.000
					]
				}
				coordIndex
				[
					0, 1, 2, -1,
					2, 1, 3, -1,
					2, 3, 4, -1,
					2, 4, 5, -1,
					5, 4, 6, -1,
					5, 6, 7, -1,
					7, 6, 8, -1,
					6, 9, 8, -1
				]
				normal Normal
				{
					vector
					[
						0.000 0.707 -0.707,
						0.000 0.824 -0.567,
						0.000 0.824 -0.567,
						0.000 0.917 -0.398,
						0.000 0.917 -0.398,
						0.000 0.979 -0.206,
						0.000 0.979 -0.206,
						0.000 1.000 0.000
					]
				}
				normalIndex
				[
					0, 0, 1, -1,
					1, 0, 2, -1,
					1, 2, 3, -1,
					1, 3, 4, -1,
					4, 3, 5, -1,
					4, 5, 6, -1,
					6, 5, 7, -1,
					5, 7, 7, -1
				]
			}
		}
		Shape
		{
			appearance Appearance
			{
				material Material
				{
					diffuseColor 0.694 0.741 0.788
				}
			}
			geometry IndexedFaceSet
			{
				creaseAngle 0.5
				solid TRUE
				coord Coordinate
				{
					point
					[
						-2.678 4.988 -16.743,
						-2.351 5.639 -16.092,
						-2.700 4.753 -16.979,
						2.675 6.500 -15.231,
						2.700 -1.111 -22.842,
						2.700 6.500 -15.231,
						-2.615 5.215 -16.516,
						-2.508 5.433 -16.299,
						-1.250 6.820 -14.911,
						-1.014 7.166 -14.566,
						2.381 7.166 -14.566,
						-1.156 7.001 -14.730,
						2.514 7.014 -14.718,
						2.604 6.851 -14.880,
						2.657 6.680 -15.052,
						-2.700 -1.111 -22.842
					]
				}
				coordIndex
				[
					0, 1, 2, -1,
					2, 1, 3, -1,
					2, 3, 4, -1,
					4, 3, 5, -1,
					0, 6, 1, -1,
					1, 6, 7, -1,
					1, 8, 3, -1,
					3, 8, 9, -1,
					3, 9, 10, -1,
					8, 11, 9, -1,
					12, 13, 10, -1,
					10, 13, 14, -1,
					10, 14, 3, -1,
					4, 15, 2, -1
				]
				normal Normal
				{
					vector
					[
						0.000 0.707 -0.707
					]
				}
				normalIndex
				[
					0, 0, 0, -1,
					0, 0, 0, -1,
					0, 0, 0, -1,
					0, 0, 0, -1,
					0, 0, 0, -1,
					0, 0, 0, -1,
					0, 0, 0, -1,
					0, 0, 0, -1,
					0, 0, 0, -1,
					0, 0, 0, -1,
					0, 0, 0, -1,
					0, 0, 0, -1,
					0, 0, 0, -1,
					0, 0, 0, -1
				]
			}
		}
		Shape
		{
			appearance Appearance
			{
				material Material
				{
					diffuseColor 0.694 0.741 0.788
				}
			}
			geometry IndexedFaceSet
			{
				creaseAngle 0.5
				solid TRUE
				coord Coordinate
				{
					point
					[
						-2.700 -1.111 -22.842,
						2.700 -1.111 -22.842,
						-2.700 -1.277 -22.970,
						2.700 -1.277 -22.970,
						-2.700 -1.470 -23.050,
						2.700 -1.470 -23.050,
						-2.700 -1.677 -23.077,
						2.700 -1.677 -23.077
					]
				}
				coordIndex
				[
					0, 1, 2, -1,
					2, 1, 3, -1,
					2, 3, 4, -1,
					4, 3, 5, -1,
					4, 5, 6, -1,
					6, 5, 7, -1
				]
				normal Normal
				{
					vector
					[
						0.000 0.707 -0.707,
						0.000 0.500 -0.866,
						0.000 0.259 -0.966,
						0.000 0.000 -1.000
					]
				}
				normalIndex
				[
					0, 0, 1, -1,
					1, 0, 1, -1,
					1, 1, 2, -1,
					2, 1, 2, -1,
					2, 2, 3, -1,
					3, 2, 3, -1
				]
			}
		}
		Shape
		{
			appearance Appearance
			{
				material Material
				{
					diffuseColor 0.694 0.741 0.788
				}
			}
			geometry IndexedFaceSet
			{
				creaseAngle 0.5
				solid TRUE
				coord Coordinate
				{
					point
					[
						3.270 -5.280 -23.077,
						3.270 -8.380 -23.077,
						3.200 -5.280 -23.077,
						3.164 -5.276 -23.077,
						-3.130 -5.263 -23.077,
						-3.100 -5.242 -23.077,
						-3.270 -8.380 -23.077,
						-3.076 -5.215 -23.077,
						3.076 -5.215 -23.077,
						3.100 -5.242 -23.077,
						-3.270 -5.280 -23.077,
						-3.200 -5.280 -23.077,
						-3.164 -5.276 -23.077,
						-2.803 -4.798 -23.077,
						-3.060 -5.183 -23.077,
						-2.877 -4.862 -23.077,
						-3.051 -5.147 -23.077,
						-3.032 -5.064 -23.077,
						-2.995 -4.986 -23.077,
						-2.943 -4.917 -23.077,
						-2.747 -4.718 -23.077,
						2.747 -4.718 -23.077,
						2.803 -4.798 -23.077,
						3.060 -5.183 -23.077,
						-2.712 -4.627 -23.077,
						2.712 -4.627 -23.077,
						-2.700 -4.530 -23.077,
						2.700 -4.530 -23.077,
						-2.700 -1.677 -23.077,
						2.700 -1.677 -23.077,
						2.877 -4.862 -23.077,
						3.051 -5.147 -23.077,
						2.914 -4.890 -23.077,
						2.943 -4.917 -23.077,
						2.995 -4.986 -23.077,
						3.032 -5.064 -23.077,
						3.130 -5.263 -23.077
					]
				}
				coordIndex
				[
					0, 1, 2, -1,
					2, 1, 3, -1,
					4, 5, 6, -1,
					6, 5, 7, -1,
					6, 7, 1, -1,
					1, 7, 8, -1,
					1, 8, 9, -1,
					10, 11, 6, -1,
					6, 11, 12, -1,
					6, 12, 4, -1,
					8, 7, 13, -1,
					13, 7, 14, -1,
					13, 14, 15, -1,
					15, 14, 16, -1,
					15, 16, 17, -1,
					17, 18, 15, -1,
					15, 18, 19, -1,
					20, 21, 13, -1,
					13, 21, 22, -1,
					13, 22, 8, -1,
					8, 22, 23, -1,
					20, 24, 21, -1,
					21, 24, 25, -1,
					24, 26, 25, -1,
					25, 26, 27, -1,
					26, 28, 27, -1,
					27, 28, 29, -1,
					22, 30, 23, -1,
					23, 30, 31, -1,
					30, 32, 31, -1,
					31, 32, 33, -1,
					31, 33, 34, -1,
					34, 35, 31, -1,
					9, 36, 1, -1,
					1, 36, 3, -1
				]
				normal Normal
				{
					vector
					[
						0.000 0.000 -1.000
					]
				}
				normalIndex
				[
					0, 0, 0, -1,
					0, 0, 0, -1,
					0, 0, 0, -1,
					0, 0, 0, -1,
					0, 0, 0, -1,
					0, 0, 0, -1,
					0, 0, 0, -1,
					0, 0, 0, -1,
					0, 0, 0, -1,
					0, 0, 0, -1,
					0, 0, 0, -1,
					0, 0, 0, -1,
					0, 0, 0, -1,
					0, 0, 0, -1,
					0, 0, 0, -1,
					0, 0, 0, -1,
					0, 0, 0, -1,
					0, 0, 0, -1,
					0, 0, 0, -1,
					0, 0, 0, -1,
					0, 0, 0, -1,
					0, 0, 0, -1,
					0, 0, 0, -1,
					0, 0, 0, -1,
					0, 0, 0, -1,
					0, 0, 0, -1,
					0, 0, 0, -1,
					0, 0, 0, -1,
					0, 0, 0, -1,
					0, 0, 0, -1,
					0, 0, 0, -1,
					0, 0, 0, -1,
					0, 0, 0, -1,
					0, 0, 0, -1,
					0, 0, 0, -1
				]
			}
		}
		Shape
		{
			appearance Appearance
			{
				material Material
				{
					diffuseColor 0.694 0.741 0.788
				}
			}
			geometry IndexedFaceSet
			{
				creaseAngle 0.5
				solid TRUE
				coord Coordinate
				{
					point
					[
						3.200 -5.280 -22.500,
						3.200 -5.280 -23.077,
						3.164 -5.276 -22.500,
						3.164 -5.276 -23.077,
						3.130 -5.263 -23.077,
						3.076 -5.215 -23.077,
						3.076 -5.215 -22.500,
						3.100 -5.242 -23.077,
						3.100 -5.242 -22.500,
						3.130 -5.263 -22.500,
						3.060 -5.183 -23.077,
						3.060 -5.183 -22.500,
						3.051 -5.147 -23.077,
						3.051 -5.147 -22.500
					]
				}
				coordIndex
				[
					0, 1, 2, -1,
					2, 1, 3, -1,
					2, 3, 4, -1,
					5, 6, 7, -1,
					7, 6, 8, -1,
					7, 8, 4, -1,
					4, 8, 9, -1,
					4, 9, 2, -1,
					5, 10, 6, -1,
					6, 10, 11, -1,
					12, 13, 10, -1,
					10, 13, 11, -1
				]
				normal Normal
				{
					vector
					[
						-0.000 1.000 -0.000,
						0.240 0.971 -0.000,
						0.466 0.885 -0.000,
						0.825 0.566 -0.000,
						0.665 0.747 -0.000,
						0.936 0.351 -0.000,
						0.993 0.116 -0.000
					]
				}
				normalIndex
				[
					0, 0, 1, -1,
					1, 0, 1, -1,
					1, 1, 2, -1,
					3, 3, 4, -1,
					4, 3, 4, -1,
					4, 4, 2, -1,
					2, 4, 2, -1,
					2, 2, 1, -1,
					3, 5, 3, -1,
					3, 5, 5, -1,
					6, 6, 5, -1,
					5, 6, 5, -1
				]
			}
		}
		Shape
		{
			appearance Appearance
			{
				material Material
				{
					diffuseColor 0.694 0.741 0.788
				}
			}
			geometry IndexedFaceSet
			{
				creaseAngle 0.5
				solid TRUE
				coord Coordinate
				{
					point
					[
						3.051 -5.147 -22.500,
						3.051 -5.147 -23.077,
						3.032 -5.064 -22.500,
						3.032 -5.064 -23.077,
						2.995 -4.986 -23.077,
						2.995 -4.986 -22.500,
						2.943 -4.917 -23.077,
						2.943 -4.917 -22.500,
						2.914 -4.890 -22.500,
						2.914 -4.890 -23.077,
						2.877 -4.862 -22.500,
						2.877 -4.862 -23.077
					]
				}
				coordIndex
				[
					0, 1, 2, -1,
					2, 1, 3, -1,
					2, 3, 4, -1,
					2, 4, 5, -1,
					5, 4, 6, -1,
					5, 6, 7, -1,
					7, 6, 8, -1,
					6, 9, 8, -1,
					8, 9, 10, -1,
					9, 11, 10, -1
				]
				normal Normal
				{
					vector
					[
						0.993 0.116 0.000,
						0.945 0.326 0.000,
						0.854 0.521 0.000,
						0.722 0.691 0.000,
						0.651 0.759 0.000,
						0.558 0.830 0.000
					]
				}
				normalIndex
				[
					0, 0, 1, -1,
					1, 0, 1, -1,
					1, 1, 2, -1,
					1, 2, 2, -1,
					2, 2, 3, -1,
					2, 3, 3, -1,
					3, 3, 4, -1,
					3, 4, 4, -1,
					4, 4, 5, -1,
					4, 5, 5, -1
				]
			}
		}
		Shape
		{
			appearance Appearance
			{
				material Material
				{
					diffuseColor 0.694 0.741 0.788
				}
			}
			geometry IndexedFaceSet
			{
				creaseAngle 0.5
				solid TRUE
				coord Coordinate
				{
					point
					[
						2.700 -4.530 -23.077,
						2.700 -4.530 -22.500,
						2.712 -4.627 -23.077,
						2.712 -4.627 -22.500,
						2.747 -4.718 -22.500,
						2.747 -4.718 -23.077,
						2.803 -4.798 -22.500,
						2.803 -4.798 -23.077,
						2.877 -4.862 -23.077,
						2.877 -4.862 -22.500
					]
				}
				coordIndex
				[
					0, 1, 2, -1,
					2, 1, 3, -1,
					2, 3, 4, -1,
					2, 4, 5, -1,
					5, 4, 6, -1,
					5, 6, 7, -1,
					7, 6, 8, -1,
					6, 9, 8, -1
				]
				normal Normal
				{
					vector
					[
						1.000 -0.000 -0.000,
						0.970 0.242 -0.000,
						0.883 0.470 -0.000,
						0.742 0.670 -0.000,
						0.558 0.830 -0.000
					]
				}
				normalIndex
				[
					0, 0, 1, -1,
					1, 0, 1, -1,
					1, 1, 2, -1,
					1, 2, 2, -1,
					2, 2, 3, -1,
					2, 3, 3, -1,
					3, 3, 4, -1,
					3, 4, 4, -1
				]
			}
		}
		Shape
		{
			appearance Appearance
			{
				material Material
				{
					diffuseColor 0.694 0.741 0.788
				}
			}
			geometry IndexedFaceSet
			{
				creaseAngle 0.5
				solid TRUE
				coord Coordinate
				{
					point
					[
						2.700 -1.470 -23.050,
						2.700 -1.711 -22.432,
						2.700 -1.677 -23.077,
						2.700 -2.228 -22.500,
						2.700 -4.530 -23.077,
						2.700 -4.362 -22.500,
						2.700 -4.530 -22.500,
						2.700 -1.277 -22.970,
						2.700 -1.111 -22.842,
						2.700 -1.228 -22.232,
						2.700 -0.814 -21.914,
						2.700 6.500 -15.231,
						2.700 6.500 -14.600
					]
				}
				coordIndex
				[
					0, 1, 2, -1,
					2, 1, 3, -1,
					2, 3, 4, -1,
					4, 3, 5, -1,
					4, 5, 6, -1,
					0, 7, 1, -1,
					1, 7, 8, -1,
					1, 8, 9, -1,
					9, 8, 10, -1,
					8, 11, 10, -1,
					10, 11, 12, -1
				]
				normal Normal
				{
					vector
					[
						1.000 0.000 0.000
					]
				}
				normalIndex
				[
					0, 0, 0, -1,
					0, 0, 0, -1,
					0, 0, 0, -1,
					0, 0, 0, -1,
					0, 0, 0, -1,
					0, 0, 0, -1,
					0, 0, 0, -1,
					0, 0, 0, -1,
					0, 0, 0, -1,
					0, 0, 0, -1,
					0, 0, 0, -1
				]
			}
		}
		Shape
		{
			appearance Appearance
			{
				material Material
				{
					diffuseColor 0.694 0.741 0.788
				}
			}
			geometry IndexedFaceSet
			{
				creaseAngle 0.5
				solid TRUE
				coord Coordinate
				{
					point
					[
						2.675 -0.814 -21.914,
						2.700 -0.814 -21.914,
						2.675 6.500 -14.600,
						2.700 6.500 -14.600
					]
				}
				coordIndex
				[
					0, 1, 2, -1,
					2, 1, 3, -1
				]
				normal Normal
				{
					vector
					[
						0.000 -0.707 0.707
					]
				}
				normalIndex
				[
					0, 0, 0, -1,
					0, 0, 0, -1
				]
			}
		}
		Shape
		{
			appearance Appearance
			{
				material Material
				{
					diffuseColor 0.694 0.741 0.788
				}
			}
			geometry IndexedFaceSet
			{
				creaseAngle 0.5
				solid TRUE
				coord Coordinate
				{
					point
					[
						-2.675 -0.814 -21.914,
						-2.675 4.730 -16.370,
						-2.700 -0.814 -21.914,
						-2.700 4.753 -16.347,
						-2.657 4.909 -16.191,
						-2.678 4.988 -16.112,
						-2.604 5.080 -16.020,
						-2.615 5.215 -15.885,
						-2.515 5.242 -15.858,
						-2.508 5.433 -15.667,
						-2.383 5.393 -15.707,
						-2.351 5.639 -15.461,
						-1.543 6.164 -14.936,
						-1.376 6.426 -14.674,
						-1.267 6.771 -14.329,
						-1.439 6.288 -14.812,
						-1.250 6.820 -14.280
					]
				}
				coordIndex
				[
					0, 1, 2, -1,
					2, 1, 3, -1,
					1, 4, 3, -1,
					3, 4, 5, -1,
					4, 6, 5, -1,
					5, 6, 7, -1,
					6, 8, 7, -1,
					7, 8, 9, -1,
					8, 10, 9, -1,
					9, 10, 11, -1,
					10, 12, 11, -1,
					11, 12, 13, -1,
					11, 13, 14, -1,
					12, 15, 13, -1,
					14, 16, 11, -1
				]
				normal Normal
				{
					vector
					[
						0.000 -0.707 0.707
					]
				}
				normalIndex
				[
					0, 0, 0, -1,
					0, 0, 0, -1,
					0, 0, 0, -1,
					0, 0, 0, -1,
					0, 0, 0, -1,
					0, 0, 0, -1,
					0, 0, 0, -1,
					0, 0, 0, -1,
					0, 0, 0, -1,
					0, 0, 0, -1,
					0, 0, 0, -1,
					0, 0, 0, -1,
					0, 0, 0, -1,
					0, 0, 0, -1,
					0, 0, 0, -1
				]
			}
		}
		Shape
		{
			appearance Appearance
			{
				material Material
				{
					diffuseColor 0.694 0.741 0.788
				}
			}
			geometry IndexedFaceSet
			{
				creaseAngle 0.5
				solid TRUE
				coord Coordinate
				{
					point
					[
						2.675 6.500 -15.231,
						2.675 6.500 -14.600,
						2.700 6.500 -15.231,
						2.700 6.500 -14.600
					]
				}
				coordIndex
				[
					0, 1, 2, -1,
					2, 1, 3, -1
				]
				normal Normal
				{
					vector
					[
						-0.000 1.000 -0.000
					]
				}
				normalIndex
				[
					0, 0, 0, -1,
					0, 0, 0, -1
				]
			}
		}
		Shape
		{
			appearance Appearance
			{
				material Material
				{
					diffuseColor 0.694 0.741 0.788
				}
			}
			geometry IndexedFaceSet
			{
				creaseAngle 0.5
				solid TRUE
				coord Coordinate
				{
					point
					[
						-2.700 4.753 -16.979,
						-2.700 4.753 -16.347,
						-2.678 4.988 -16.743,
						-2.678 4.988 -16.112,
						-2.615 5.215 -16.516,
						-2.615 5.215 -15.885,
						-2.508 5.433 -16.299,
						-2.508 5.433 -15.667,
						-2.351 5.639 -16.092,
						-2.351 5.639 -15.461
					]
				}
				coordIndex
				[
					0, 1, 2, -1,
					2, 1, 3, -1,
					2, 3, 4, -1,
					4, 3, 5, -1,
					4, 5, 6, -1,
					6, 5, 7, -1,
					6, 7, 8, -1,
					8, 7, 9, -1
				]
				normal Normal
				{
					vector
					[
						-1.000 0.000 0.000,
						-0.983 0.181 0.000,
						-0.935 0.356 0.000,
						-0.852 0.523 -0.000,
						-0.731 0.682 0.000
					]
				}
				normalIndex
				[
					0, 0, 1, -1,
					1, 0, 1, -1,
					1, 1, 2, -1,
					2, 1, 2, -1,
					2, 2, 3, -1,
					3, 2, 3, -1,
					3, 3, 4, -1,
					4, 3, 4, -1
				]
			}
		}
		Shape
		{
			appearance Appearance
			{
				material Material
				{
					diffuseColor 0.694 0.741 0.788
				}
			}
			geometry IndexedFaceSet
			{
				creaseAngle 0.5
				solid TRUE
				coord Coordinate
				{
					point
					[
						-1.250 6.820 -14.280,
						-1.250 6.820 -14.911,
						-2.351 5.639 -15.461,
						-2.351 5.639 -16.092
					]
				}
				coordIndex
				[
					0, 1, 2, -1,
					2, 1, 3, -1
				]
				normal Normal
				{
					vector
					[
						-0.731 0.682 -0.000
					]
				}
				normalIndex
				[
					0, 0, 0, -1,
					0, 0, 0, -1
				]
			}
		}
		Shape
		{
			appearance Appearance
			{
				material Material
				{
					diffuseColor 0.694 0.741 0.788
				}
			}
			geometry IndexedFaceSet
			{
				creaseAngle 0.5
				solid TRUE
				coord Coordinate
				{
					point
					[
						-1.267 6.771 -14.329,
						-1.267 6.771 0.000,
						-1.250 6.820 -14.280,
						-1.172 6.977 0.000,
						-1.156 7.001 -14.730,
						-1.028 7.153 0.000,
						-1.014 7.166 -14.566,
						-0.892 7.259 -14.454,
						-0.845 7.287 0.000,
						-0.747 7.334 -14.319,
						-0.634 7.371 0.000,
						-0.583 7.383 -14.165,
						-0.409 7.400 0.000,
						-0.409 7.400 -14.000,
						-1.250 6.820 -14.911
					]
				}
				coordIndex
				[
					0, 1, 2, -1,
					2, 1, 3, -1,
					2, 3, 4, -1,
					4, 3, 5, -1,
					4, 5, 6, -1,
					6, 5, 7, -1,
					5, 8, 7, -1,
					7, 8, 9, -1,
					8, 10, 9, -1,
					9, 10, 11, -1,
					10, 12, 11, -1,
					11, 12, 13, -1,
					4, 14, 2, -1
				]
				normal Normal
				{
					vector
					[
						-0.954 0.301 0.000,
						-0.954 0.301 -0.000,
						-0.935 0.356 -0.000,
						-0.848 0.530 -0.000,
						-0.831 0.557 0.000,
						-0.688 0.726 0.000,
						-0.673 0.740 -0.000,
						-0.538 0.843 0.000,
						-0.485 0.875 -0.000,
						-0.376 0.926 0.000,
						-0.250 0.968 0.000,
						-0.194 0.981 0.000,
						-0.000 1.000 0.000,
						0.000 1.000 -0.000,
						-0.935 0.356 0.000
					]
				}
				normalIndex
				[
					0, 1, 2, -1,
					2, 1, 3, -1,
					2, 3, 4, -1,
					4, 3, 5, -1,
					4, 5, 6, -1,
					6, 5, 7, -1,
					5, 8, 7, -1,
					7, 8, 9, -1,
					8, 10, 9, -1,
					9, 10, 11, -1,
					10, 12, 11, -1,
					11, 12, 13, -1,
					4, 14, 2, -1
				]
			}
		}
		Shape
		{
			appearance Appearance
			{
				material Material
				{
					diffuseColor 0.694 0.741 0.788
				}
			}
			geometry IndexedFaceSet
			{
				creaseAngle 0.5
				solid TRUE
				coord Coordinate
				{
					point
					[
						-1.376 6.426 -14.674,
						-1.376 6.426 0.000,
						-1.267 6.771 -14.329,
						-1.267 6.771 0.000
					]
				}
				coordIndex
				[
					0, 1, 2, -1,
					2, 1, 3, -1
				]
				normal Normal
				{
					vector
					[
						-0.954 0.301 0.000
					]
				}
				normalIndex
				[
					0, 0, 0, -1,
					0, 0, 0, -1
				]
			}
		}
		Shape
		{
			appearance Appearance
			{
				material Material
				{
					diffuseColor 0.694 0.741 0.788
				}
			}
			geometry IndexedFaceSet
			{
				creaseAngle 0.5
				solid TRUE
				coord Coordinate
				{
					point
					[
						-1.543 6.164 0.000,
						-1.472 6.241 0.000,
						-1.543 6.164 -14.936,
						-1.439 6.288 -14.812,
						-1.416 6.329 0.000,
						-1.376 6.426 -14.674,
						-1.376 6.426 0.000
					]
				}
				coordIndex
				[
					0, 1, 2, -1,
					2, 1, 3, -1,
					1, 4, 3, -1,
					3, 4, 5, -1,
					4, 6, 5, -1
				]
				normal Normal
				{
					vector
					[
						-0.676 0.737 -0.000,
						-0.793 0.609 -0.000,
						-0.676 0.737 0.000,
						-0.848 0.530 -0.000,
						-0.887 0.462 0.000,
						-0.954 0.301 -0.000
					]
				}
				normalIndex
				[
					0, 1, 2, -1,
					2, 1, 3, -1,
					1, 4, 3, -1,
					3, 4, 5, -1,
					4, 5, 5, -1
				]
			}
		}
		Shape
		{
			appearance Appearance
			{
				material Material
				{
					diffuseColor 0.694 0.741 0.788
				}
			}
			geometry IndexedFaceSet
			{
				creaseAngle 0.5
				solid TRUE
				coord Coordinate
				{
					point
					[
						-2.383 5.393 -15.707,
						-2.383 5.393 0.000,
						-1.543 6.164 -14.936,
						-1.543 6.164 0.000
					]
				}
				coordIndex
				[
					0, 1, 2, -1,
					2, 1, 3, -1
				]
				normal Normal
				{
					vector
					[
						-0.676 0.737 0.000
					]
				}
				normalIndex
				[
					0, 0, 0, -1,
					0, 0, 0, -1
				]
			}
		}
		Shape
		{
			appearance Appearance
			{
				material Material
				{
					diffuseColor 0.694 0.741 0.788
				}
			}
			geometry IndexedFaceSet
			{
				creaseAngle 0.5
				solid TRUE
				coord Coordinate
				{
					point
					[
						-2.675 4.730 -16.370,
						-2.675 4.730 0.000,
						-2.657 4.909 -16.191,
						-2.656 4.915 0.000,
						-2.599 5.092 0.000,
						-2.507 5.254 0.000,
						-2.515 5.242 -15.858,
						-2.604 5.080 -16.020,
						-2.383 5.393 0.000,
						-2.383 5.393 -15.707
					]
				}
				coordIndex
				[
					0, 1, 2, -1,
					2, 1, 3, -1,
					2, 3, 4, -1,
					5, 6, 4, -1,
					4, 6, 7, -1,
					4, 7, 2, -1,
					5, 8, 6, -1,
					6, 8, 9, -1
				]
				normal Normal
				{
					vector
					[
						-1.000 0.000 0.000,
						-0.980 0.199 0.000,
						-0.979 0.206 0.000,
						-0.915 0.403 0.000,
						-0.813 0.582 0.000,
						-0.823 0.569 0.000,
						-0.921 0.389 0.000,
						-0.676 0.737 0.000
					]
				}
				normalIndex
				[
					0, 0, 1, -1,
					1, 0, 2, -1,
					1, 2, 3, -1,
					4, 5, 3, -1,
					3, 5, 6, -1,
					3, 6, 1, -1,
					4, 7, 5, -1,
					5, 7, 7, -1
				]
			}
		}
		Shape
		{
			appearance Appearance
			{
				material Material
				{
					diffuseColor 0.694 0.741 0.788
				}
			}
			geometry IndexedFaceSet
			{
				creaseAngle 0.5
				solid TRUE
				coord Coordinate
				{
					point
					[
						-3.870 -8.380 -22.477,
						-3.870 -5.280 -22.477,
						-3.850 -8.380 -22.632,
						-3.850 -5.280 -22.632,
						-3.790 -5.280 -22.777,
						-3.790 -8.380 -22.777,
						-3.694 -5.280 -22.901,
						-3.694 -8.380 -22.901,
						-3.570 -8.380 -22.996,
						-3.570 -5.280 -22.996,
						-3.425 -5.280 -23.056,
						-3.425 -8.380 -23.056,
						-3.270 -5.280 -23.077,
						-3.270 -8.380 -23.077
					]
				}
				coordIndex
				[
					0, 1, 2, -1,
					2, 1, 3, -1,
					2, 3, 4, -1,
					2, 4, 5, -1,
					5, 4, 6, -1,
					5, 6, 7, -1,
					7, 6, 8, -1,
					6, 9, 8, -1,
					8, 9, 10, -1,
					8, 10, 11, -1,
					11, 10, 12, -1,
					11, 12, 13, -1
				]
				normal Normal
				{
					vector
					[
						-1.000 0.000 0.000,
						-0.966 0.000 -0.259,
						-0.866 0.000 -0.500,
						-0.707 0.000 -0.707,
						-0.500 0.000 -0.866,
						-0.259 0.000 -0.966,
						0.000 0.000 -1.000
					]
				}
				normalIndex
				[
					0, 0, 1, -1,
					1, 0, 1, -1,
					1, 1, 2, -1,
					1, 2, 2, -1,
					2, 2, 3, -1,
					2, 3, 3, -1,
					3, 3, 4, -1,
					3, 4, 4, -1,
					4, 4, 5, -1,
					4, 5, 5, -1,
					5, 5, 6, -1,
					5, 6, 6, -1
				]
			}
		}
		Shape
		{
			appearance Appearance
			{
				material Material
				{
					diffuseColor 0.694 0.741 0.788
				}
			}
			geometry IndexedFaceSet
			{
				creaseAngle 0.5
				solid TRUE
				coord Coordinate
				{
					point
					[
						3.270 -8.380 -23.077,
						3.270 -5.280 -23.077,
						3.425 -8.380 -23.056,
						3.425 -5.280 -23.056,
						3.570 -5.280 -22.996,
						3.570 -8.380 -22.996,
						3.694 -5.280 -22.901,
						3.694 -8.380 -22.901,
						3.790 -5.280 -22.777,
						3.790 -8.380 -22.777,
						3.850 -8.380 -22.632,
						3.850 -5.280 -22.632,
						3.870 -5.280 -22.477,
						3.870 -8.380 -22.477
					]
				}
				coordIndex
				[
					0, 1, 2, -1,
					2, 1, 3, -1,
					2, 3, 4, -1,
					2, 4, 5, -1,
					5, 4, 6, -1,
					5, 6, 7, -1,
					7, 6, 8, -1,
					7, 8, 9, -1,
					9, 8, 10, -1,
					8, 11, 10, -1,
					10, 11, 12, -1,
					10, 12, 13, -1
				]
				normal Normal
				{
					vector
					[
						0.000 0.000 -1.000,
						0.259 0.000 -0.966,
						0.500 0.000 -0.866,
						0.707 0.000 -0.707,
						0.866 0.000 -0.500,
						0.966 0.000 -0.259,
						1.000 0.000 0.000
					]
				}
				normalIndex
				[
					0, 0, 1, -1,
					1, 0, 1, -1,
					1, 1, 2, -1,
					1, 2, 2, -1,
					2, 2, 3, -1,
					2, 3, 3, -1,
					3, 3, 4, -1,
					3, 4, 4, -1,
					4, 4, 5, -1,
					4, 5, 5, -1,
					5, 5, 6, -1,
					5, 6, 6, -1
				]
			}
		}
		Shape
		{
			appearance Appearance
			{
				material Material
				{
					diffuseColor 0.694 0.741 0.788
				}
			}
			geometry IndexedFaceSet
			{
				creaseAngle 0.5
				solid TRUE
				coord Coordinate
				{
					point
					[
						1.110 -7.400 -5.700,
						1.110 -7.000 -5.700,
						0.310 -7.400 -5.700,
						0.310 -7.000 -5.700
					]
				}
				coordIndex
				[
					0, 1, 2, -1,
					2, 1, 3, -1
				]
				normal Normal
				{
					vector
					[
						-0.000 -0.000 1.000
					]
				}
				normalIndex
				[
					0, 0, 0, -1,
					0, 0, 0, -1
				]
			}
		}
		Shape
		{
			appearance Appearance
			{
				material Material
				{
					diffuseColor 0.694 0.741 0.788
				}
			}
			geometry IndexedFaceSet
			{
				creaseAngle 0.5
				solid TRUE
				coord Coordinate
				{
					point
					[
						1.110 7.000 -5.700,
						1.110 7.400 -5.700,
						0.310 7.000 -5.700,
						0.310 7.400 -5.700
					]
				}
				coordIndex
				[
					0, 1, 2, -1,
					2, 1, 3, -1
				]
				normal Normal
				{
					vector
					[
						-0.000 -0.000 1.000
					]
				}
				normalIndex
				[
					0, 0, 0, -1,
					0, 0, 0, -1
				]
			}
		}
		Shape
		{
			appearance Appearance
			{
				material Material
				{
					diffuseColor 0.694 0.741 0.788
				}
			}
			geometry IndexedFaceSet
			{
				creaseAngle 0.5
				solid TRUE
				coord Coordinate
				{
					point
					[
						0.010 -7.400 -5.400,
						0.020 -7.400 -5.478,
						0.010 -7.000 -5.400,
						0.020 -7.000 -5.478,
						0.050 -7.000 -5.550,
						0.050 -7.400 -5.550,
						0.098 -7.400 -5.612,
						0.098 -7.000 -5.612,
						0.160 -7.400 -5.660,
						0.160 -7.000 -5.660,
						0.232 -7.400 -5.690,
						0.232 -7.000 -5.690,
						0.310 -7.000 -5.700,
						0.310 -7.400 -5.700
					]
				}
				coordIndex
				[
					0, 1, 2, -1,
					2, 1, 3, -1,
					3, 1, 4, -1,
					4, 1, 5, -1,
					4, 5, 6, -1,
					4, 6, 7, -1,
					7, 6, 8, -1,
					7, 8, 9, -1,
					9, 8, 10, -1,
					9, 10, 11, -1,
					11, 10, 12, -1,
					10, 13, 12, -1
				]
				normal Normal
				{
					vector
					[
						1.000 -0.000 -0.000,
						0.966 -0.000 0.259,
						0.866 -0.000 0.500,
						0.707 -0.000 0.707,
						0.500 -0.000 0.866,
						0.259 -0.000 0.966,
						-0.000 -0.000 1.000
					]
				}
				normalIndex
				[
					0, 1, 0, -1,
					0, 1, 1, -1,
					1, 1, 2, -1,
					2, 1, 2, -1,
					2, 2, 3, -1,
					2, 3, 3, -1,
					3, 3, 4, -1,
					3, 4, 4, -1,
					4, 4, 5, -1,
					4, 5, 5, -1,
					5, 5, 6, -1,
					5, 6, 6, -1
				]
			}
		}
		Shape
		{
			appearance Appearance
			{
				material Material
				{
					diffuseColor 0.694 0.741 0.788
				}
			}
			geometry IndexedFaceSet
			{
				creaseAngle 0.5
				solid TRUE
				coord Coordinate
				{
					point
					[
						1.188 -7.400 -5.690,
						1.110 -7.400 -5.700,
						1.775 -7.400 -6.800,
						0.310 -7.400 -5.700,
						-0.409 -7.400 -6.800,
						0.232 -7.400 -5.690,
						0.160 -7.400 -5.660,
						1.387 -7.400 -1.588,
						1.404 -7.400 -1.631,
						1.775 -7.400 0.000,
						1.410 -7.400 -1.676,
						1.410 -7.400 -5.400,
						1.400 -7.400 -5.478,
						0.140 -7.400 -1.506,
						0.185 -7.400 -1.500,
						-0.409 -7.400 0.000,
						0.230 -7.400 -1.506,
						0.273 -7.400 -1.523,
						1.147 -7.400 -1.523,
						0.309 -7.400 -1.550,
						1.111 -7.400 -1.550,
						1.082 -7.400 -1.587,
						0.020 -7.400 -5.478,
						0.010 -7.400 -5.400,
						0.010 -7.400 -1.676,
						0.016 -7.400 -1.631,
						0.033 -7.400 -1.588,
						0.098 -7.400 -5.612,
						0.050 -7.400 -5.550,
						0.061 -7.400 -1.552,
						0.097 -7.400 -1.524,
						0.338 -7.400 -1.587,
						1.064 -7.400 -1.629,
						0.356 -7.400 -1.629,
						1.058 -7.400 -1.674,
						0.362 -7.400 -1.674,
						1.032 -7.400 -3.871,
						0.388 -7.400 -3.871,
						1.190 -7.400 -1.506,
						1.235 -7.400 -1.500,
						1.280 -7.400 -1.506,
						1.323 -7.400 -1.524,
						1.359 -7.400 -1.552,
						1.370 -7.400 -5.550,
						1.322 -7.400 -5.612,
						1.260 -7.400 -5.660
					]
				}
				coordIndex
				[
					0, 1, 2, -1,
					2, 1, 3, -1,
					2, 3, 4, -1,
					4, 3, 5, -1,
					4, 5, 6, -1,
					7, 8, 9, -1,
					9, 8, 10, -1,
					9, 10, 2, -1,
					2, 10, 11, -1,
					2, 11, 12, -1,
					13, 14, 15, -1,
					15, 14, 16, -1,
					15, 16, 9, -1,
					9, 16, 17, -1,
					9, 17, 18, -1,
					18, 17, 19, -1,
					18, 19, 20, -1,
					20, 19, 21, -1,
					22, 23, 4, -1,
					4, 23, 24, -1,
					4, 24, 15, -1,
					15, 24, 25, -1,
					15, 25, 26, -1,
					6, 27, 4, -1,
					4, 27, 28, -1,
					4, 28, 22, -1,
					26, 29, 15, -1,
					15, 29, 30, -1,
					15, 30, 13, -1,
					19, 31, 21, -1,
					21, 31, 32, -1,
					31, 33, 32, -1,
					32, 33, 34, -1,
					33, 35, 34, -1,
					34, 35, 36, -1,
					35, 37, 36, -1,
					18, 38, 9, -1,
					9, 38, 39, -1,
					9, 39, 40, -1,
					40, 41, 9, -1,
					9, 41, 42, -1,
					9, 42, 7, -1,
					12, 43, 2, -1,
					2, 43, 44, -1,
					2, 44, 45, -1,
					45, 0, 2, -1
				]
				normal Normal
				{
					vector
					[
						0.000 -1.000 0.000
					]
				}
				normalIndex
				[
					0, 0, 0, -1,
					0, 0, 0, -1,
					0, 0, 0, -1,
					0, 0, 0, -1,
					0, 0, 0, -1,
					0, 0, 0, -1,
					0, 0, 0, -1,
					0, 0, 0, -1,
					0, 0, 0, -1,
					0, 0, 0, -1,
					0, 0, 0, -1,
					0, 0, 0, -1,
					0, 0, 0, -1,
					0, 0, 0, -1,
					0, 0, 0, -1,
					0, 0, 0, -1,
					0, 0, 0, -1,
					0, 0, 0, -1,
					0, 0, 0, -1,
					0, 0, 0, -1,
					0, 0, 0, -1,
					0, 0, 0, -1,
					0, 0, 0, -1,
					0, 0, 0, -1,
					0, 0, 0, -1,
					0, 0, 0, -1,
					0, 0, 0, -1,
					0, 0, 0, -1,
					0, 0, 0, -1,
					0, 0, 0, -1,
					0, 0, 0, -1,
					0, 0, 0, -1,
					0, 0, 0, -1,
					0, 0, 0, -1,
					0, 0, 0, -1,
					0, 0, 0, -1,
					0, 0, 0, -1,
					0, 0, 0, -1,
					0, 0, 0, -1,
					0, 0, 0, -1,
					0, 0, 0, -1,
					0, 0, 0, -1,
					0, 0, 0, -1,
					0, 0, 0, -1,
					0, 0, 0, -1,
					0, 0, 0, -1
				]
			}
		}
		Shape
		{
			appearance Appearance
			{
				material Material
				{
					diffuseColor 0.694 0.741 0.788
				}
			}
			geometry IndexedFaceSet
			{
				creaseAngle 0.5
				solid TRUE
				coord Coordinate
				{
					point
					[
						1.110 -7.400 -5.700,
						1.188 -7.400 -5.690,
						1.110 -7.000 -5.700,
						1.188 -7.000 -5.690,
						1.260 -7.000 -5.660,
						1.260 -7.400 -5.660,
						1.322 -7.400 -5.612,
						1.322 -7.000 -5.612,
						1.370 -7.400 -5.550,
						1.370 -7.000 -5.550,
						1.400 -7.400 -5.478,
						1.400 -7.000 -5.478,
						1.410 -7.000 -5.400,
						1.410 -7.400 -5.400
					]
				}
				coordIndex
				[
					0, 1, 2, -1,
					2, 1, 3, -1,
					3, 1, 4, -1,
					4, 1, 5, -1,
					4, 5, 6, -1,
					4, 6, 7, -1,
					7, 6, 8, -1,
					7, 8, 9, -1,
					9, 8, 10, -1,
					9, 10, 11, -1,
					11, 10, 12, -1,
					10, 13, 12, -1
				]
				normal Normal
				{
					vector
					[
						-0.000 -0.000 1.000,
						-0.259 -0.000 0.966,
						-0.500 -0.000 0.866,
						-0.707 -0.000 0.707,
						-0.866 -0.000 0.500,
						-0.966 -0.000 0.259,
						-1.000 -0.000 -0.000
					]
				}
				normalIndex
				[
					0, 1, 0, -1,
					0, 1, 1, -1,
					1, 1, 2, -1,
					2, 1, 2, -1,
					2, 2, 3, -1,
					2, 3, 3, -1,
					3, 3, 4, -1,
					3, 4, 4, -1,
					4, 4, 5, -1,
					4, 5, 5, -1,
					5, 5, 6, -1,
					5, 6, 6, -1
				]
			}
		}
		Shape
		{
			appearance Appearance
			{
				material Material
				{
					diffuseColor 0.694 0.741 0.788
				}
			}
			geometry IndexedFaceSet
			{
				creaseAngle 0.5
				solid TRUE
				coord Coordinate
				{
					point
					[
						1.058 -7.000 -1.674,
						1.064 -7.000 -1.629,
						1.058 -7.400 -1.674,
						1.064 -7.400 -1.629,
						1.082 -7.400 -1.587,
						1.082 -7.000 -1.587,
						1.111 -7.000 -1.550,
						1.111 -7.400 -1.550,
						1.147 -7.000 -1.523,
						1.147 -7.400 -1.523,
						1.190 -7.000 -1.506,
						1.190 -7.400 -1.506,
						1.235 -7.400 -1.500,
						1.235 -7.000 -1.500,
						1.280 -7.000 -1.506,
						1.280 -7.400 -1.506,
						1.323 -7.000 -1.524,
						1.323 -7.400 -1.524,
						1.359 -7.400 -1.552,
						1.359 -7.000 -1.552,
						1.387 -7.000 -1.588,
						1.387 -7.400 -1.588,
						1.404 -7.000 -1.631,
						1.404 -7.400 -1.631,
						1.410 -7.400 -1.676,
						1.410 -7.000 -1.676
					]
				}
				coordIndex
				[
					0, 1, 2, -1,
					2, 1, 3, -1,
					3, 1, 4, -1,
					4, 1, 5, -1,
					4, 5, 6, -1,
					4, 6, 7, -1,
					7, 6, 8, -1,
					7, 8, 9, -1,
					9, 8, 10, -1,
					9, 10, 11, -1,
					11, 10, 12, -1,
					10, 13, 12, -1,
					12, 13, 14, -1,
					12, 14, 15, -1,
					15, 14, 16, -1,
					15, 16, 17, -1,
					17, 16, 18, -1,
					16, 19, 18, -1,
					18, 19, 20, -1,
					18, 20, 21, -1,
					21, 20, 22, -1,
					21, 22, 23, -1,
					23, 22, 24, -1,
					22, 25, 24, -1
				]
				normal Normal
				{
					vector
					[
						1.000 -0.000 -0.012,
						0.963 -0.000 -0.269,
						0.861 -0.000 -0.508,
						0.701 -0.000 -0.713,
						0.493 -0.000 -0.870,
						0.252 -0.000 -0.968,
						-0.006 -0.000 -1.000,
						-0.264 -0.000 -0.965,
						-0.503 -0.000 -0.864,
						-0.709 -0.000 -0.705,
						-0.867 -0.000 -0.498,
						-0.966 -0.000 -0.258,
						-1.000 -0.000 -0.000
					]
				}
				normalIndex
				[
					0, 1, 0, -1,
					0, 1, 1, -1,
					1, 1, 2, -1,
					2, 1, 2, -1,
					2, 2, 3, -1,
					2, 3, 3, -1,
					3, 3, 4, -1,
					3, 4, 4, -1,
					4, 4, 5, -1,
					4, 5, 5, -1,
					5, 5, 6, -1,
					5, 6, 6, -1,
					6, 6, 7, -1,
					6, 7, 7, -1,
					7, 7, 8, -1,
					7, 8, 8, -1,
					8, 8, 9, -1,
					8, 9, 9, -1,
					9, 9, 10, -1,
					9, 10, 10, -1,
					10, 10, 11, -1,
					10, 11, 11, -1,
					11, 11, 12, -1,
					11, 12, 12, -1
				]
			}
		}
		Shape
		{
			appearance Appearance
			{
				material Material
				{
					diffuseColor 0.694 0.741 0.788
				}
			}
			geometry IndexedFaceSet
			{
				creaseAngle 0.5
				solid TRUE
				coord Coordinate
				{
					point
					[
						1.029 -7.342 -4.150,
						1.031 -7.385 -4.014,
						0.391 -7.342 -4.150,
						0.389 -7.385 -4.014,
						1.032 -7.400 -3.871,
						0.388 -7.400 -3.871
					]
				}
				coordIndex
				[
					0, 1, 2, -1,
					2, 1, 3, -1,
					4, 5, 1, -1,
					1, 5, 3, -1
				]
				normal Normal
				{
					vector
					[
						0.000 -0.917 -0.400,
						0.000 -0.979 -0.204,
						0.000 -1.000 0.000
					]
				}
				normalIndex
				[
					0, 1, 0, -1,
					0, 1, 1, -1,
					2, 2, 1, -1,
					1, 2, 1, -1
				]
			}
		}
		Shape
		{
			appearance Appearance
			{
				material Material
				{
					diffuseColor 0.694 0.741 0.788
				}
			}
			geometry IndexedFaceSet
			{
				creaseAngle 0.5
				solid TRUE
				coord Coordinate
				{
					point
					[
						1.015 -7.333 -5.008,
						1.019 -7.318 -4.972,
						0.401 -7.318 -4.972,
						1.022 -7.264 -4.765,
						0.398 -7.264 -4.765,
						0.396 -7.250 -4.559,
						1.024 -7.250 -4.559,
						1.027 -7.276 -4.354,
						0.393 -7.276 -4.354,
						0.391 -7.342 -4.150,
						1.029 -7.342 -4.150,
						0.405 -7.333 -5.008,
						1.004 -7.347 -5.043,
						0.416 -7.347 -5.043,
						0.985 -7.362 -5.074,
						0.435 -7.362 -5.074,
						0.961 -7.376 -5.100,
						0.459 -7.376 -5.100,
						0.819 -7.404 -5.151,
						0.930 -7.387 -5.122,
						0.896 -7.396 -5.138,
						0.601 -7.404 -5.151,
						0.490 -7.387 -5.122,
						0.524 -7.396 -5.138,
						0.562 -7.402 -5.148,
						0.858 -7.402 -5.148
					]
				}
				coordIndex
				[
					0, 1, 2, -1,
					2, 1, 3, -1,
					2, 3, 4, -1,
					4, 3, 5, -1,
					3, 6, 5, -1,
					5, 6, 7, -1,
					5, 7, 8, -1,
					8, 7, 9, -1,
					7, 10, 9, -1,
					2, 11, 0, -1,
					0, 11, 12, -1,
					11, 13, 12, -1,
					12, 13, 14, -1,
					13, 15, 14, -1,
					14, 15, 16, -1,
					15, 17, 16, -1,
					16, 17, 18, -1,
					16, 18, 19, -1,
					19, 18, 20, -1,
					18, 17, 21, -1,
					21, 17, 22, -1,
					21, 22, 23, -1,
					23, 24, 21, -1,
					18, 25, 20, -1
				]
				normal Normal
				{
					vector
					[
						-0.000 -0.925 0.380,
						-0.000 -0.938 0.347,
						-0.000 -0.987 0.159,
						-0.000 -1.000 -0.028,
						-0.000 -0.977 -0.214,
						-0.000 -0.917 -0.400,
						-0.000 -0.911 0.411,
						-0.000 -0.898 0.440,
						-0.000 -0.886 0.464,
						-0.000 -0.860 0.510,
						-0.000 -0.875 0.484,
						-0.000 -0.867 0.498,
						-0.000 -0.862 0.507
					]
				}
				normalIndex
				[
					0, 1, 1, -1,
					1, 1, 2, -1,
					1, 2, 2, -1,
					2, 2, 3, -1,
					2, 3, 3, -1,
					3, 3, 4, -1,
					3, 4, 4, -1,
					4, 4, 5, -1,
					4, 5, 5, -1,
					1, 0, 0, -1,
					0, 0, 6, -1,
					0, 6, 6, -1,
					6, 6, 7, -1,
					6, 7, 7, -1,
					7, 7, 8, -1,
					7, 8, 8, -1,
					8, 8, 9, -1,
					8, 9, 10, -1,
					10, 9, 11, -1,
					9, 8, 9, -1,
					9, 8, 10, -1,
					9, 10, 11, -1,
					11, 12, 9, -1,
					9, 12, 11, -1
				]
			}
		}
		Shape
		{
			appearance Appearance
			{
				material Material
				{
					diffuseColor 0.694 0.741 0.788
				}
			}
			geometry IndexedFaceSet
			{
				creaseAngle 0.5
				solid TRUE
				coord Coordinate
				{
					point
					[
						0.817 -7.060 -5.355,
						0.856 -7.058 -5.352,
						0.819 -7.404 -5.151,
						0.858 -7.402 -5.148,
						0.893 -7.052 -5.342,
						0.896 -7.396 -5.138,
						0.928 -7.043 -5.326,
						0.930 -7.387 -5.122,
						0.958 -7.031 -5.305,
						0.961 -7.376 -5.100,
						0.983 -7.017 -5.278,
						0.985 -7.362 -5.074,
						1.001 -7.002 -5.248,
						1.004 -7.347 -5.043,
						1.013 -6.986 -5.214,
						1.015 -7.333 -5.008,
						1.017 -6.970 -5.178,
						1.019 -7.318 -4.972
					]
				}
				coordIndex
				[
					0, 1, 2, -1,
					2, 1, 3, -1,
					1, 4, 3, -1,
					3, 4, 5, -1,
					4, 6, 5, -1,
					5, 6, 7, -1,
					6, 8, 7, -1,
					7, 8, 9, -1,
					8, 10, 9, -1,
					9, 10, 11, -1,
					10, 12, 11, -1,
					11, 12, 13, -1,
					12, 14, 13, -1,
					13, 14, 15, -1,
					14, 16, 15, -1,
					15, 16, 17, -1
				]
				normal Normal
				{
					vector
					[
						0.000 -0.510 -0.860,
						0.194 -0.500 -0.844,
						0.195 -0.500 -0.844,
						0.381 -0.470 -0.796,
						0.382 -0.470 -0.796,
						0.554 -0.422 -0.718,
						0.555 -0.422 -0.717,
						0.705 -0.358 -0.612,
						0.706 -0.358 -0.612,
						0.829 -0.281 -0.484,
						0.829 -0.281 -0.483,
						0.921 -0.194 -0.337,
						0.922 -0.193 -0.337,
						0.979 -0.099 -0.178,
						0.979 -0.099 -0.178,
						1.000 -0.000 -0.012
					]
				}
				normalIndex
				[
					0, 1, 0, -1,
					0, 1, 2, -1,
					1, 3, 2, -1,
					2, 3, 4, -1,
					3, 5, 4, -1,
					4, 5, 6, -1,
					5, 7, 6, -1,
					6, 7, 8, -1,
					7, 9, 8, -1,
					8, 9, 10, -1,
					9, 11, 10, -1,
					10, 11, 12, -1,
					11, 13, 12, -1,
					12, 13, 14, -1,
					13, 15, 14, -1,
					14, 15, 15, -1
				]
			}
		}
		Shape
		{
			appearance Appearance
			{
				material Material
				{
					diffuseColor 0.694 0.741 0.788
				}
			}
			geometry IndexedFaceSet
			{
				creaseAngle 0.5
				solid TRUE
				coord Coordinate
				{
					point
					[
						0.407 -6.986 -5.214,
						0.403 -6.970 -5.178,
						0.603 -7.060 -5.355,
						1.017 -6.970 -5.178,
						0.817 -7.060 -5.355,
						1.013 -6.986 -5.214,
						1.001 -7.002 -5.248,
						0.564 -7.058 -5.352,
						0.527 -7.052 -5.342,
						0.492 -7.043 -5.326,
						0.462 -7.031 -5.305,
						0.437 -7.017 -5.278,
						0.419 -7.002 -5.248,
						0.399 -6.879 -4.881,
						1.021 -6.879 -4.881,
						1.024 -6.850 -4.584,
						0.396 -6.850 -4.584,
						0.393 -6.881 -4.287,
						0.389 -6.975 -3.991,
						1.031 -6.975 -3.991,
						1.027 -6.881 -4.287,
						0.983 -7.017 -5.278,
						0.958 -7.031 -5.305,
						0.928 -7.043 -5.326,
						0.893 -7.052 -5.342,
						0.856 -7.058 -5.352
					]
				}
				coordIndex
				[
					0, 1, 2, -1,
					2, 1, 3, -1,
					2, 3, 4, -1,
					4, 3, 5, -1,
					4, 5, 6, -1,
					7, 8, 2, -1,
					2, 8, 9, -1,
					2, 9, 10, -1,
					10, 11, 2, -1,
					2, 11, 12, -1,
					2, 12, 0, -1,
					1, 13, 3, -1,
					3, 13, 14, -1,
					14, 13, 15, -1,
					15, 13, 16, -1,
					15, 16, 17, -1,
					18, 19, 17, -1,
					17, 19, 20, -1,
					17, 20, 15, -1,
					6, 21, 4, -1,
					4, 21, 22, -1,
					4, 22, 23, -1,
					23, 24, 4, -1,
					4, 24, 25, -1
				]
				normal Normal
				{
					vector
					[
						0.000 0.909 -0.416,
						0.000 0.920 -0.392,
						0.000 0.860 -0.510,
						0.000 0.899 -0.439,
						0.000 0.861 -0.508,
						0.000 0.865 -0.502,
						0.000 0.871 -0.491,
						0.000 0.879 -0.477,
						0.000 0.888 -0.459,
						0.000 0.981 -0.194,
						0.000 1.000 0.004,
						0.000 0.979 0.202,
						0.000 0.917 0.400
					]
				}
				normalIndex
				[
					0, 1, 2, -1,
					2, 1, 1, -1,
					2, 1, 2, -1,
					2, 1, 0, -1,
					2, 0, 3, -1,
					4, 5, 2, -1,
					2, 5, 6, -1,
					2, 6, 7, -1,
					7, 8, 2, -1,
					2, 8, 3, -1,
					2, 3, 0, -1,
					1, 9, 1, -1,
					1, 9, 9, -1,
					9, 9, 10, -1,
					10, 9, 10, -1,
					10, 10, 11, -1,
					12, 12, 11, -1,
					11, 12, 11, -1,
					11, 11, 10, -1,
					3, 8, 2, -1,
					2, 8, 7, -1,
					2, 7, 6, -1,
					6, 5, 2, -1,
					2, 5, 4, -1
				]
			}
		}
		Shape
		{
			appearance Appearance
			{
				material Material
				{
					diffuseColor 0.694 0.741 0.788
				}
			}
			geometry IndexedFaceSet
			{
				creaseAngle 0.5
				solid TRUE
				coord Coordinate
				{
					point
					[
						0.388 -7.000 -3.871,
						1.032 -7.000 -3.871,
						0.388 -6.994 -3.932,
						1.032 -6.994 -3.932,
						1.031 -6.975 -3.991,
						0.389 -6.975 -3.991
					]
				}
				coordIndex
				[
					0, 1, 2, -1,
					2, 1, 3, -1,
					2, 3, 4, -1,
					4, 5, 2, -1
				]
				normal Normal
				{
					vector
					[
						-0.000 1.000 -0.000,
						-0.000 0.979 0.204,
						-0.000 0.917 0.400
					]
				}
				normalIndex
				[
					0, 0, 1, -1,
					1, 0, 1, -1,
					1, 1, 2, -1,
					2, 2, 1, -1
				]
			}
		}
		Shape
		{
			appearance Appearance
			{
				material Material
				{
					diffuseColor 0.694 0.741 0.788
				}
			}
			geometry IndexedFaceSet
			{
				creaseAngle 0.5
				solid TRUE
				coord Coordinate
				{
					point
					[
						0.601 -7.404 -5.151,
						0.562 -7.402 -5.148,
						0.603 -7.060 -5.355,
						0.564 -7.058 -5.352,
						0.527 -7.052 -5.342,
						0.524 -7.396 -5.138,
						0.490 -7.387 -5.122,
						0.459 -7.376 -5.100,
						0.462 -7.031 -5.305,
						0.492 -7.043 -5.326,
						0.435 -7.362 -5.074,
						0.437 -7.017 -5.278,
						0.419 -7.002 -5.248,
						0.416 -7.347 -5.043,
						0.405 -7.333 -5.008,
						0.401 -7.318 -4.972,
						0.403 -6.970 -5.178,
						0.407 -6.986 -5.214
					]
				}
				coordIndex
				[
					0, 1, 2, -1,
					2, 1, 3, -1,
					3, 1, 4, -1,
					4, 1, 5, -1,
					4, 5, 6, -1,
					7, 8, 6, -1,
					6, 8, 9, -1,
					6, 9, 4, -1,
					7, 10, 8, -1,
					8, 10, 11, -1,
					11, 10, 12, -1,
					12, 10, 13, -1,
					12, 13, 14, -1,
					15, 16, 14, -1,
					14, 16, 17, -1,
					14, 17, 12, -1
				]
				normal Normal
				{
					vector
					[
						-0.000 -0.510 -0.860,
						-0.195 -0.500 -0.844,
						-0.194 -0.500 -0.844,
						-0.381 -0.470 -0.796,
						-0.382 -0.470 -0.796,
						-0.555 -0.422 -0.717,
						-0.706 -0.358 -0.612,
						-0.705 -0.358 -0.612,
						-0.554 -0.422 -0.718,
						-0.829 -0.281 -0.483,
						-0.829 -0.281 -0.484,
						-0.921 -0.194 -0.337,
						-0.922 -0.193 -0.337,
						-0.979 -0.099 -0.178,
						-1.000 -0.000 -0.012,
						-0.979 -0.099 -0.178
					]
				}
				normalIndex
				[
					0, 1, 0, -1,
					0, 1, 2, -1,
					2, 1, 3, -1,
					3, 1, 4, -1,
					3, 4, 5, -1,
					6, 7, 5, -1,
					5, 7, 8, -1,
					5, 8, 3, -1,
					6, 9, 7, -1,
					7, 9, 10, -1,
					10, 9, 11, -1,
					11, 9, 12, -1,
					11, 12, 13, -1,
					14, 14, 13, -1,
					13, 14, 15, -1,
					13, 15, 11, -1
				]
			}
		}
		Shape
		{
			appearance Appearance
			{
				material Material
				{
					diffuseColor 0.694 0.741 0.788
				}
			}
			geometry IndexedFaceSet
			{
				creaseAngle 0.5
				solid TRUE
				coord Coordinate
				{
					point
					[
						0.601 -7.404 -5.151,
						0.603 -7.060 -5.355,
						0.819 -7.404 -5.151,
						0.817 -7.060 -5.355
					]
				}
				coordIndex
				[
					0, 1, 2, -1,
					2, 1, 3, -1
				]
				normal Normal
				{
					vector
					[
						0.000 -0.510 -0.860
					]
				}
				normalIndex
				[
					0, 0, 0, -1,
					0, 0, 0, -1
				]
			}
		}
		Shape
		{
			appearance Appearance
			{
				material Material
				{
					diffuseColor 0.694 0.741 0.788
				}
			}
			geometry IndexedFaceSet
			{
				creaseAngle 0.5
				solid TRUE
				coord Coordinate
				{
					point
					[
						0.010 -7.000 -1.676,
						0.016 -7.000 -1.631,
						0.010 -7.400 -1.676,
						0.016 -7.400 -1.631,
						0.033 -7.400 -1.588,
						0.033 -7.000 -1.588,
						0.061 -7.000 -1.552,
						0.061 -7.400 -1.552,
						0.097 -7.000 -1.524,
						0.097 -7.400 -1.524,
						0.140 -7.000 -1.506,
						0.140 -7.400 -1.506,
						0.185 -7.400 -1.500,
						0.185 -7.000 -1.500,
						0.230 -7.000 -1.506,
						0.230 -7.400 -1.506,
						0.273 -7.000 -1.523,
						0.273 -7.400 -1.523,
						0.309 -7.400 -1.550,
						0.309 -7.000 -1.550,
						0.338 -7.000 -1.587,
						0.338 -7.400 -1.587,
						0.356 -7.000 -1.629,
						0.356 -7.400 -1.629,
						0.362 -7.400 -1.674,
						0.362 -7.000 -1.674
					]
				}
				coordIndex
				[
					0, 1, 2, -1,
					2, 1, 3, -1,
					3, 1, 4, -1,
					4, 1, 5, -1,
					4, 5, 6, -1,
					4, 6, 7, -1,
					7, 6, 8, -1,
					7, 8, 9, -1,
					9, 8, 10, -1,
					9, 10, 11, -1,
					11, 10, 12, -1,
					10, 13, 12, -1,
					12, 13, 14, -1,
					12, 14, 15, -1,
					15, 14, 16, -1,
					15, 16, 17, -1,
					17, 16, 18, -1,
					16, 19, 18, -1,
					18, 19, 20, -1,
					18, 20, 21, -1,
					21, 20, 22, -1,
					21, 22, 23, -1,
					23, 22, 24, -1,
					22, 25, 24, -1
				]
				normal Normal
				{
					vector
					[
						1.000 -0.000 -0.000,
						0.966 -0.000 -0.258,
						0.867 -0.000 -0.498,
						0.709 -0.000 -0.705,
						0.503 -0.000 -0.864,
						0.264 -0.000 -0.965,
						0.006 -0.000 -1.000,
						-0.252 -0.000 -0.968,
						-0.493 -0.000 -0.870,
						-0.701 -0.000 -0.713,
						-0.861 -0.000 -0.508,
						-0.963 -0.000 -0.269,
						-1.000 -0.000 -0.012
					]
				}
				normalIndex
				[
					0, 1, 0, -1,
					0, 1, 1, -1,
					1, 1, 2, -1,
					2, 1, 2, -1,
					2, 2, 3, -1,
					2, 3, 3, -1,
					3, 3, 4, -1,
					3, 4, 4, -1,
					4, 4, 5, -1,
					4, 5, 5, -1,
					5, 5, 6, -1,
					5, 6, 6, -1,
					6, 6, 7, -1,
					6, 7, 7, -1,
					7, 7, 8, -1,
					7, 8, 8, -1,
					8, 8, 9, -1,
					8, 9, 9, -1,
					9, 9, 10, -1,
					9, 10, 10, -1,
					10, 10, 11, -1,
					10, 11, 11, -1,
					11, 11, 12, -1,
					11, 12, 12, -1
				]
			}
		}
		Shape
		{
			appearance Appearance
			{
				material Material
				{
					diffuseColor 0.694 0.741 0.788
				}
			}
			geometry IndexedFaceSet
			{
				creaseAngle 0.5
				solid TRUE
				coord Coordinate
				{
					point
					[
						-0.409 -7.400 -6.800,
						-0.409 -7.400 0.000,
						-0.634 -7.371 -6.800,
						-0.634 -7.371 0.000,
						-0.845 -7.287 0.000,
						-0.845 -7.287 -6.800,
						-1.028 -7.153 0.000,
						-1.028 -7.153 -6.800,
						-1.172 -6.977 0.000,
						-1.172 -6.977 -6.800,
						-1.267 -6.771 -6.800,
						-1.267 -6.771 0.000
					]
				}
				coordIndex
				[
					0, 1, 2, -1,
					2, 1, 3, -1,
					2, 3, 4, -1,
					2, 4, 5, -1,
					5, 4, 6, -1,
					5, 6, 7, -1,
					7, 6, 8, -1,
					7, 8, 9, -1,
					9, 8, 10, -1,
					8, 11, 10, -1
				]
				normal Normal
				{
					vector
					[
						-0.000 -1.000 0.000,
						-0.250 -0.968 0.000,
						-0.485 -0.875 0.000,
						-0.688 -0.726 0.000,
						-0.848 -0.530 0.000,
						-0.954 -0.301 0.000
					]
				}
				normalIndex
				[
					0, 0, 1, -1,
					1, 0, 1, -1,
					1, 1, 2, -1,
					1, 2, 2, -1,
					2, 2, 3, -1,
					2, 3, 3, -1,
					3, 3, 4, -1,
					3, 4, 4, -1,
					4, 4, 5, -1,
					4, 5, 5, -1
				]
			}
		}
		Shape
		{
			appearance Appearance
			{
				material Material
				{
					diffuseColor 0.694 0.741 0.788
				}
			}
			geometry IndexedFaceSet
			{
				creaseAngle 0.5
				solid TRUE
				coord Coordinate
				{
					point
					[
						-1.267 -6.771 0.000,
						-1.376 -6.426 0.000,
						-1.267 -6.771 -6.800,
						-1.376 -6.426 -6.800
					]
				}
				coordIndex
				[
					0, 1, 2, -1,
					2, 1, 3, -1
				]
				normal Normal
				{
					vector
					[
						-0.954 -0.301 0.000
					]
				}
				normalIndex
				[
					0, 0, 0, -1,
					0, 0, 0, -1
				]
			}
		}
		Shape
		{
			appearance Appearance
			{
				material Material
				{
					diffuseColor 0.694 0.741 0.788
				}
			}
			geometry IndexedFaceSet
			{
				creaseAngle 0.5
				solid TRUE
				coord Coordinate
				{
					point
					[
						-1.376 -6.426 -6.800,
						-1.376 -6.426 0.000,
						-1.416 -6.329 -6.800,
						-1.416 -6.329 0.000,
						-1.472 -6.241 0.000,
						-1.543 -6.164 0.000,
						-1.543 -6.164 -6.800,
						-1.472 -6.241 -6.800
					]
				}
				coordIndex
				[
					0, 1, 2, -1,
					2, 1, 3, -1,
					2, 3, 4, -1,
					5, 6, 4, -1,
					4, 6, 7, -1,
					4, 7, 2, -1
				]
				normal Normal
				{
					vector
					[
						-0.954 -0.301 -0.000,
						-0.887 -0.462 -0.000,
						-0.793 -0.609 -0.000,
						-0.676 -0.737 -0.000
					]
				}
				normalIndex
				[
					0, 0, 1, -1,
					1, 0, 1, -1,
					1, 1, 2, -1,
					3, 3, 2, -1,
					2, 3, 2, -1,
					2, 2, 1, -1
				]
			}
		}
		Shape
		{
			appearance Appearance
			{
				material Material
				{
					diffuseColor 0.694 0.741 0.788
				}
			}
			geometry IndexedFaceSet
			{
				creaseAngle 0.5
				solid TRUE
				coord Coordinate
				{
					point
					[
						-1.543 -6.164 0.000,
						-2.383 -5.393 0.000,
						-1.543 -6.164 -6.800,
						-2.383 -5.393 -6.800
					]
				}
				coordIndex
				[
					0, 1, 2, -1,
					2, 1, 3, -1
				]
				normal Normal
				{
					vector
					[
						-0.676 -0.737 0.000
					]
				}
				normalIndex
				[
					0, 0, 0, -1,
					0, 0, 0, -1
				]
			}
		}
		Shape
		{
			appearance Appearance
			{
				material Material
				{
					diffuseColor 0.694 0.741 0.788
				}
			}
			geometry IndexedFaceSet
			{
				creaseAngle 0.5
				solid TRUE
				coord Coordinate
				{
					point
					[
						2.675 -6.500 0.000,
						2.644 -6.733 0.000,
						2.675 -6.500 -6.800,
						2.644 -6.733 -6.800,
						2.554 -6.950 -6.800,
						2.554 -6.950 0.000,
						2.411 -7.136 0.000,
						2.411 -7.136 -6.800,
						2.225 -7.279 0.000,
						2.225 -7.279 -6.800,
						2.008 -7.369 0.000,
						2.008 -7.369 -6.800,
						1.775 -7.400 -6.800,
						1.775 -7.400 0.000
					]
				}
				coordIndex
				[
					0, 1, 2, -1,
					2, 1, 3, -1,
					3, 1, 4, -1,
					4, 1, 5, -1,
					4, 5, 6, -1,
					4, 6, 7, -1,
					7, 6, 8, -1,
					7, 8, 9, -1,
					9, 8, 10, -1,
					9, 10, 11, -1,
					11, 10, 12, -1,
					10, 13, 12, -1
				]
				normal Normal
				{
					vector
					[
						1.000 0.000 0.000,
						0.966 -0.259 0.000,
						0.866 -0.500 0.000,
						0.707 -0.707 0.000,
						0.500 -0.866 0.000,
						0.259 -0.966 0.000,
						0.000 -1.000 0.000
					]
				}
				normalIndex
				[
					0, 1, 0, -1,
					0, 1, 1, -1,
					1, 1, 2, -1,
					2, 1, 2, -1,
					2, 2, 3, -1,
					2, 3, 3, -1,
					3, 3, 4, -1,
					3, 4, 4, -1,
					4, 4, 5, -1,
					4, 5, 5, -1,
					5, 5, 6, -1,
					5, 6, 6, -1
				]
			}
		}
		Shape
		{
			appearance Appearance
			{
				material Material
				{
					diffuseColor 0.694 0.741 0.788
				}
			}
			geometry IndexedFaceSet
			{
				creaseAngle 0.5
				solid TRUE
				coord Coordinate
				{
					point
					[
						0.010 7.000 -5.400,
						0.020 7.000 -5.478,
						0.010 7.400 -5.400,
						0.020 7.400 -5.478,
						0.050 7.400 -5.550,
						0.050 7.000 -5.550,
						0.098 7.000 -5.612,
						0.098 7.400 -5.612,
						0.160 7.000 -5.660,
						0.160 7.400 -5.660,
						0.232 7.000 -5.690,
						0.232 7.400 -5.690,
						0.310 7.400 -5.700,
						0.310 7.000 -5.700
					]
				}
				coordIndex
				[
					0, 1, 2, -1,
					2, 1, 3, -1,
					3, 1, 4, -1,
					4, 1, 5, -1,
					4, 5, 6, -1,
					4, 6, 7, -1,
					7, 6, 8, -1,
					7, 8, 9, -1,
					9, 8, 10, -1,
					9, 10, 11, -1,
					11, 10, 12, -1,
					10, 13, 12, -1
				]
				normal Normal
				{
					vector
					[
						1.000 -0.000 -0.000,
						0.966 -0.000 0.259,
						0.866 -0.000 0.500,
						0.707 -0.000 0.707,
						0.500 -0.000 0.866,
						0.259 -0.000 0.966,
						-0.000 -0.000 1.000
					]
				}
				normalIndex
				[
					0, 1, 0, -1,
					0, 1, 1, -1,
					1, 1, 2, -1,
					2, 1, 2, -1,
					2, 2, 3, -1,
					2, 3, 3, -1,
					3, 3, 4, -1,
					3, 4, 4, -1,
					4, 4, 5, -1,
					4, 5, 5, -1,
					5, 5, 6, -1,
					5, 6, 6, -1
				]
			}
		}
		Shape
		{
			appearance Appearance
			{
				material Material
				{
					diffuseColor 0.694 0.741 0.788
				}
			}
			geometry IndexedFaceSet
			{
				creaseAngle 0.5
				solid TRUE
				coord Coordinate
				{
					point
					[
						1.110 7.000 -5.700,
						1.188 7.000 -5.690,
						1.110 7.400 -5.700,
						1.188 7.400 -5.690,
						1.260 7.400 -5.660,
						1.260 7.000 -5.660,
						1.322 7.000 -5.612,
						1.322 7.400 -5.612,
						1.370 7.000 -5.550,
						1.370 7.400 -5.550,
						1.400 7.000 -5.478,
						1.400 7.400 -5.478,
						1.410 7.400 -5.400,
						1.410 7.000 -5.400
					]
				}
				coordIndex
				[
					0, 1, 2, -1,
					2, 1, 3, -1,
					3, 1, 4, -1,
					4, 1, 5, -1,
					4, 5, 6, -1,
					4, 6, 7, -1,
					7, 6, 8, -1,
					7, 8, 9, -1,
					9, 8, 10, -1,
					9, 10, 11, -1,
					11, 10, 12, -1,
					10, 13, 12, -1
				]
				normal Normal
				{
					vector
					[
						-0.000 -0.000 1.000,
						-0.259 -0.000 0.966,
						-0.500 -0.000 0.866,
						-0.707 -0.000 0.707,
						-0.866 -0.000 0.500,
						-0.966 -0.000 0.259,
						-1.000 -0.000 -0.000
					]
				}
				normalIndex
				[
					0, 1, 0, -1,
					0, 1, 1, -1,
					1, 1, 2, -1,
					2, 1, 2, -1,
					2, 2, 3, -1,
					2, 3, 3, -1,
					3, 3, 4, -1,
					3, 4, 4, -1,
					4, 4, 5, -1,
					4, 5, 5, -1,
					5, 5, 6, -1,
					5, 6, 6, -1
				]
			}
		}
		Shape
		{
			appearance Appearance
			{
				material Material
				{
					diffuseColor 0.694 0.741 0.788
				}
			}
			geometry IndexedFaceSet
			{
				creaseAngle 0.5
				solid TRUE
				coord Coordinate
				{
					point
					[
						0.388 7.400 -3.871,
						1.032 7.400 -3.871,
						0.389 7.385 -4.014,
						1.031 7.385 -4.014,
						1.029 7.342 -4.150,
						0.391 7.342 -4.150
					]
				}
				coordIndex
				[
					0, 1, 2, -1,
					2, 1, 3, -1,
					2, 3, 4, -1,
					4, 5, 2, -1
				]
				normal Normal
				{
					vector
					[
						0.000 1.000 0.000,
						0.000 0.979 -0.204,
						0.000 0.917 -0.400
					]
				}
				normalIndex
				[
					0, 0, 1, -1,
					1, 0, 1, -1,
					1, 1, 2, -1,
					2, 2, 1, -1
				]
			}
		}
		Shape
		{
			appearance Appearance
			{
				material Material
				{
					diffuseColor 0.694 0.741 0.788
				}
			}
			geometry IndexedFaceSet
			{
				creaseAngle 0.5
				solid TRUE
				coord Coordinate
				{
					point
					[
						1.775 -7.000 -6.800,
						1.775 -7.000 -0.100,
						1.904 -6.983 -6.800,
						1.904 -6.983 -0.100,
						2.025 -6.933 -0.100,
						2.025 -6.933 -6.800,
						2.129 -6.854 -0.100,
						2.129 -6.854 -6.800,
						2.208 -6.750 -0.100,
						2.208 -6.750 -6.800,
						2.258 -6.629 -6.800,
						2.258 -6.629 -0.100,
						2.275 -6.500 -0.100,
						2.275 -6.500 -6.800
					]
				}
				coordIndex
				[
					0, 1, 2, -1,
					2, 1, 3, -1,
					2, 3, 4, -1,
					2, 4, 5, -1,
					5, 4, 6, -1,
					5, 6, 7, -1,
					7, 6, 8, -1,
					7, 8, 9, -1,
					9, 8, 10, -1,
					8, 11, 10, -1,
					10, 11, 12, -1,
					10, 12, 13, -1
				]
				normal Normal
				{
					vector
					[
						-0.000 1.000 -0.000,
						-0.259 0.966 -0.000,
						-0.500 0.866 -0.000,
						-0.707 0.707 -0.000,
						-0.866 0.500 -0.000,
						-0.966 0.259 -0.000,
						-1.000 -0.000 -0.000
					]
				}
				normalIndex
				[
					0, 0, 1, -1,
					1, 0, 1, -1,
					1, 1, 2, -1,
					1, 2, 2, -1,
					2, 2, 3, -1,
					2, 3, 3, -1,
					3, 3, 4, -1,
					3, 4, 4, -1,
					4, 4, 5, -1,
					4, 5, 5, -1,
					5, 5, 6, -1,
					5, 6, 6, -1
				]
			}
		}
		Shape
		{
			appearance Appearance
			{
				material Material
				{
					diffuseColor 0.694 0.741 0.788
				}
			}
			geometry IndexedFaceSet
			{
				creaseAngle 0.5
				solid TRUE
				coord Coordinate
				{
					point
					[
						-2.275 -0.500 -6.800,
						-2.675 -0.500 -6.800,
						-2.275 -0.500 -7.100,
						-2.675 -0.500 -7.100
					]
				}
				coordIndex
				[
					0, 1, 2, -1,
					2, 1, 3, -1
				]
				normal Normal
				{
					vector
					[
						0.000 -1.000 -0.000
					]
				}
				normalIndex
				[
					0, 0, 0, -1,
					0, 0, 0, -1
				]
			}
		}
		Shape
		{
			appearance Appearance
			{
				material Material
				{
					diffuseColor 0.694 0.741 0.788
				}
			}
			geometry IndexedFaceSet
			{
				creaseAngle 0.5
				solid TRUE
				coord Coordinate
				{
					point
					[
						-2.292 2.073 -1.372,
						-2.628 2.063 -1.586,
						-1.989 2.052 -1.849,
						-2.325 2.042 -2.063,
						-1.929 2.046 -1.972,
						-2.305 2.041 -2.104,
						-1.901 2.041 -2.088,
						-2.295 2.039 -2.142,
						-1.896 2.036 -2.198,
						-2.294 2.037 -2.179,
						-2.299 2.036 -2.215,
						-1.910 2.032 -2.304,
						-2.310 2.034 -2.249,
						-1.943 2.027 -2.406,
						-2.327 2.033 -2.281,
						-1.996 2.023 -2.503,
						-2.353 2.031 -2.312,
						-2.072 2.019 -2.595,
						-2.389 2.030 -2.340,
						-2.180 2.015 -2.680,
						-2.454 2.028 -2.387,
						-2.202 2.015 -2.695,
						-2.510 2.026 -2.440,
						-2.221 2.014 -2.713,
						-2.597 2.021 -2.558,
						-2.250 2.012 -2.752,
						-2.653 2.015 -2.694,
						-2.268 2.010 -2.798,
						-2.668 2.011 -2.769,
						-2.273 2.009 -2.823,
						-2.673 2.008 -2.850,
						-2.275 2.008 -2.850,
						-2.275 1.869 -6.004,
						-2.675 2.008 -2.850,
						-2.675 1.869 -6.004
					]
				}
				coordIndex
				[
					0, 1, 2, -1,
					2, 1, 3, -1,
					2, 3, 4, -1,
					4, 3, 5, -1,
					4, 5, 6, -1,
					6, 5, 7, -1,
					6, 7, 8, -1,
					8, 7, 9, -1,
					8, 9, 10, -1,
					8, 10, 11, -1,
					11, 10, 12, -1,
					11, 12, 13, -1,
					13, 12, 14, -1,
					13, 14, 15, -1,
					15, 14, 16, -1,
					15, 16, 17, -1,
					17, 16, 18, -1,
					17, 18, 19, -1,
					19, 18, 20, -1,
					19, 20, 21, -1,
					21, 20, 22, -1,
					21, 22, 23, -1,
					23, 22, 24, -1,
					23, 24, 25, -1,
					25, 24, 26, -1,
					25, 26, 27, -1,
					27, 26, 28, -1,
					27, 28, 29, -1,
					29, 28, 30, -1,
					29, 30, 31, -1,
					31, 30, 32, -1,
					33, 34, 30, -1,
					30, 34, 32, -1
				]
				normal Normal
				{
					vector
					[
						-0.000 -0.999 0.044
					]
				}
				normalIndex
				[
					0, 0, 0, -1,
					0, 0, 0, -1,
					0, 0, 0, -1,
					0, 0, 0, -1,
					0, 0, 0, -1,
					0, 0, 0, -1,
					0, 0, 0, -1,
					0, 0, 0, -1,
					0, 0, 0, -1,
					0, 0, 0, -1,
					0, 0, 0, -1,
					0, 0, 0, -1,
					0, 0, 0, -1,
					0, 0, 0, -1,
					0, 0, 0, -1,
					0, 0, 0, -1,
					0, 0, 0, -1,
					0, 0, 0, -1,
					0, 0, 0, -1,
					0, 0, 0, -1,
					0, 0, 0, -1,
					0, 0, 0, -1,
					0, 0, 0, -1,
					0, 0, 0, -1,
					0, 0, 0, -1,
					0, 0, 0, -1,
					0, 0, 0, -1,
					0, 0, 0, -1,
					0, 0, 0, -1,
					0, 0, 0, -1,
					0, 0, 0, -1,
					0, 0, 0, -1,
					0, 0, 0, -1
				]
			}
		}
		Shape
		{
			appearance Appearance
			{
				material Material
				{
					diffuseColor 0.694 0.741 0.788
				}
			}
			geometry IndexedFaceSet
			{
				creaseAngle 0.5
				solid TRUE
				coord Coordinate
				{
					point
					[
						-2.292 2.073 -1.372,
						-2.315 2.079 -1.336,
						-2.628 2.063 -1.586,
						-2.651 2.070 -1.550,
						-2.670 2.083 -1.519,
						-2.334 2.093 -1.305,
						-2.351 2.111 -1.279,
						-2.365 2.134 -1.257,
						-2.701 2.125 -1.471,
						-2.687 2.102 -1.493,
						-2.377 2.161 -1.239,
						-2.713 2.152 -1.453,
						-2.722 2.183 -1.438,
						-2.386 2.193 -1.224,
						-2.392 2.229 -1.214,
						-2.395 2.273 -1.210,
						-2.731 2.263 -1.424,
						-2.729 2.220 -1.428
					]
				}
				coordIndex
				[
					0, 1, 2, -1,
					2, 1, 3, -1,
					3, 1, 4, -1,
					4, 1, 5, -1,
					4, 5, 6, -1,
					7, 8, 6, -1,
					6, 8, 9, -1,
					6, 9, 4, -1,
					7, 10, 8, -1,
					8, 10, 11, -1,
					11, 10, 12, -1,
					12, 10, 13, -1,
					12, 13, 14, -1,
					15, 16, 14, -1,
					14, 16, 17, -1,
					14, 17, 12, -1
				]
				normal Normal
				{
					vector
					[
						-0.000 -0.999 0.044,
						-0.117 -0.967 0.226,
						-0.215 -0.900 0.378,
						-0.300 -0.808 0.507,
						-0.373 -0.694 0.616,
						-0.434 -0.558 0.707,
						-0.484 -0.401 0.778,
						-0.520 -0.218 0.826,
						-0.537 0.000 0.844
					]
				}
				normalIndex
				[
					0, 1, 0, -1,
					0, 1, 1, -1,
					1, 1, 2, -1,
					2, 1, 2, -1,
					2, 2, 3, -1,
					4, 4, 3, -1,
					3, 4, 3, -1,
					3, 3, 2, -1,
					4, 5, 4, -1,
					4, 5, 5, -1,
					5, 5, 6, -1,
					6, 5, 6, -1,
					6, 6, 7, -1,
					8, 8, 7, -1,
					7, 8, 7, -1,
					7, 7, 6, -1
				]
			}
		}
		Shape
		{
			appearance Appearance
			{
				material Material
				{
					diffuseColor 0.694 0.741 0.788
				}
			}
			geometry IndexedFaceSet
			{
				creaseAngle 0.5
				solid TRUE
				coord Coordinate
				{
					point
					[
						-2.729 2.220 -1.428,
						-2.731 2.263 -1.424,
						-2.628 2.063 -1.586,
						-2.731 2.737 -1.424,
						-2.628 2.937 -1.586,
						-2.729 2.780 -1.428,
						-2.722 2.817 -1.438,
						-2.713 2.848 -1.453,
						-2.701 2.875 -1.471,
						-2.687 2.898 -1.493,
						-2.670 2.917 -1.519,
						-2.651 2.930 -1.550,
						-2.325 2.958 -2.063,
						-2.325 2.042 -2.063,
						-2.651 2.070 -1.550,
						-2.670 2.083 -1.519,
						-2.687 2.102 -1.493,
						-2.701 2.125 -1.471,
						-2.713 2.152 -1.453,
						-2.722 2.183 -1.438
					]
				}
				coordIndex
				[
					0, 1, 2, -1,
					2, 1, 3, -1,
					2, 3, 4, -1,
					4, 3, 5, -1,
					4, 5, 6, -1,
					6, 7, 4, -1,
					4, 7, 8, -1,
					4, 8, 9, -1,
					9, 10, 4, -1,
					4, 10, 11, -1,
					12, 13, 4, -1,
					4, 13, 2, -1,
					14, 15, 2, -1,
					2, 15, 16, -1,
					2, 16, 17, -1,
					17, 18, 2, -1,
					2, 18, 19, -1,
					2, 19, 0, -1
				]
				normal Normal
				{
					vector
					[
						-0.844 0.000 -0.537
					]
				}
				normalIndex
				[
					0, 0, 0, -1,
					0, 0, 0, -1,
					0, 0, 0, -1,
					0, 0, 0, -1,
					0, 0, 0, -1,
					0, 0, 0, -1,
					0, 0, 0, -1,
					0, 0, 0, -1,
					0, 0, 0, -1,
					0, 0, 0, -1,
					0, 0, 0, -1,
					0, 0, 0, -1,
					0, 0, 0, -1,
					0, 0, 0, -1,
					0, 0, 0, -1,
					0, 0, 0, -1,
					0, 0, 0, -1,
					0, 0, 0, -1
				]
			}
		}
		Shape
		{
			appearance Appearance
			{
				material Material
				{
					diffuseColor 0.694 0.741 0.788
				}
			}
			geometry IndexedFaceSet
			{
				creaseAngle 0.5
				solid TRUE
				coord Coordinate
				{
					point
					[
						-2.325 2.958 -2.063,
						-2.305 2.959 -2.104,
						-2.325 2.042 -2.063,
						-2.305 2.041 -2.104,
						-2.295 2.039 -2.142,
						-2.295 2.961 -2.142,
						-2.294 2.963 -2.179,
						-2.299 2.964 -2.215,
						-2.299 2.036 -2.215,
						-2.294 2.037 -2.179,
						-2.310 2.966 -2.249,
						-2.310 2.034 -2.249,
						-2.327 2.033 -2.281,
						-2.327 2.967 -2.281,
						-2.353 2.969 -2.312,
						-2.389 2.970 -2.340,
						-2.389 2.030 -2.340,
						-2.353 2.031 -2.312
					]
				}
				coordIndex
				[
					0, 1, 2, -1,
					2, 1, 3, -1,
					3, 1, 4, -1,
					4, 1, 5, -1,
					4, 5, 6, -1,
					7, 8, 6, -1,
					6, 8, 9, -1,
					6, 9, 4, -1,
					7, 10, 8, -1,
					8, 10, 11, -1,
					11, 10, 12, -1,
					12, 10, 13, -1,
					12, 13, 14, -1,
					15, 16, 14, -1,
					14, 16, 17, -1,
					14, 17, 12, -1
				]
				normal Normal
				{
					vector
					[
						-0.844 -0.000 -0.537,
						-0.944 -0.000 -0.331,
						-0.990 -0.000 -0.138,
						-0.999 -0.000 0.047,
						-0.975 -0.000 0.224,
						-0.919 -0.000 0.394,
						-0.831 -0.000 0.557,
						-0.704 -0.000 0.710,
						-0.524 -0.000 0.852
					]
				}
				normalIndex
				[
					0, 1, 0, -1,
					0, 1, 1, -1,
					1, 1, 2, -1,
					2, 1, 2, -1,
					2, 2, 3, -1,
					4, 4, 3, -1,
					3, 4, 3, -1,
					3, 3, 2, -1,
					4, 5, 4, -1,
					4, 5, 5, -1,
					5, 5, 6, -1,
					6, 5, 6, -1,
					6, 6, 7, -1,
					8, 8, 7, -1,
					7, 8, 7, -1,
					7, 7, 6, -1
				]
			}
		}
		Shape
		{
			appearance Appearance
			{
				material Material
				{
					diffuseColor 0.694 0.741 0.788
				}
			}
			geometry IndexedFaceSet
			{
				creaseAngle 0.5
				solid TRUE
				coord Coordinate
				{
					point
					[
						-2.389 2.030 -2.340,
						-2.389 2.970 -2.340,
						-2.454 2.028 -2.387,
						-2.454 2.972 -2.387,
						-2.510 2.026 -2.440,
						-2.510 2.974 -2.440,
						-2.597 2.979 -2.558,
						-2.597 2.021 -2.558,
						-2.653 2.985 -2.694,
						-2.653 2.015 -2.694,
						-2.668 2.011 -2.769,
						-2.668 2.989 -2.769,
						-2.673 2.008 -2.850,
						-2.673 2.992 -2.850
					]
				}
				coordIndex
				[
					0, 1, 2, -1,
					2, 1, 3, -1,
					2, 3, 4, -1,
					4, 3, 5, -1,
					4, 5, 6, -1,
					4, 6, 7, -1,
					7, 6, 8, -1,
					7, 8, 9, -1,
					9, 8, 10, -1,
					8, 11, 10, -1,
					10, 11, 12, -1,
					11, 13, 12, -1
				]
				normal Normal
				{
					vector
					[
						-0.524 0.000 0.852,
						-0.634 0.000 0.773,
						-0.728 0.000 0.686,
						-0.873 0.000 0.488,
						-0.966 0.000 0.260,
						-0.991 0.000 0.135,
						-1.000 0.000 0.000
					]
				}
				normalIndex
				[
					0, 0, 1, -1,
					1, 0, 1, -1,
					1, 1, 2, -1,
					2, 1, 2, -1,
					2, 2, 3, -1,
					2, 3, 3, -1,
					3, 3, 4, -1,
					3, 4, 4, -1,
					4, 4, 5, -1,
					4, 5, 5, -1,
					5, 5, 6, -1,
					5, 6, 6, -1
				]
			}
		}
		Shape
		{
			appearance Appearance
			{
				material Material
				{
					diffuseColor 0.694 0.741 0.788
				}
			}
			geometry IndexedFaceSet
			{
				creaseAngle 0.5
				solid TRUE
				coord Coordinate
				{
					point
					[
						-2.675 2.992 -2.850,
						-2.675 2.008 -2.850,
						-2.673 2.992 -2.850,
						-2.673 2.008 -2.850
					]
				}
				coordIndex
				[
					0, 1, 2, -1,
					2, 1, 3, -1
				]
				normal Normal
				{
					vector
					[
						-0.000 -0.000 1.000
					]
				}
				normalIndex
				[
					0, 0, 0, -1,
					0, 0, 0, -1
				]
			}
		}
		Shape
		{
			appearance Appearance
			{
				material Material
				{
					diffuseColor 0.694 0.741 0.788
				}
			}
			geometry IndexedFaceSet
			{
				creaseAngle 0.5
				solid TRUE
				coord Coordinate
				{
					point
					[
						-2.292 2.927 -1.372,
						-1.989 2.948 -1.849,
						-2.628 2.937 -1.586,
						-2.325 2.958 -2.063,
						-1.929 2.954 -1.972,
						-2.305 2.959 -2.104,
						-1.901 2.959 -2.088,
						-2.295 2.961 -2.142,
						-1.896 2.964 -2.198,
						-2.294 2.963 -2.179,
						-2.299 2.964 -2.215,
						-1.910 2.968 -2.304,
						-2.310 2.966 -2.249,
						-1.943 2.973 -2.406,
						-2.327 2.967 -2.281,
						-1.996 2.977 -2.503,
						-2.353 2.969 -2.312,
						-2.072 2.981 -2.595,
						-2.389 2.970 -2.340,
						-2.180 2.985 -2.680,
						-2.454 2.972 -2.387,
						-2.202 2.985 -2.695,
						-2.510 2.974 -2.440,
						-2.221 2.986 -2.713,
						-2.597 2.979 -2.558,
						-2.250 2.988 -2.752,
						-2.653 2.985 -2.694,
						-2.268 2.990 -2.798,
						-2.668 2.989 -2.769,
						-2.273 2.991 -2.823,
						-2.673 2.992 -2.850,
						-2.275 2.992 -2.850,
						-2.275 3.131 -6.004,
						-2.675 3.131 -6.004,
						-2.675 2.992 -2.850
					]
				}
				coordIndex
				[
					0, 1, 2, -1,
					2, 1, 3, -1,
					1, 4, 3, -1,
					3, 4, 5, -1,
					4, 6, 5, -1,
					5, 6, 7, -1,
					6, 8, 7, -1,
					7, 8, 9, -1,
					9, 8, 10, -1,
					10, 8, 11, -1,
					10, 11, 12, -1,
					12, 11, 13, -1,
					12, 13, 14, -1,
					14, 13, 15, -1,
					14, 15, 16, -1,
					16, 15, 17, -1,
					16, 17, 18, -1,
					18, 17, 19, -1,
					18, 19, 20, -1,
					20, 19, 21, -1,
					20, 21, 22, -1,
					22, 21, 23, -1,
					22, 23, 24, -1,
					24, 23, 25, -1,
					24, 25, 26, -1,
					26, 25, 27, -1,
					26, 27, 28, -1,
					28, 27, 29, -1,
					28, 29, 30, -1,
					30, 29, 31, -1,
					30, 31, 32, -1,
					32, 33, 30, -1,
					30, 33, 34, -1
				]
				normal Normal
				{
					vector
					[
						-0.000 0.999 0.044
					]
				}
				normalIndex
				[
					0, 0, 0, -1,
					0, 0, 0, -1,
					0, 0, 0, -1,
					0, 0, 0, -1,
					0, 0, 0, -1,
					0, 0, 0, -1,
					0, 0, 0, -1,
					0, 0, 0, -1,
					0, 0, 0, -1,
					0, 0, 0, -1,
					0, 0, 0, -1,
					0, 0, 0, -1,
					0, 0, 0, -1,
					0, 0, 0, -1,
					0, 0, 0, -1,
					0, 0, 0, -1,
					0, 0, 0, -1,
					0, 0, 0, -1,
					0, 0, 0, -1,
					0, 0, 0, -1,
					0, 0, 0, -1,
					0, 0, 0, -1,
					0, 0, 0, -1,
					0, 0, 0, -1,
					0, 0, 0, -1,
					0, 0, 0, -1,
					0, 0, 0, -1,
					0, 0, 0, -1,
					0, 0, 0, -1,
					0, 0, 0, -1,
					0, 0, 0, -1,
					0, 0, 0, -1,
					0, 0, 0, -1
				]
			}
		}
		Shape
		{
			appearance Appearance
			{
				material Material
				{
					diffuseColor 0.694 0.741 0.788
				}
			}
			geometry IndexedFaceSet
			{
				creaseAngle 0.5
				solid TRUE
				coord Coordinate
				{
					point
					[
						-2.628 2.937 -1.586,
						-2.651 2.930 -1.550,
						-2.292 2.927 -1.372,
						-2.315 2.921 -1.336,
						-2.334 2.907 -1.305,
						-2.670 2.917 -1.519,
						-2.687 2.898 -1.493,
						-2.701 2.875 -1.471,
						-2.365 2.866 -1.257,
						-2.351 2.889 -1.279,
						-2.713 2.848 -1.453,
						-2.377 2.839 -1.239,
						-2.386 2.807 -1.224,
						-2.722 2.817 -1.438,
						-2.729 2.780 -1.428,
						-2.731 2.737 -1.424,
						-2.395 2.727 -1.210,
						-2.392 2.771 -1.214
					]
				}
				coordIndex
				[
					0, 1, 2, -1,
					2, 1, 3, -1,
					3, 1, 4, -1,
					4, 1, 5, -1,
					4, 5, 6, -1,
					7, 8, 6, -1,
					6, 8, 9, -1,
					6, 9, 4, -1,
					7, 10, 8, -1,
					8, 10, 11, -1,
					11, 10, 12, -1,
					12, 10, 13, -1,
					12, 13, 14, -1,
					15, 16, 14, -1,
					14, 16, 17, -1,
					14, 17, 12, -1
				]
				normal Normal
				{
					vector
					[
						0.000 0.999 0.044,
						-0.117 0.967 0.226,
						-0.000 0.999 0.044,
						-0.215 0.900 0.378,
						-0.300 0.808 0.507,
						-0.373 0.694 0.616,
						-0.434 0.558 0.707,
						-0.484 0.401 0.778,
						-0.520 0.218 0.826,
						-0.537 0.000 0.844
					]
				}
				normalIndex
				[
					0, 1, 2, -1,
					2, 1, 1, -1,
					1, 1, 3, -1,
					3, 1, 3, -1,
					3, 3, 4, -1,
					5, 5, 4, -1,
					4, 5, 4, -1,
					4, 4, 3, -1,
					5, 6, 5, -1,
					5, 6, 6, -1,
					6, 6, 7, -1,
					7, 6, 7, -1,
					7, 7, 8, -1,
					9, 9, 8, -1,
					8, 9, 8, -1,
					8, 8, 7, -1
				]
			}
		}
		Shape
		{
			appearance Appearance
			{
				material Material
				{
					diffuseColor 0.694 0.741 0.788
				}
			}
			geometry IndexedFaceSet
			{
				creaseAngle 0.5
				solid TRUE
				coord Coordinate
				{
					point
					[
						-1.989 2.052 -1.849,
						-1.989 2.948 -1.849,
						-2.292 2.073 -1.372,
						-2.292 2.927 -1.372,
						-2.395 2.273 -1.210,
						-2.395 2.727 -1.210,
						-2.315 2.921 -1.336,
						-2.334 2.907 -1.305,
						-2.351 2.889 -1.279,
						-2.365 2.866 -1.257,
						-2.377 2.839 -1.239,
						-2.386 2.807 -1.224,
						-2.392 2.771 -1.214,
						-2.392 2.229 -1.214,
						-2.386 2.193 -1.224,
						-2.377 2.161 -1.239,
						-2.365 2.134 -1.257,
						-2.351 2.111 -1.279,
						-2.334 2.093 -1.305,
						-2.315 2.079 -1.336
					]
				}
				coordIndex
				[
					0, 1, 2, -1,
					2, 1, 3, -1,
					2, 3, 4, -1,
					4, 3, 5, -1,
					6, 7, 3, -1,
					3, 7, 8, -1,
					3, 8, 9, -1,
					9, 10, 3, -1,
					3, 10, 11, -1,
					3, 11, 12, -1,
					12, 5, 3, -1,
					4, 13, 2, -1,
					2, 13, 14, -1,
					2, 14, 15, -1,
					15, 16, 2, -1,
					2, 16, 17, -1,
					2, 17, 18, -1,
					18, 19, 2, -1
				]
				normal Normal
				{
					vector
					[
						0.844 0.000 0.537
					]
				}
				normalIndex
				[
					0, 0, 0, -1,
					0, 0, 0, -1,
					0, 0, 0, -1,
					0, 0, 0, -1,
					0, 0, 0, -1,
					0, 0, 0, -1,
					0, 0, 0, -1,
					0, 0, 0, -1,
					0, 0, 0, -1,
					0, 0, 0, -1,
					0, 0, 0, -1,
					0, 0, 0, -1,
					0, 0, 0, -1,
					0, 0, 0, -1,
					0, 0, 0, -1,
					0, 0, 0, -1,
					0, 0, 0, -1,
					0, 0, 0, -1
				]
			}
		}
		Shape
		{
			appearance Appearance
			{
				material Material
				{
					diffuseColor 0.694 0.741 0.788
				}
			}
			geometry IndexedFaceSet
			{
				creaseAngle 0.5
				solid TRUE
				coord Coordinate
				{
					point
					[
						-2.395 2.273 -1.210,
						-2.395 2.727 -1.210,
						-2.731 2.263 -1.424,
						-2.731 2.737 -1.424
					]
				}
				coordIndex
				[
					0, 1, 2, -1,
					2, 1, 3, -1
				]
				normal Normal
				{
					vector
					[
						-0.537 0.000 0.844
					]
				}
				normalIndex
				[
					0, 0, 0, -1,
					0, 0, 0, -1
				]
			}
		}
		Shape
		{
			appearance Appearance
			{
				material Material
				{
					diffuseColor 0.694 0.741 0.788
				}
			}
			geometry IndexedFaceSet
			{
				creaseAngle 0.5
				solid TRUE
				coord Coordinate
				{
					point
					[
						-2.180 2.015 -2.680,
						-2.180 2.985 -2.680,
						-2.072 2.019 -2.595,
						-2.072 2.981 -2.595,
						-1.996 2.977 -2.503,
						-1.943 2.973 -2.406,
						-1.943 2.027 -2.406,
						-1.996 2.023 -2.503,
						-1.910 2.968 -2.304,
						-1.910 2.032 -2.304,
						-1.896 2.036 -2.198,
						-1.896 2.964 -2.198,
						-1.901 2.959 -2.088,
						-1.929 2.954 -1.972,
						-1.929 2.046 -1.972,
						-1.901 2.041 -2.088,
						-1.989 2.948 -1.849,
						-1.989 2.052 -1.849
					]
				}
				coordIndex
				[
					0, 1, 2, -1,
					2, 1, 3, -1,
					2, 3, 4, -1,
					5, 6, 4, -1,
					4, 6, 7, -1,
					4, 7, 2, -1,
					5, 8, 6, -1,
					6, 8, 9, -1,
					9, 8, 10, -1,
					10, 8, 11, -1,
					10, 11, 12, -1,
					13, 14, 12, -1,
					12, 14, 15, -1,
					12, 15, 10, -1,
					13, 16, 14, -1,
					14, 16, 17, -1
				]
				normal Normal
				{
					vector
					[
						0.524 0.000 -0.852,
						0.704 0.000 -0.710,
						0.831 0.000 -0.557,
						0.919 0.000 -0.394,
						0.975 0.000 -0.224,
						0.999 0.000 -0.047,
						0.990 0.000 0.138,
						0.944 0.000 0.331,
						0.844 0.000 0.537
					]
				}
				normalIndex
				[
					0, 0, 1, -1,
					1, 0, 1, -1,
					1, 1, 2, -1,
					3, 3, 2, -1,
					2, 3, 2, -1,
					2, 2, 1, -1,
					3, 4, 3, -1,
					3, 4, 4, -1,
					4, 4, 5, -1,
					5, 4, 5, -1,
					5, 5, 6, -1,
					7, 7, 6, -1,
					6, 7, 6, -1,
					6, 6, 5, -1,
					7, 8, 7, -1,
					7, 8, 8, -1
				]
			}
		}
		Shape
		{
			appearance Appearance
			{
				material Material
				{
					diffuseColor 0.694 0.741 0.788
				}
			}
			geometry IndexedFaceSet
			{
				creaseAngle 0.5
				solid TRUE
				coord Coordinate
				{
					point
					[
						-2.275 2.008 -2.850,
						-2.275 2.992 -2.850,
						-2.273 2.009 -2.823,
						-2.273 2.991 -2.823,
						-2.268 2.010 -2.798,
						-2.268 2.990 -2.798,
						-2.250 2.988 -2.752,
						-2.250 2.012 -2.752,
						-2.221 2.986 -2.713,
						-2.221 2.014 -2.713,
						-2.202 2.015 -2.695,
						-2.202 2.985 -2.695,
						-2.180 2.015 -2.680,
						-2.180 2.985 -2.680
					]
				}
				coordIndex
				[
					0, 1, 2, -1,
					2, 1, 3, -1,
					2, 3, 4, -1,
					4, 3, 5, -1,
					4, 5, 6, -1,
					4, 6, 7, -1,
					7, 6, 8, -1,
					7, 8, 9, -1,
					9, 8, 10, -1,
					8, 11, 10, -1,
					10, 11, 12, -1,
					11, 13, 12, -1
				]
				normal Normal
				{
					vector
					[
						1.000 -0.000 -0.000,
						0.991 -0.000 -0.135,
						0.966 -0.000 -0.260,
						0.873 -0.000 -0.488,
						0.728 -0.000 -0.686,
						0.634 -0.000 -0.773,
						0.524 -0.000 -0.852
					]
				}
				normalIndex
				[
					0, 0, 1, -1,
					1, 0, 1, -1,
					1, 1, 2, -1,
					2, 1, 2, -1,
					2, 2, 3, -1,
					2, 3, 3, -1,
					3, 3, 4, -1,
					3, 4, 4, -1,
					4, 4, 5, -1,
					4, 5, 5, -1,
					5, 5, 6, -1,
					5, 6, 6, -1
				]
			}
		}
		Shape
		{
			appearance Appearance
			{
				material Material
				{
					diffuseColor 0.694 0.741 0.788
				}
			}
			geometry IndexedFaceSet
			{
				creaseAngle 0.5
				solid TRUE
				coord Coordinate
				{
					point
					[
						-2.275 3.131 -6.004,
						-2.275 3.141 -6.057,
						-2.675 3.131 -6.004,
						-2.675 3.141 -6.057,
						-2.675 3.163 -6.105,
						-2.275 3.163 -6.105,
						-2.275 3.198 -6.146,
						-2.675 3.198 -6.146,
						-2.275 3.242 -6.177,
						-2.675 3.242 -6.177,
						-2.275 3.292 -6.195,
						-2.675 3.292 -6.195,
						-2.675 3.345 -6.200,
						-2.275 3.345 -6.200,
						-2.275 3.398 -6.190,
						-2.675 3.398 -6.190,
						-2.275 3.446 -6.168,
						-2.675 3.446 -6.168,
						-2.675 3.487 -6.133,
						-2.275 3.487 -6.133,
						-2.275 3.518 -6.090,
						-2.675 3.518 -6.090,
						-2.275 3.536 -6.039,
						-2.675 3.536 -6.039,
						-2.675 3.541 -5.986,
						-2.275 3.541 -5.986
					]
				}
				coordIndex
				[
					0, 1, 2, -1,
					2, 1, 3, -1,
					3, 1, 4, -1,
					4, 1, 5, -1,
					4, 5, 6, -1,
					4, 6, 7, -1,
					7, 6, 8, -1,
					7, 8, 9, -1,
					9, 8, 10, -1,
					9, 10, 11, -1,
					11, 10, 12, -1,
					10, 13, 12, -1,
					12, 13, 14, -1,
					12, 14, 15, -1,
					15, 14, 16, -1,
					15, 16, 17, -1,
					17, 16, 18, -1,
					16, 19, 18, -1,
					18, 19, 20, -1,
					18, 20, 21, -1,
					21, 20, 22, -1,
					21, 22, 23, -1,
					23, 22, 24, -1,
					22, 25, 24, -1
				]
				normal Normal
				{
					vector
					[
						-0.000 0.999 0.044,
						-0.000 0.954 0.301,
						-0.000 0.843 0.538,
						-0.000 0.675 0.738,
						-0.000 0.461 0.887,
						-0.000 0.216 0.976,
						-0.000 -0.044 0.999,
						-0.000 -0.301 0.954,
						-0.000 -0.538 0.843,
						-0.000 -0.738 0.675,
						-0.000 -0.887 0.461,
						-0.000 -0.976 0.216,
						-0.000 -0.999 -0.044
					]
				}
				normalIndex
				[
					0, 1, 0, -1,
					0, 1, 1, -1,
					1, 1, 2, -1,
					2, 1, 2, -1,
					2, 2, 3, -1,
					2, 3, 3, -1,
					3, 3, 4, -1,
					3, 4, 4, -1,
					4, 4, 5, -1,
					4, 5, 5, -1,
					5, 5, 6, -1,
					5, 6, 6, -1,
					6, 6, 7, -1,
					6, 7, 7, -1,
					7, 7, 8, -1,
					7, 8, 8, -1,
					8, 8, 9, -1,
					8, 9, 9, -1,
					9, 9, 10, -1,
					9, 10, 10, -1,
					10, 10, 11, -1,
					10, 11, 11, -1,
					11, 11, 12, -1,
					11, 12, 12, -1
				]
			}
		}
		Shape
		{
			appearance Appearance
			{
				material Material
				{
					diffuseColor 0.694 0.741 0.788
				}
			}
			geometry IndexedFaceSet
			{
				creaseAngle 0.5
				solid TRUE
				coord Coordinate
				{
					point
					[
						-2.275 3.325 -1.091,
						-2.675 3.325 -1.091,
						-2.275 3.541 -5.986,
						-2.675 3.541 -5.986
					]
				}
				coordIndex
				[
					0, 1, 2, -1,
					2, 1, 3, -1
				]
				normal Normal
				{
					vector
					[
						-0.000 -0.999 -0.044
					]
				}
				normalIndex
				[
					0, 0, 0, -1,
					0, 0, 0, -1
				]
			}
		}
		Shape
		{
			appearance Appearance
			{
				material Material
				{
					diffuseColor 0.694 0.741 0.788
				}
			}
			geometry IndexedFaceSet
			{
				creaseAngle 0.5
				solid TRUE
				coord Coordinate
				{
					point
					[
						-2.675 3.325 -1.091,
						-2.275 3.325 -1.091,
						-2.675 3.317 -1.041,
						-2.275 3.317 -1.041,
						-2.275 3.296 -0.995,
						-2.675 3.296 -0.995,
						-2.275 3.264 -0.955,
						-2.675 3.264 -0.955,
						-2.275 3.223 -0.925,
						-2.675 3.223 -0.925,
						-2.275 3.176 -0.906,
						-2.675 3.176 -0.906,
						-2.675 3.125 -0.900,
						-2.275 3.125 -0.900
					]
				}
				coordIndex
				[
					0, 1, 2, -1,
					2, 1, 3, -1,
					2, 3, 4, -1,
					2, 4, 5, -1,
					5, 4, 6, -1,
					5, 6, 7, -1,
					7, 6, 8, -1,
					7, 8, 9, -1,
					9, 8, 10, -1,
					9, 10, 11, -1,
					11, 10, 12, -1,
					10, 13, 12, -1
				]
				normal Normal
				{
					vector
					[
						-0.000 -0.999 -0.044,
						-0.000 -0.956 -0.294,
						-0.000 -0.851 -0.525,
						-0.000 -0.691 -0.723,
						-0.000 -0.487 -0.873,
						-0.000 -0.252 -0.968,
						-0.000 -0.000 -1.000
					]
				}
				normalIndex
				[
					0, 0, 1, -1,
					1, 0, 1, -1,
					1, 1, 2, -1,
					1, 2, 2, -1,
					2, 2, 3, -1,
					2, 3, 3, -1,
					3, 3, 4, -1,
					3, 4, 4, -1,
					4, 4, 5, -1,
					4, 5, 5, -1,
					5, 5, 6, -1,
					5, 6, 6, -1
				]
			}
		}
		Shape
		{
			appearance Appearance
			{
				material Material
				{
					diffuseColor 0.694 0.741 0.788
				}
			}
			geometry IndexedFaceSet
			{
				creaseAngle 0.5
				solid TRUE
				coord Coordinate
				{
					point
					[
						-2.675 3.125 -0.900,
						-2.275 3.125 -0.900,
						-2.675 1.875 -0.900,
						-2.275 1.875 -0.900
					]
				}
				coordIndex
				[
					0, 1, 2, -1,
					2, 1, 3, -1
				]
				normal Normal
				{
					vector
					[
						-0.000 -0.000 -1.000
					]
				}
				normalIndex
				[
					0, 0, 0, -1,
					0, 0, 0, -1
				]
			}
		}
		Shape
		{
			appearance Appearance
			{
				material Material
				{
					diffuseColor 0.694 0.741 0.788
				}
			}
			geometry IndexedFaceSet
			{
				creaseAngle 0.5
				solid TRUE
				coord Coordinate
				{
					point
					[
						-2.675 1.875 -0.900,
						-2.275 1.875 -0.900,
						-2.675 1.824 -0.906,
						-2.275 1.824 -0.906,
						-2.275 1.777 -0.925,
						-2.675 1.777 -0.925,
						-2.275 1.736 -0.955,
						-2.675 1.736 -0.955,
						-2.275 1.704 -0.995,
						-2.675 1.704 -0.995,
						-2.275 1.683 -1.041,
						-2.675 1.683 -1.041,
						-2.675 1.675 -1.091,
						-2.275 1.675 -1.091
					]
				}
				coordIndex
				[
					0, 1, 2, -1,
					2, 1, 3, -1,
					2, 3, 4, -1,
					2, 4, 5, -1,
					5, 4, 6, -1,
					5, 6, 7, -1,
					7, 6, 8, -1,
					7, 8, 9, -1,
					9, 8, 10, -1,
					9, 10, 11, -1,
					11, 10, 12, -1,
					10, 13, 12, -1
				]
				normal Normal
				{
					vector
					[
						-0.000 -0.000 -1.000,
						-0.000 0.252 -0.968,
						-0.000 0.487 -0.873,
						-0.000 0.691 -0.723,
						-0.000 0.851 -0.525,
						-0.000 0.956 -0.294,
						-0.000 0.999 -0.044
					]
				}
				normalIndex
				[
					0, 0, 1, -1,
					1, 0, 1, -1,
					1, 1, 2, -1,
					1, 2, 2, -1,
					2, 2, 3, -1,
					2, 3, 3, -1,
					3, 3, 4, -1,
					3, 4, 4, -1,
					4, 4, 5, -1,
					4, 5, 5, -1,
					5, 5, 6, -1,
					5, 6, 6, -1
				]
			}
		}
		Shape
		{
			appearance Appearance
			{
				material Material
				{
					diffuseColor 0.694 0.741 0.788
				}
			}
			geometry IndexedFaceSet
			{
				creaseAngle 0.5
				solid TRUE
				coord Coordinate
				{
					point
					[
						-2.675 1.675 -1.091,
						-2.275 1.675 -1.091,
						-2.675 1.459 -5.986,
						-2.275 1.459 -5.986
					]
				}
				coordIndex
				[
					0, 1, 2, -1,
					2, 1, 3, -1
				]
				normal Normal
				{
					vector
					[
						-0.000 0.999 -0.044
					]
				}
				normalIndex
				[
					0, 0, 0, -1,
					0, 0, 0, -1
				]
			}
		}
		Shape
		{
			appearance Appearance
			{
				material Material
				{
					diffuseColor 0.694 0.741 0.788
				}
			}
			geometry IndexedFaceSet
			{
				creaseAngle 0.5
				solid TRUE
				coord Coordinate
				{
					point
					[
						-2.275 1.459 -5.986,
						-2.275 1.464 -6.039,
						-2.675 1.459 -5.986,
						-2.675 1.464 -6.039,
						-2.675 1.482 -6.090,
						-2.275 1.482 -6.090,
						-2.275 1.513 -6.133,
						-2.675 1.513 -6.133,
						-2.275 1.554 -6.168,
						-2.675 1.554 -6.168,
						-2.275 1.602 -6.190,
						-2.675 1.602 -6.190,
						-2.675 1.655 -6.200,
						-2.275 1.655 -6.200,
						-2.275 1.708 -6.195,
						-2.675 1.708 -6.195,
						-2.275 1.758 -6.177,
						-2.675 1.758 -6.177,
						-2.675 1.802 -6.146,
						-2.275 1.802 -6.146,
						-2.275 1.837 -6.105,
						-2.675 1.837 -6.105,
						-2.275 1.859 -6.057,
						-2.675 1.859 -6.057,
						-2.675 1.869 -6.004,
						-2.275 1.869 -6.004
					]
				}
				coordIndex
				[
					0, 1, 2, -1,
					2, 1, 3, -1,
					3, 1, 4, -1,
					4, 1, 5, -1,
					4, 5, 6, -1,
					4, 6, 7, -1,
					7, 6, 8, -1,
					7, 8, 9, -1,
					9, 8, 10, -1,
					9, 10, 11, -1,
					11, 10, 12, -1,
					10, 13, 12, -1,
					12, 13, 14, -1,
					12, 14, 15, -1,
					15, 14, 16, -1,
					15, 16, 17, -1,
					17, 16, 18, -1,
					16, 19, 18, -1,
					18, 19, 20, -1,
					18, 20, 21, -1,
					21, 20, 22, -1,
					21, 22, 23, -1,
					23, 22, 24, -1,
					22, 25, 24, -1
				]
				normal Normal
				{
					vector
					[
						-0.000 0.999 -0.044,
						-0.000 0.976 0.216,
						-0.000 0.887 0.461,
						-0.000 0.738 0.675,
						-0.000 0.538 0.843,
						-0.000 0.301 0.954,
						-0.000 0.044 0.999,
						-0.000 -0.216 0.976,
						-0.000 -0.461 0.887,
						-0.000 -0.675 0.738,
						-0.000 -0.843 0.538,
						-0.000 -0.954 0.301,
						-0.000 -0.999 0.044
					]
				}
				normalIndex
				[
					0, 1, 0, -1,
					0, 1, 1, -1,
					1, 1, 2, -1,
					2, 1, 2, -1,
					2, 2, 3, -1,
					2, 3, 3, -1,
					3, 3, 4, -1,
					3, 4, 4, -1,
					4, 4, 5, -1,
					4, 5, 5, -1,
					5, 5, 6, -1,
					5, 6, 6, -1,
					6, 6, 7, -1,
					6, 7, 7, -1,
					7, 7, 8, -1,
					7, 8, 8, -1,
					8, 8, 9, -1,
					8, 9, 9, -1,
					9, 9, 10, -1,
					9, 10, 10, -1,
					10, 10, 11, -1,
					10, 11, 11, -1,
					11, 11, 12, -1,
					11, 12, 12, -1
				]
			}
		}
		Shape
		{
			appearance Appearance
			{
				material Material
				{
					diffuseColor 0.694 0.741 0.788
				}
			}
			geometry IndexedFaceSet
			{
				creaseAngle 0.5
				solid TRUE
				coord Coordinate
				{
					point
					[
						-2.275 -1.675 -1.091,
						-2.675 -1.675 -1.091,
						-2.275 -1.459 -5.986,
						-2.675 -1.459 -5.986
					]
				}
				coordIndex
				[
					0, 1, 2, -1,
					2, 1, 3, -1
				]
				normal Normal
				{
					vector
					[
						-0.000 -0.999 -0.044
					]
				}
				normalIndex
				[
					0, 0, 0, -1,
					0, 0, 0, -1
				]
			}
		}
		Shape
		{
			appearance Appearance
			{
				material Material
				{
					diffuseColor 0.694 0.741 0.788
				}
			}
			geometry IndexedFaceSet
			{
				creaseAngle 0.5
				solid TRUE
				coord Coordinate
				{
					point
					[
						-2.275 -1.869 -6.004,
						-2.275 -1.859 -6.057,
						-2.675 -1.869 -6.004,
						-2.675 -1.859 -6.057,
						-2.675 -1.837 -6.105,
						-2.275 -1.837 -6.105,
						-2.275 -1.802 -6.146,
						-2.675 -1.802 -6.146,
						-2.275 -1.758 -6.177,
						-2.675 -1.758 -6.177,
						-2.275 -1.708 -6.195,
						-2.675 -1.708 -6.195,
						-2.675 -1.655 -6.200,
						-2.275 -1.655 -6.200,
						-2.275 -1.602 -6.190,
						-2.675 -1.602 -6.190,
						-2.275 -1.554 -6.168,
						-2.675 -1.554 -6.168,
						-2.675 -1.513 -6.133,
						-2.275 -1.513 -6.133,
						-2.275 -1.482 -6.090,
						-2.675 -1.482 -6.090,
						-2.275 -1.464 -6.039,
						-2.675 -1.464 -6.039,
						-2.675 -1.459 -5.986,
						-2.275 -1.459 -5.986
					]
				}
				coordIndex
				[
					0, 1, 2, -1,
					2, 1, 3, -1,
					3, 1, 4, -1,
					4, 1, 5, -1,
					4, 5, 6, -1,
					4, 6, 7, -1,
					7, 6, 8, -1,
					7, 8, 9, -1,
					9, 8, 10, -1,
					9, 10, 11, -1,
					11, 10, 12, -1,
					10, 13, 12, -1,
					12, 13, 14, -1,
					12, 14, 15, -1,
					15, 14, 16, -1,
					15, 16, 17, -1,
					17, 16, 18, -1,
					16, 19, 18, -1,
					18, 19, 20, -1,
					18, 20, 21, -1,
					21, 20, 22, -1,
					21, 22, 23, -1,
					23, 22, 24, -1,
					22, 25, 24, -1
				]
				normal Normal
				{
					vector
					[
						-0.000 0.999 0.044,
						-0.000 0.954 0.301,
						-0.000 0.843 0.538,
						-0.000 0.675 0.738,
						-0.000 0.461 0.887,
						-0.000 0.216 0.976,
						-0.000 -0.044 0.999,
						-0.000 -0.301 0.954,
						-0.000 -0.538 0.843,
						-0.000 -0.738 0.675,
						-0.000 -0.887 0.461,
						-0.000 -0.976 0.216,
						-0.000 -0.999 -0.044
					]
				}
				normalIndex
				[
					0, 1, 0, -1,
					0, 1, 1, -1,
					1, 1, 2, -1,
					2, 1, 2, -1,
					2, 2, 3, -1,
					2, 3, 3, -1,
					3, 3, 4, -1,
					3, 4, 4, -1,
					4, 4, 5, -1,
					4, 5, 5, -1,
					5, 5, 6, -1,
					5, 6, 6, -1,
					6, 6, 7, -1,
					6, 7, 7, -1,
					7, 7, 8, -1,
					7, 8, 8, -1,
					8, 8, 9, -1,
					8, 9, 9, -1,
					9, 9, 10, -1,
					9, 10, 10, -1,
					10, 10, 11, -1,
					10, 11, 11, -1,
					11, 11, 12, -1,
					11, 12, 12, -1
				]
			}
		}
		Shape
		{
			appearance Appearance
			{
				material Material
				{
					diffuseColor 0.694 0.741 0.788
				}
			}
			geometry IndexedFaceSet
			{
				creaseAngle 0.5
				solid TRUE
				coord Coordinate
				{
					point
					[
						-2.292 -2.073 -1.372,
						-1.989 -2.052 -1.849,
						-2.628 -2.063 -1.586,
						-2.325 -2.042 -2.063,
						-1.929 -2.046 -1.972,
						-2.305 -2.041 -2.104,
						-1.901 -2.041 -2.088,
						-2.295 -2.039 -2.142,
						-1.896 -2.036 -2.198,
						-2.294 -2.037 -2.179,
						-2.299 -2.036 -2.215,
						-1.910 -2.032 -2.304,
						-2.310 -2.034 -2.249,
						-1.943 -2.027 -2.406,
						-2.327 -2.033 -2.281,
						-1.996 -2.023 -2.503,
						-2.353 -2.031 -2.312,
						-2.072 -2.019 -2.595,
						-2.389 -2.030 -2.340,
						-2.180 -2.015 -2.680,
						-2.454 -2.028 -2.387,
						-2.202 -2.015 -2.695,
						-2.510 -2.026 -2.440,
						-2.221 -2.014 -2.713,
						-2.597 -2.021 -2.558,
						-2.250 -2.012 -2.752,
						-2.653 -2.015 -2.694,
						-2.268 -2.010 -2.798,
						-2.668 -2.011 -2.769,
						-2.273 -2.009 -2.823,
						-2.673 -2.008 -2.850,
						-2.275 -2.008 -2.850,
						-2.275 -1.869 -6.004,
						-2.675 -1.869 -6.004,
						-2.675 -2.008 -2.850
					]
				}
				coordIndex
				[
					0, 1, 2, -1,
					2, 1, 3, -1,
					1, 4, 3, -1,
					3, 4, 5, -1,
					4, 6, 5, -1,
					5, 6, 7, -1,
					6, 8, 7, -1,
					7, 8, 9, -1,
					9, 8, 10, -1,
					10, 8, 11, -1,
					10, 11, 12, -1,
					12, 11, 13, -1,
					12, 13, 14, -1,
					14, 13, 15, -1,
					14, 15, 16, -1,
					16, 15, 17, -1,
					16, 17, 18, -1,
					18, 17, 19, -1,
					18, 19, 20, -1,
					20, 19, 21, -1,
					20, 21, 22, -1,
					22, 21, 23, -1,
					22, 23, 24, -1,
					24, 23, 25, -1,
					24, 25, 26, -1,
					26, 25, 27, -1,
					26, 27, 28, -1,
					28, 27, 29, -1,
					28, 29, 30, -1,
					30, 29, 31, -1,
					30, 31, 32, -1,
					32, 33, 30, -1,
					30, 33, 34, -1
				]
				normal Normal
				{
					vector
					[
						-0.000 0.999 0.044
					]
				}
				normalIndex
				[
					0, 0, 0, -1,
					0, 0, 0, -1,
					0, 0, 0, -1,
					0, 0, 0, -1,
					0, 0, 0, -1,
					0, 0, 0, -1,
					0, 0, 0, -1,
					0, 0, 0, -1,
					0, 0, 0, -1,
					0, 0, 0, -1,
					0, 0, 0, -1,
					0, 0, 0, -1,
					0, 0, 0, -1,
					0, 0, 0, -1,
					0, 0, 0, -1,
					0, 0, 0, -1,
					0, 0, 0, -1,
					0, 0, 0, -1,
					0, 0, 0, -1,
					0, 0, 0, -1,
					0, 0, 0, -1,
					0, 0, 0, -1,
					0, 0, 0, -1,
					0, 0, 0, -1,
					0, 0, 0, -1,
					0, 0, 0, -1,
					0, 0, 0, -1,
					0, 0, 0, -1,
					0, 0, 0, -1,
					0, 0, 0, -1,
					0, 0, 0, -1,
					0, 0, 0, -1,
					0, 0, 0, -1
				]
			}
		}
		Shape
		{
			appearance Appearance
			{
				material Material
				{
					diffuseColor 0.694 0.741 0.788
				}
			}
			geometry IndexedFaceSet
			{
				creaseAngle 0.5
				solid TRUE
				coord Coordinate
				{
					point
					[
						-2.628 -2.063 -1.586,
						-2.651 -2.070 -1.550,
						-2.292 -2.073 -1.372,
						-2.315 -2.079 -1.336,
						-2.334 -2.093 -1.305,
						-2.670 -2.083 -1.519,
						-2.687 -2.102 -1.493,
						-2.701 -2.125 -1.471,
						-2.365 -2.134 -1.257,
						-2.351 -2.111 -1.279,
						-2.713 -2.152 -1.453,
						-2.377 -2.161 -1.239,
						-2.386 -2.193 -1.224,
						-2.722 -2.183 -1.438,
						-2.729 -2.220 -1.428,
						-2.731 -2.263 -1.424,
						-2.395 -2.273 -1.210,
						-2.392 -2.229 -1.214
					]
				}
				coordIndex
				[
					0, 1, 2, -1,
					2, 1, 3, -1,
					3, 1, 4, -1,
					4, 1, 5, -1,
					4, 5, 6, -1,
					7, 8, 6, -1,
					6, 8, 9, -1,
					6, 9, 4, -1,
					7, 10, 8, -1,
					8, 10, 11, -1,
					11, 10, 12, -1,
					12, 10, 13, -1,
					12, 13, 14, -1,
					15, 16, 14, -1,
					14, 16, 17, -1,
					14, 17, 12, -1
				]
				normal Normal
				{
					vector
					[
						0.000 0.999 0.044,
						-0.117 0.967 0.226,
						-0.000 0.999 0.044,
						-0.215 0.900 0.378,
						-0.300 0.808 0.507,
						-0.373 0.694 0.616,
						-0.434 0.558 0.707,
						-0.484 0.401 0.778,
						-0.520 0.218 0.826,
						-0.537 0.000 0.844
					]
				}
				normalIndex
				[
					0, 1, 2, -1,
					2, 1, 1, -1,
					1, 1, 3, -1,
					3, 1, 3, -1,
					3, 3, 4, -1,
					5, 5, 4, -1,
					4, 5, 4, -1,
					4, 4, 3, -1,
					5, 6, 5, -1,
					5, 6, 6, -1,
					6, 6, 7, -1,
					7, 6, 7, -1,
					7, 7, 8, -1,
					9, 9, 8, -1,
					8, 9, 8, -1,
					8, 8, 7, -1
				]
			}
		}
		Shape
		{
			appearance Appearance
			{
				material Material
				{
					diffuseColor 0.694 0.741 0.788
				}
			}
			geometry IndexedFaceSet
			{
				creaseAngle 0.5
				solid TRUE
				coord Coordinate
				{
					point
					[
						-1.989 -2.948 -1.849,
						-2.292 -2.073 -1.372,
						-2.292 -2.927 -1.372,
						-2.395 -2.273 -1.210,
						-2.395 -2.727 -1.210,
						-1.989 -2.052 -1.849,
						-2.315 -2.079 -1.336,
						-2.334 -2.093 -1.305,
						-2.351 -2.111 -1.279,
						-2.365 -2.134 -1.257,
						-2.377 -2.161 -1.239,
						-2.386 -2.193 -1.224,
						-2.392 -2.229 -1.214,
						-2.392 -2.771 -1.214,
						-2.386 -2.807 -1.224,
						-2.377 -2.839 -1.239,
						-2.365 -2.866 -1.257,
						-2.351 -2.889 -1.279,
						-2.334 -2.907 -1.305,
						-2.315 -2.921 -1.336
					]
				}
				coordIndex
				[
					0, 1, 2, -1,
					2, 1, 3, -1,
					2, 3, 4, -1,
					0, 5, 1, -1,
					6, 7, 1, -1,
					1, 7, 8, -1,
					1, 8, 9, -1,
					9, 10, 1, -1,
					1, 10, 11, -1,
					1, 11, 12, -1,
					12, 3, 1, -1,
					4, 13, 2, -1,
					2, 13, 14, -1,
					2, 14, 15, -1,
					15, 16, 2, -1,
					2, 16, 17, -1,
					2, 17, 18, -1,
					18, 19, 2, -1
				]
				normal Normal
				{
					vector
					[
						0.844 -0.000 0.537
					]
				}
				normalIndex
				[
					0, 0, 0, -1,
					0, 0, 0, -1,
					0, 0, 0, -1,
					0, 0, 0, -1,
					0, 0, 0, -1,
					0, 0, 0, -1,
					0, 0, 0, -1,
					0, 0, 0, -1,
					0, 0, 0, -1,
					0, 0, 0, -1,
					0, 0, 0, -1,
					0, 0, 0, -1,
					0, 0, 0, -1,
					0, 0, 0, -1,
					0, 0, 0, -1,
					0, 0, 0, -1,
					0, 0, 0, -1,
					0, 0, 0, -1
				]
			}
		}
		Shape
		{
			appearance Appearance
			{
				material Material
				{
					diffuseColor 0.694 0.741 0.788
				}
			}
			geometry IndexedFaceSet
			{
				creaseAngle 0.5
				solid TRUE
				coord Coordinate
				{
					point
					[
						-2.292 -2.927 -1.372,
						-2.315 -2.921 -1.336,
						-2.628 -2.937 -1.586,
						-2.651 -2.930 -1.550,
						-2.670 -2.917 -1.519,
						-2.334 -2.907 -1.305,
						-2.351 -2.889 -1.279,
						-2.365 -2.866 -1.257,
						-2.701 -2.875 -1.471,
						-2.687 -2.898 -1.493,
						-2.377 -2.839 -1.239,
						-2.713 -2.848 -1.453,
						-2.722 -2.817 -1.438,
						-2.386 -2.807 -1.224,
						-2.392 -2.771 -1.214,
						-2.395 -2.727 -1.210,
						-2.731 -2.737 -1.424,
						-2.729 -2.780 -1.428
					]
				}
				coordIndex
				[
					0, 1, 2, -1,
					2, 1, 3, -1,
					3, 1, 4, -1,
					4, 1, 5, -1,
					4, 5, 6, -1,
					7, 8, 6, -1,
					6, 8, 9, -1,
					6, 9, 4, -1,
					7, 10, 8, -1,
					8, 10, 11, -1,
					11, 10, 12, -1,
					12, 10, 13, -1,
					12, 13, 14, -1,
					15, 16, 14, -1,
					14, 16, 17, -1,
					14, 17, 12, -1
				]
				normal Normal
				{
					vector
					[
						-0.000 -0.999 0.044,
						-0.117 -0.967 0.226,
						-0.215 -0.900 0.378,
						-0.300 -0.808 0.507,
						-0.373 -0.694 0.616,
						-0.434 -0.558 0.707,
						-0.484 -0.401 0.778,
						-0.520 -0.218 0.826,
						-0.537 0.000 0.844
					]
				}
				normalIndex
				[
					0, 1, 0, -1,
					0, 1, 1, -1,
					1, 1, 2, -1,
					2, 1, 2, -1,
					2, 2, 3, -1,
					4, 4, 3, -1,
					3, 4, 3, -1,
					3, 3, 2, -1,
					4, 5, 4, -1,
					4, 5, 5, -1,
					5, 5, 6, -1,
					6, 5, 6, -1,
					6, 6, 7, -1,
					8, 8, 7, -1,
					7, 8, 7, -1,
					7, 7, 6, -1
				]
			}
		}
		Shape
		{
			appearance Appearance
			{
				material Material
				{
					diffuseColor 0.694 0.741 0.788
				}
			}
			geometry IndexedFaceSet
			{
				creaseAngle 0.5
				solid TRUE
				coord Coordinate
				{
					point
					[
						-2.729 -2.780 -1.428,
						-2.731 -2.737 -1.424,
						-2.628 -2.937 -1.586,
						-2.731 -2.263 -1.424,
						-2.628 -2.063 -1.586,
						-2.729 -2.220 -1.428,
						-2.722 -2.183 -1.438,
						-2.713 -2.152 -1.453,
						-2.701 -2.125 -1.471,
						-2.687 -2.102 -1.493,
						-2.670 -2.083 -1.519,
						-2.651 -2.070 -1.550,
						-2.325 -2.042 -2.063,
						-2.325 -2.958 -2.063,
						-2.651 -2.930 -1.550,
						-2.670 -2.917 -1.519,
						-2.687 -2.898 -1.493,
						-2.701 -2.875 -1.471,
						-2.713 -2.848 -1.453,
						-2.722 -2.817 -1.438
					]
				}
				coordIndex
				[
					0, 1, 2, -1,
					2, 1, 3, -1,
					2, 3, 4, -1,
					4, 3, 5, -1,
					4, 5, 6, -1,
					6, 7, 4, -1,
					4, 7, 8, -1,
					4, 8, 9, -1,
					9, 10, 4, -1,
					4, 10, 11, -1,
					12, 13, 4, -1,
					4, 13, 2, -1,
					14, 15, 2, -1,
					2, 15, 16, -1,
					2, 16, 17, -1,
					17, 18, 2, -1,
					2, 18, 19, -1,
					2, 19, 0, -1
				]
				normal Normal
				{
					vector
					[
						-0.844 -0.000 -0.537
					]
				}
				normalIndex
				[
					0, 0, 0, -1,
					0, 0, 0, -1,
					0, 0, 0, -1,
					0, 0, 0, -1,
					0, 0, 0, -1,
					0, 0, 0, -1,
					0, 0, 0, -1,
					0, 0, 0, -1,
					0, 0, 0, -1,
					0, 0, 0, -1,
					0, 0, 0, -1,
					0, 0, 0, -1,
					0, 0, 0, -1,
					0, 0, 0, -1,
					0, 0, 0, -1,
					0, 0, 0, -1,
					0, 0, 0, -1,
					0, 0, 0, -1
				]
			}
		}
		Shape
		{
			appearance Appearance
			{
				material Material
				{
					diffuseColor 0.694 0.741 0.788
				}
			}
			geometry IndexedFaceSet
			{
				creaseAngle 0.5
				solid TRUE
				coord Coordinate
				{
					point
					[
						-2.292 -2.927 -1.372,
						-2.628 -2.937 -1.586,
						-1.989 -2.948 -1.849,
						-2.325 -2.958 -2.063,
						-1.929 -2.954 -1.972,
						-2.305 -2.959 -2.104,
						-1.901 -2.959 -2.088,
						-2.295 -2.961 -2.142,
						-1.896 -2.964 -2.198,
						-2.294 -2.963 -2.179,
						-2.299 -2.964 -2.215,
						-1.910 -2.968 -2.304,
						-2.310 -2.966 -2.249,
						-1.943 -2.973 -2.406,
						-2.327 -2.967 -2.281,
						-1.996 -2.977 -2.503,
						-2.353 -2.969 -2.312,
						-2.072 -2.981 -2.595,
						-2.389 -2.970 -2.340,
						-2.180 -2.985 -2.680,
						-2.454 -2.972 -2.387,
						-2.202 -2.985 -2.695,
						-2.510 -2.974 -2.440,
						-2.221 -2.986 -2.713,
						-2.597 -2.979 -2.558,
						-2.250 -2.988 -2.752,
						-2.653 -2.985 -2.694,
						-2.268 -2.990 -2.798,
						-2.668 -2.989 -2.769,
						-2.273 -2.991 -2.823,
						-2.673 -2.992 -2.850,
						-2.275 -2.992 -2.850,
						-2.275 -3.131 -6.004,
						-2.675 -2.992 -2.850,
						-2.675 -3.131 -6.004
					]
				}
				coordIndex
				[
					0, 1, 2, -1,
					2, 1, 3, -1,
					2, 3, 4, -1,
					4, 3, 5, -1,
					4, 5, 6, -1,
					6, 5, 7, -1,
					6, 7, 8, -1,
					8, 7, 9, -1,
					8, 9, 10, -1,
					8, 10, 11, -1,
					11, 10, 12, -1,
					11, 12, 13, -1,
					13, 12, 14, -1,
					13, 14, 15, -1,
					15, 14, 16, -1,
					15, 16, 17, -1,
					17, 16, 18, -1,
					17, 18, 19, -1,
					19, 18, 20, -1,
					19, 20, 21, -1,
					21, 20, 22, -1,
					21, 22, 23, -1,
					23, 22, 24, -1,
					23, 24, 25, -1,
					25, 24, 26, -1,
					25, 26, 27, -1,
					27, 26, 28, -1,
					27, 28, 29, -1,
					29, 28, 30, -1,
					29, 30, 31, -1,
					31, 30, 32, -1,
					33, 34, 30, -1,
					30, 34, 32, -1
				]
				normal Normal
				{
					vector
					[
						-0.000 -0.999 0.044
					]
				}
				normalIndex
				[
					0, 0, 0, -1,
					0, 0, 0, -1,
					0, 0, 0, -1,
					0, 0, 0, -1,
					0, 0, 0, -1,
					0, 0, 0, -1,
					0, 0, 0, -1,
					0, 0, 0, -1,
					0, 0, 0, -1,
					0, 0, 0, -1,
					0, 0, 0, -1,
					0, 0, 0, -1,
					0, 0, 0, -1,
					0, 0, 0, -1,
					0, 0, 0, -1,
					0, 0, 0, -1,
					0, 0, 0, -1,
					0, 0, 0, -1,
					0, 0, 0, -1,
					0, 0, 0, -1,
					0, 0, 0, -1,
					0, 0, 0, -1,
					0, 0, 0, -1,
					0, 0, 0, -1,
					0, 0, 0, -1,
					0, 0, 0, -1,
					0, 0, 0, -1,
					0, 0, 0, -1,
					0, 0, 0, -1,
					0, 0, 0, -1,
					0, 0, 0, -1,
					0, 0, 0, -1,
					0, 0, 0, -1
				]
			}
		}
		Shape
		{
			appearance Appearance
			{
				material Material
				{
					diffuseColor 0.694 0.741 0.788
				}
			}
			geometry IndexedFaceSet
			{
				creaseAngle 0.5
				solid TRUE
				coord Coordinate
				{
					point
					[
						-1.989 -2.948 -1.849,
						-1.929 -2.954 -1.972,
						-1.989 -2.052 -1.849,
						-1.929 -2.046 -1.972,
						-1.901 -2.041 -2.088,
						-1.901 -2.959 -2.088,
						-1.896 -2.964 -2.198,
						-1.910 -2.968 -2.304,
						-1.910 -2.032 -2.304,
						-1.896 -2.036 -2.198,
						-1.943 -2.973 -2.406,
						-1.943 -2.027 -2.406,
						-1.996 -2.023 -2.503,
						-1.996 -2.977 -2.503,
						-2.072 -2.981 -2.595,
						-2.180 -2.985 -2.680,
						-2.180 -2.015 -2.680,
						-2.072 -2.019 -2.595
					]
				}
				coordIndex
				[
					0, 1, 2, -1,
					2, 1, 3, -1,
					3, 1, 4, -1,
					4, 1, 5, -1,
					4, 5, 6, -1,
					7, 8, 6, -1,
					6, 8, 9, -1,
					6, 9, 4, -1,
					7, 10, 8, -1,
					8, 10, 11, -1,
					11, 10, 12, -1,
					12, 10, 13, -1,
					12, 13, 14, -1,
					15, 16, 14, -1,
					14, 16, 17, -1,
					14, 17, 12, -1
				]
				normal Normal
				{
					vector
					[
						0.844 0.000 0.537,
						0.944 0.000 0.331,
						0.990 0.000 0.138,
						0.999 0.000 -0.047,
						0.975 0.000 -0.224,
						0.919 0.000 -0.394,
						0.831 0.000 -0.557,
						0.704 0.000 -0.710,
						0.524 0.000 -0.852
					]
				}
				normalIndex
				[
					0, 1, 0, -1,
					0, 1, 1, -1,
					1, 1, 2, -1,
					2, 1, 2, -1,
					2, 2, 3, -1,
					4, 4, 3, -1,
					3, 4, 3, -1,
					3, 3, 2, -1,
					4, 5, 4, -1,
					4, 5, 5, -1,
					5, 5, 6, -1,
					6, 5, 6, -1,
					6, 6, 7, -1,
					8, 8, 7, -1,
					7, 8, 7, -1,
					7, 7, 6, -1
				]
			}
		}
		Shape
		{
			appearance Appearance
			{
				material Material
				{
					diffuseColor 0.694 0.741 0.788
				}
			}
			geometry IndexedFaceSet
			{
				creaseAngle 0.5
				solid TRUE
				coord Coordinate
				{
					point
					[
						-2.180 -2.015 -2.680,
						-2.180 -2.985 -2.680,
						-2.202 -2.015 -2.695,
						-2.202 -2.985 -2.695,
						-2.221 -2.014 -2.713,
						-2.221 -2.986 -2.713,
						-2.250 -2.988 -2.752,
						-2.250 -2.012 -2.752,
						-2.268 -2.990 -2.798,
						-2.268 -2.010 -2.798,
						-2.273 -2.009 -2.823,
						-2.273 -2.991 -2.823,
						-2.275 -2.008 -2.850,
						-2.275 -2.992 -2.850
					]
				}
				coordIndex
				[
					0, 1, 2, -1,
					2, 1, 3, -1,
					2, 3, 4, -1,
					4, 3, 5, -1,
					4, 5, 6, -1,
					4, 6, 7, -1,
					7, 6, 8, -1,
					7, 8, 9, -1,
					9, 8, 10, -1,
					8, 11, 10, -1,
					10, 11, 12, -1,
					11, 13, 12, -1
				]
				normal Normal
				{
					vector
					[
						0.524 -0.000 -0.852,
						0.634 -0.000 -0.773,
						0.728 -0.000 -0.686,
						0.873 -0.000 -0.488,
						0.966 -0.000 -0.260,
						0.991 -0.000 -0.135,
						1.000 -0.000 -0.000
					]
				}
				normalIndex
				[
					0, 0, 1, -1,
					1, 0, 1, -1,
					1, 1, 2, -1,
					2, 1, 2, -1,
					2, 2, 3, -1,
					2, 3, 3, -1,
					3, 3, 4, -1,
					3, 4, 4, -1,
					4, 4, 5, -1,
					4, 5, 5, -1,
					5, 5, 6, -1,
					5, 6, 6, -1
				]
			}
		}
		Shape
		{
			appearance Appearance
			{
				material Material
				{
					diffuseColor 0.694 0.741 0.788
				}
			}
			geometry IndexedFaceSet
			{
				creaseAngle 0.5
				solid TRUE
				coord Coordinate
				{
					point
					[
						-2.275 -3.541 -5.986,
						-2.275 -3.536 -6.039,
						-2.675 -3.541 -5.986,
						-2.675 -3.536 -6.039,
						-2.675 -3.518 -6.090,
						-2.275 -3.518 -6.090,
						-2.275 -3.487 -6.133,
						-2.675 -3.487 -6.133,
						-2.275 -3.446 -6.168,
						-2.675 -3.446 -6.168,
						-2.275 -3.398 -6.190,
						-2.675 -3.398 -6.190,
						-2.675 -3.345 -6.200,
						-2.275 -3.345 -6.200,
						-2.275 -3.292 -6.195,
						-2.675 -3.292 -6.195,
						-2.275 -3.242 -6.177,
						-2.675 -3.242 -6.177,
						-2.675 -3.198 -6.146,
						-2.275 -3.198 -6.146,
						-2.275 -3.163 -6.105,
						-2.675 -3.163 -6.105,
						-2.275 -3.141 -6.057,
						-2.675 -3.141 -6.057,
						-2.675 -3.131 -6.004,
						-2.275 -3.131 -6.004
					]
				}
				coordIndex
				[
					0, 1, 2, -1,
					2, 1, 3, -1,
					3, 1, 4, -1,
					4, 1, 5, -1,
					4, 5, 6, -1,
					4, 6, 7, -1,
					7, 6, 8, -1,
					7, 8, 9, -1,
					9, 8, 10, -1,
					9, 10, 11, -1,
					11, 10, 12, -1,
					10, 13, 12, -1,
					12, 13, 14, -1,
					12, 14, 15, -1,
					15, 14, 16, -1,
					15, 16, 17, -1,
					17, 16, 18, -1,
					16, 19, 18, -1,
					18, 19, 20, -1,
					18, 20, 21, -1,
					21, 20, 22, -1,
					21, 22, 23, -1,
					23, 22, 24, -1,
					22, 25, 24, -1
				]
				normal Normal
				{
					vector
					[
						-0.000 0.999 -0.044,
						-0.000 0.976 0.216,
						-0.000 0.887 0.461,
						-0.000 0.738 0.675,
						-0.000 0.538 0.843,
						-0.000 0.301 0.954,
						-0.000 0.044 0.999,
						-0.000 -0.216 0.976,
						-0.000 -0.461 0.887,
						-0.000 -0.675 0.738,
						-0.000 -0.843 0.538,
						-0.000 -0.954 0.301,
						-0.000 -0.999 0.044
					]
				}
				normalIndex
				[
					0, 1, 0, -1,
					0, 1, 1, -1,
					1, 1, 2, -1,
					2, 1, 2, -1,
					2, 2, 3, -1,
					2, 3, 3, -1,
					3, 3, 4, -1,
					3, 4, 4, -1,
					4, 4, 5, -1,
					4, 5, 5, -1,
					5, 5, 6, -1,
					5, 6, 6, -1,
					6, 6, 7, -1,
					6, 7, 7, -1,
					7, 7, 8, -1,
					7, 8, 8, -1,
					8, 8, 9, -1,
					8, 9, 9, -1,
					9, 9, 10, -1,
					9, 10, 10, -1,
					10, 10, 11, -1,
					10, 11, 11, -1,
					11, 11, 12, -1,
					11, 12, 12, -1
				]
			}
		}
		Shape
		{
			appearance Appearance
			{
				material Material
				{
					diffuseColor 0.694 0.741 0.788
				}
			}
			geometry IndexedFaceSet
			{
				creaseAngle 0.5
				solid TRUE
				coord Coordinate
				{
					point
					[
						-2.675 -3.325 -1.091,
						-2.275 -3.325 -1.091,
						-2.675 -3.541 -5.986,
						-2.275 -3.541 -5.986
					]
				}
				coordIndex
				[
					0, 1, 2, -1,
					2, 1, 3, -1
				]
				normal Normal
				{
					vector
					[
						-0.000 0.999 -0.044
					]
				}
				normalIndex
				[
					0, 0, 0, -1,
					0, 0, 0, -1
				]
			}
		}
		Shape
		{
			appearance Appearance
			{
				material Material
				{
					diffuseColor 0.694 0.741 0.788
				}
			}
			geometry IndexedFaceSet
			{
				creaseAngle 0.5
				solid TRUE
				coord Coordinate
				{
					point
					[
						-2.675 -3.125 -0.900,
						-2.275 -3.125 -0.900,
						-2.675 -3.176 -0.906,
						-2.275 -3.176 -0.906,
						-2.275 -3.223 -0.925,
						-2.675 -3.223 -0.925,
						-2.275 -3.264 -0.955,
						-2.675 -3.264 -0.955,
						-2.275 -3.296 -0.995,
						-2.675 -3.296 -0.995,
						-2.275 -3.317 -1.041,
						-2.675 -3.317 -1.041,
						-2.675 -3.325 -1.091,
						-2.275 -3.325 -1.091
					]
				}
				coordIndex
				[
					0, 1, 2, -1,
					2, 1, 3, -1,
					2, 3, 4, -1,
					2, 4, 5, -1,
					5, 4, 6, -1,
					5, 6, 7, -1,
					7, 6, 8, -1,
					7, 8, 9, -1,
					9, 8, 10, -1,
					9, 10, 11, -1,
					11, 10, 12, -1,
					10, 13, 12, -1
				]
				normal Normal
				{
					vector
					[
						-0.000 -0.000 -1.000,
						-0.000 0.252 -0.968,
						-0.000 0.487 -0.873,
						-0.000 0.691 -0.723,
						-0.000 0.851 -0.525,
						-0.000 0.956 -0.294,
						-0.000 0.999 -0.044
					]
				}
				normalIndex
				[
					0, 0, 1, -1,
					1, 0, 1, -1,
					1, 1, 2, -1,
					1, 2, 2, -1,
					2, 2, 3, -1,
					2, 3, 3, -1,
					3, 3, 4, -1,
					3, 4, 4, -1,
					4, 4, 5, -1,
					4, 5, 5, -1,
					5, 5, 6, -1,
					5, 6, 6, -1
				]
			}
		}
		Shape
		{
			appearance Appearance
			{
				material Material
				{
					diffuseColor 0.694 0.741 0.788
				}
			}
			geometry IndexedFaceSet
			{
				creaseAngle 0.5
				solid TRUE
				coord Coordinate
				{
					point
					[
						-2.675 -1.875 -0.900,
						-2.275 -1.875 -0.900,
						-2.675 -3.125 -0.900,
						-2.275 -3.125 -0.900
					]
				}
				coordIndex
				[
					0, 1, 2, -1,
					2, 1, 3, -1
				]
				normal Normal
				{
					vector
					[
						-0.000 -0.000 -1.000
					]
				}
				normalIndex
				[
					0, 0, 0, -1,
					0, 0, 0, -1
				]
			}
		}
		Shape
		{
			appearance Appearance
			{
				material Material
				{
					diffuseColor 0.694 0.741 0.788
				}
			}
			geometry IndexedFaceSet
			{
				creaseAngle 0.5
				solid TRUE
				coord Coordinate
				{
					point
					[
						-2.675 -1.675 -1.091,
						-2.275 -1.675 -1.091,
						-2.675 -1.683 -1.041,
						-2.275 -1.683 -1.041,
						-2.275 -1.704 -0.995,
						-2.675 -1.704 -0.995,
						-2.275 -1.736 -0.955,
						-2.675 -1.736 -0.955,
						-2.275 -1.777 -0.925,
						-2.675 -1.777 -0.925,
						-2.275 -1.824 -0.906,
						-2.675 -1.824 -0.906,
						-2.675 -1.875 -0.900,
						-2.275 -1.875 -0.900
					]
				}
				coordIndex
				[
					0, 1, 2, -1,
					2, 1, 3, -1,
					2, 3, 4, -1,
					2, 4, 5, -1,
					5, 4, 6, -1,
					5, 6, 7, -1,
					7, 6, 8, -1,
					7, 8, 9, -1,
					9, 8, 10, -1,
					9, 10, 11, -1,
					11, 10, 12, -1,
					10, 13, 12, -1
				]
				normal Normal
				{
					vector
					[
						-0.000 -0.999 -0.044,
						-0.000 -0.956 -0.294,
						-0.000 -0.851 -0.525,
						-0.000 -0.691 -0.723,
						-0.000 -0.487 -0.873,
						-0.000 -0.252 -0.968,
						-0.000 -0.000 -1.000
					]
				}
				normalIndex
				[
					0, 0, 1, -1,
					1, 0, 1, -1,
					1, 1, 2, -1,
					1, 2, 2, -1,
					2, 2, 3, -1,
					2, 3, 3, -1,
					3, 3, 4, -1,
					3, 4, 4, -1,
					4, 4, 5, -1,
					4, 5, 5, -1,
					5, 5, 6, -1,
					5, 6, 6, -1
				]
			}
		}
		Shape
		{
			appearance Appearance
			{
				material Material
				{
					diffuseColor 0.694 0.741 0.788
				}
			}
			geometry IndexedFaceSet
			{
				creaseAngle 0.5
				solid TRUE
				coord Coordinate
				{
					point
					[
						-2.675 -2.008 -2.850,
						-2.675 -2.992 -2.850,
						-2.673 -2.008 -2.850,
						-2.673 -2.992 -2.850
					]
				}
				coordIndex
				[
					0, 1, 2, -1,
					2, 1, 3, -1
				]
				normal Normal
				{
					vector
					[
						-0.000 -0.000 1.000
					]
				}
				normalIndex
				[
					0, 0, 0, -1,
					0, 0, 0, -1
				]
			}
		}
		Shape
		{
			appearance Appearance
			{
				material Material
				{
					diffuseColor 0.694 0.741 0.788
				}
			}
			geometry IndexedFaceSet
			{
				creaseAngle 0.5
				solid TRUE
				coord Coordinate
				{
					point
					[
						-2.673 -2.008 -2.850,
						-2.673 -2.992 -2.850,
						-2.668 -2.011 -2.769,
						-2.668 -2.989 -2.769,
						-2.653 -2.015 -2.694,
						-2.653 -2.985 -2.694,
						-2.597 -2.979 -2.558,
						-2.597 -2.021 -2.558,
						-2.510 -2.974 -2.440,
						-2.510 -2.026 -2.440,
						-2.454 -2.028 -2.387,
						-2.454 -2.972 -2.387,
						-2.389 -2.030 -2.340,
						-2.389 -2.970 -2.340
					]
				}
				coordIndex
				[
					0, 1, 2, -1,
					2, 1, 3, -1,
					2, 3, 4, -1,
					4, 3, 5, -1,
					4, 5, 6, -1,
					4, 6, 7, -1,
					7, 6, 8, -1,
					7, 8, 9, -1,
					9, 8, 10, -1,
					8, 11, 10, -1,
					10, 11, 12, -1,
					11, 13, 12, -1
				]
				normal Normal
				{
					vector
					[
						-1.000 0.000 0.000,
						-0.991 0.000 0.135,
						-0.966 0.000 0.260,
						-0.873 0.000 0.488,
						-0.728 0.000 0.686,
						-0.634 0.000 0.773,
						-0.524 0.000 0.852
					]
				}
				normalIndex
				[
					0, 0, 1, -1,
					1, 0, 1, -1,
					1, 1, 2, -1,
					2, 1, 2, -1,
					2, 2, 3, -1,
					2, 3, 3, -1,
					3, 3, 4, -1,
					3, 4, 4, -1,
					4, 4, 5, -1,
					4, 5, 5, -1,
					5, 5, 6, -1,
					5, 6, 6, -1
				]
			}
		}
		Shape
		{
			appearance Appearance
			{
				material Material
				{
					diffuseColor 0.694 0.741 0.788
				}
			}
			geometry IndexedFaceSet
			{
				creaseAngle 0.5
				solid TRUE
				coord Coordinate
				{
					point
					[
						-2.389 -2.030 -2.340,
						-2.389 -2.970 -2.340,
						-2.353 -2.031 -2.312,
						-2.353 -2.969 -2.312,
						-2.327 -2.967 -2.281,
						-2.310 -2.966 -2.249,
						-2.310 -2.034 -2.249,
						-2.327 -2.033 -2.281,
						-2.299 -2.964 -2.215,
						-2.299 -2.036 -2.215,
						-2.294 -2.037 -2.179,
						-2.294 -2.963 -2.179,
						-2.295 -2.961 -2.142,
						-2.305 -2.959 -2.104,
						-2.305 -2.041 -2.104,
						-2.295 -2.039 -2.142,
						-2.325 -2.958 -2.063,
						-2.325 -2.042 -2.063
					]
				}
				coordIndex
				[
					0, 1, 2, -1,
					2, 1, 3, -1,
					2, 3, 4, -1,
					5, 6, 4, -1,
					4, 6, 7, -1,
					4, 7, 2, -1,
					5, 8, 6, -1,
					6, 8, 9, -1,
					9, 8, 10, -1,
					10, 8, 11, -1,
					10, 11, 12, -1,
					13, 14, 12, -1,
					12, 14, 15, -1,
					12, 15, 10, -1,
					13, 16, 14, -1,
					14, 16, 17, -1
				]
				normal Normal
				{
					vector
					[
						-0.524 -0.000 0.852,
						-0.704 -0.000 0.710,
						-0.831 -0.000 0.557,
						-0.919 -0.000 0.394,
						-0.975 -0.000 0.224,
						-0.999 -0.000 0.047,
						-0.990 -0.000 -0.138,
						-0.944 -0.000 -0.331,
						-0.844 -0.000 -0.537
					]
				}
				normalIndex
				[
					0, 0, 1, -1,
					1, 0, 1, -1,
					1, 1, 2, -1,
					3, 3, 2, -1,
					2, 3, 2, -1,
					2, 2, 1, -1,
					3, 4, 3, -1,
					3, 4, 4, -1,
					4, 4, 5, -1,
					5, 4, 5, -1,
					5, 5, 6, -1,
					7, 7, 6, -1,
					6, 7, 6, -1,
					6, 6, 5, -1,
					7, 8, 7, -1,
					7, 8, 8, -1
				]
			}
		}
		Shape
		{
			appearance Appearance
			{
				material Material
				{
					diffuseColor 0.694 0.741 0.788
				}
			}
			geometry IndexedFaceSet
			{
				creaseAngle 0.5
				solid TRUE
				coord Coordinate
				{
					point
					[
						-2.395 -2.727 -1.210,
						-2.395 -2.273 -1.210,
						-2.731 -2.737 -1.424,
						-2.731 -2.263 -1.424
					]
				}
				coordIndex
				[
					0, 1, 2, -1,
					2, 1, 3, -1
				]
				normal Normal
				{
					vector
					[
						-0.537 -0.000 0.844
					]
				}
				normalIndex
				[
					0, 0, 0, -1,
					0, 0, 0, -1
				]
			}
		}
		Shape
		{
			appearance Appearance
			{
				material Material
				{
					diffuseColor 0.694 0.741 0.788
				}
			}
			geometry IndexedFaceSet
			{
				creaseAngle 0.5
				solid TRUE
				coord Coordinate
				{
					point
					[
						-2.275 -4.206 -8.900,
						-2.275 -4.206 -7.100,
						-2.297 -4.405 -8.900,
						-2.297 -4.405 -7.100,
						-2.363 -4.594 -7.100,
						-2.469 -4.764 -7.100,
						-2.469 -4.764 -8.900,
						-2.363 -4.594 -8.900
					]
				}
				coordIndex
				[
					0, 1, 2, -1,
					2, 1, 3, -1,
					2, 3, 4, -1,
					5, 6, 4, -1,
					4, 6, 7, -1,
					4, 7, 2, -1
				]
				normal Normal
				{
					vector
					[
						1.000 0.000 0.000,
						0.975 -0.221 0.000,
						0.902 -0.431 0.000,
						0.784 -0.620 0.000
					]
				}
				normalIndex
				[
					0, 0, 1, -1,
					1, 0, 1, -1,
					1, 1, 2, -1,
					3, 3, 2, -1,
					2, 3, 2, -1,
					2, 2, 1, -1
				]
			}
		}
		Shape
		{
			appearance Appearance
			{
				material Material
				{
					diffuseColor 0.694 0.741 0.788
				}
			}
			geometry IndexedFaceSet
			{
				creaseAngle 0.5
				solid TRUE
				coord Coordinate
				{
					point
					[
						-2.469 -4.764 -8.900,
						-2.469 -4.764 -7.100,
						-2.942 -5.363 -8.900,
						-2.942 -5.363 -7.100
					]
				}
				coordIndex
				[
					0, 1, 2, -1,
					2, 1, 3, -1
				]
				normal Normal
				{
					vector
					[
						0.784 -0.620 0.000
					]
				}
				normalIndex
				[
					0, 0, 0, -1,
					0, 0, 0, -1
				]
			}
		}
		Shape
		{
			appearance Appearance
			{
				material Material
				{
					diffuseColor 0.694 0.741 0.788
				}
			}
			geometry IndexedFaceSet
			{
				creaseAngle 0.5
				solid TRUE
				coord Coordinate
				{
					point
					[
						-2.942 -5.363 -8.900,
						-2.942 -5.363 -7.100,
						-3.001 -5.457 -8.900,
						-3.001 -5.457 -7.100,
						-3.038 -5.562 -7.100,
						-3.050 -5.673 -7.100,
						-3.050 -5.673 -8.900,
						-3.038 -5.562 -8.900
					]
				}
				coordIndex
				[
					0, 1, 2, -1,
					2, 1, 3, -1,
					2, 3, 4, -1,
					5, 6, 4, -1,
					4, 6, 7, -1,
					4, 7, 2, -1
				]
				normal Normal
				{
					vector
					[
						0.784 -0.620 -0.000,
						0.902 -0.431 -0.000,
						0.975 -0.221 -0.000,
						1.000 -0.000 -0.000
					]
				}
				normalIndex
				[
					0, 0, 1, -1,
					1, 0, 1, -1,
					1, 1, 2, -1,
					3, 3, 2, -1,
					2, 3, 2, -1,
					2, 2, 1, -1
				]
			}
		}
		Shape
		{
			appearance Appearance
			{
				material Material
				{
					diffuseColor 0.694 0.741 0.788
				}
			}
			geometry IndexedFaceSet
			{
				creaseAngle 0.5
				solid TRUE
				coord Coordinate
				{
					point
					[
						-3.450 -6.858 -7.283,
						-3.050 -6.858 -7.283,
						-3.450 -6.848 -7.234,
						-3.050 -6.848 -7.234,
						-3.050 -6.826 -7.190,
						-3.050 -6.754 -7.124,
						-3.450 -6.754 -7.124,
						-3.050 -6.794 -7.153,
						-3.450 -6.794 -7.153,
						-3.450 -6.826 -7.190,
						-3.050 -6.708 -7.106,
						-3.450 -6.708 -7.106,
						-3.050 -6.659 -7.100,
						-3.450 -6.659 -7.100
					]
				}
				coordIndex
				[
					0, 1, 2, -1,
					2, 1, 3, -1,
					2, 3, 4, -1,
					5, 6, 7, -1,
					7, 6, 8, -1,
					7, 8, 4, -1,
					4, 8, 9, -1,
					4, 9, 2, -1,
					5, 10, 6, -1,
					6, 10, 11, -1,
					12, 13, 10, -1,
					10, 13, 11, -1
				]
				normal Normal
				{
					vector
					[
						0.000 -0.996 0.087,
						0.000 -0.945 0.328,
						0.000 -0.835 0.550,
						0.000 -0.475 0.880,
						0.000 -0.676 0.737,
						0.000 -0.245 0.970,
						0.000 0.000 1.000
					]
				}
				normalIndex
				[
					0, 0, 1, -1,
					1, 0, 1, -1,
					1, 1, 2, -1,
					3, 3, 4, -1,
					4, 3, 4, -1,
					4, 4, 2, -1,
					2, 4, 2, -1,
					2, 2, 1, -1,
					3, 5, 3, -1,
					3, 5, 5, -1,
					6, 6, 5, -1,
					5, 6, 5, -1
				]
			}
		}
		Shape
		{
			appearance Appearance
			{
				material Material
				{
					diffuseColor 0.694 0.741 0.788
				}
			}
			geometry IndexedFaceSet
			{
				creaseAngle 0.5
				solid TRUE
				coord Coordinate
				{
					point
					[
						-3.450 -6.984 -8.717,
						-3.050 -6.984 -8.717,
						-3.450 -6.858 -7.283,
						-3.050 -6.858 -7.283
					]
				}
				coordIndex
				[
					0, 1, 2, -1,
					2, 1, 3, -1
				]
				normal Normal
				{
					vector
					[
						-0.000 -0.996 0.087
					]
				}
				normalIndex
				[
					0, 0, 0, -1,
					0, 0, 0, -1
				]
			}
		}
		Shape
		{
			appearance Appearance
			{
				material Material
				{
					diffuseColor 0.694 0.741 0.788
				}
			}
			geometry IndexedFaceSet
			{
				creaseAngle 0.5
				solid TRUE
				coord Coordinate
				{
					point
					[
						-3.870 -7.880 -19.691,
						-3.450 -7.880 -19.691,
						-3.870 -5.780 -19.691,
						-3.450 -5.780 -19.691
					]
				}
				coordIndex
				[
					0, 1, 2, -1,
					2, 1, 3, -1
				]
				normal Normal
				{
					vector
					[
						0.000 0.000 1.000
					]
				}
				normalIndex
				[
					0, 0, 0, -1,
					0, 0, 0, -1
				]
			}
		}
		Shape
		{
			appearance Appearance
			{
				material Material
				{
					diffuseColor 0.694 0.741 0.788
				}
			}
			geometry IndexedFaceSet
			{
				creaseAngle 0.5
				solid TRUE
				coord Coordinate
				{
					point
					[
						-3.870 -8.380 -20.191,
						-3.450 -8.380 -20.191,
						-3.870 -7.880 -19.691,
						-3.450 -7.880 -19.691
					]
				}
				coordIndex
				[
					0, 1, 2, -1,
					2, 1, 3, -1
				]
				normal Normal
				{
					vector
					[
						0.000 -0.707 0.707
					]
				}
				normalIndex
				[
					0, 0, 0, -1,
					0, 0, 0, -1
				]
			}
		}
		Shape
		{
			appearance Appearance
			{
				material Material
				{
					diffuseColor 0.694 0.741 0.788
				}
			}
			geometry IndexedFaceSet
			{
				creaseAngle 0.5
				solid TRUE
				coord Coordinate
				{
					point
					[
						-0.650 -8.700 -21.500,
						-0.650 -9.000 -21.500,
						-0.650 -8.700 -22.500,
						-0.650 -9.000 -22.500
					]
				}
				coordIndex
				[
					0, 1, 2, -1,
					2, 1, 3, -1
				]
				normal Normal
				{
					vector
					[
						1.000 0.000 0.000
					]
				}
				normalIndex
				[
					0, 0, 0, -1,
					0, 0, 0, -1
				]
			}
		}
		Shape
		{
			appearance Appearance
			{
				material Material
				{
					diffuseColor 0.694 0.741 0.788
				}
			}
			geometry IndexedFaceSet
			{
				creaseAngle 0.5
				solid TRUE
				coord Coordinate
				{
					point
					[
						0.700 -9.000 -22.500,
						0.700 -9.000 -21.500,
						0.700 -8.700 -22.500,
						0.700 -8.700 -21.500
					]
				}
				coordIndex
				[
					0, 1, 2, -1,
					2, 1, 3, -1
				]
				normal Normal
				{
					vector
					[
						-1.000 0.000 0.000
					]
				}
				normalIndex
				[
					0, 0, 0, -1,
					0, 0, 0, -1
				]
			}
		}
		Shape
		{
			appearance Appearance
			{
				material Material
				{
					diffuseColor 0.694 0.741 0.788
				}
			}
			geometry IndexedFaceSet
			{
				creaseAngle 0.5
				solid TRUE
				coord Coordinate
				{
					point
					[
						2.350 -9.000 -22.500,
						2.350 -9.000 -21.500,
						0.700 -9.000 -22.500,
						0.700 -9.000 -21.500
					]
				}
				coordIndex
				[
					0, 1, 2, -1,
					2, 1, 3, -1
				]
				normal Normal
				{
					vector
					[
						0.000 -1.000 0.000
					]
				}
				normalIndex
				[
					0, 0, 0, -1,
					0, 0, 0, -1
				]
			}
		}
		Shape
		{
			appearance Appearance
			{
				material Material
				{
					diffuseColor 0.694 0.741 0.788
				}
			}
			geometry IndexedFaceSet
			{
				creaseAngle 0.5
				solid TRUE
				coord Coordinate
				{
					point
					[
						2.350 -8.700 -21.500,
						2.350 -9.000 -21.500,
						2.350 -8.700 -22.500,
						2.350 -9.000 -22.500
					]
				}
				coordIndex
				[
					0, 1, 2, -1,
					2, 1, 3, -1
				]
				normal Normal
				{
					vector
					[
						1.000 0.000 0.000
					]
				}
				normalIndex
				[
					0, 0, 0, -1,
					0, 0, 0, -1
				]
			}
		}
		Shape
		{
			appearance Appearance
			{
				material Material
				{
					diffuseColor 0.694 0.741 0.788
				}
			}
			geometry IndexedFaceSet
			{
				creaseAngle 0.5
				solid TRUE
				coord Coordinate
				{
					point
					[
						-1.318 -8.700 -21.480,
						-1.597 -8.700 -21.480,
						-1.318 -12.090 -21.480,
						-1.486 -12.244 -21.480,
						-1.597 -12.340 -21.480
					]
				}
				coordIndex
				[
					0, 1, 2, -1,
					2, 1, 3, -1,
					1, 4, 3, -1
				]
				normal Normal
				{
					vector
					[
						-0.000 -0.000 1.000
					]
				}
				normalIndex
				[
					0, 0, 0, -1,
					0, 0, 0, -1,
					0, 0, 0, -1
				]
			}
		}
		Shape
		{
			appearance Appearance
			{
				material Material
				{
					diffuseColor 0.694 0.741 0.788
				}
			}
			geometry IndexedFaceSet
			{
				creaseAngle 0.5
				solid TRUE
				coord Coordinate
				{
					point
					[
						-1.747 -8.700 -21.329,
						-1.747 -12.340 -21.329,
						-1.690 -8.700 -21.372,
						-1.690 -12.340 -21.372,
						-1.640 -12.340 -21.423,
						-1.597 -12.340 -21.480,
						-1.597 -8.700 -21.480,
						-1.640 -8.700 -21.423
					]
				}
				coordIndex
				[
					0, 1, 2, -1,
					2, 1, 3, -1,
					2, 3, 4, -1,
					5, 6, 4, -1,
					4, 6, 7, -1,
					4, 7, 2, -1
				]
				normal Normal
				{
					vector
					[
						0.540 0.000 0.842,
						0.655 0.000 0.756,
						0.756 0.000 0.655,
						0.842 0.000 0.540
					]
				}
				normalIndex
				[
					0, 0, 1, -1,
					1, 0, 1, -1,
					1, 1, 2, -1,
					3, 3, 2, -1,
					2, 3, 2, -1,
					2, 2, 1, -1
				]
			}
		}
		Shape
		{
			appearance Appearance
			{
				material Material
				{
					diffuseColor 0.694 0.741 0.788
				}
			}
			geometry IndexedFaceSet
			{
				creaseAngle 0.5
				solid TRUE
				coord Coordinate
				{
					point
					[
						0.818 -8.700 -8.230,
						0.818 -12.090 -8.230,
						1.097 -8.700 -8.230,
						0.986 -12.244 -8.230,
						1.097 -12.340 -8.230
					]
				}
				coordIndex
				[
					0, 1, 2, -1,
					2, 1, 3, -1,
					2, 3, 4, -1
				]
				normal Normal
				{
					vector
					[
						-0.000 -0.000 1.000
					]
				}
				normalIndex
				[
					0, 0, 0, -1,
					0, 0, 0, -1,
					0, 0, 0, -1
				]
			}
		}
		Shape
		{
			appearance Appearance
			{
				material Material
				{
					diffuseColor 0.694 0.741 0.788
				}
			}
			geometry IndexedFaceSet
			{
				creaseAngle 0.5
				solid TRUE
				coord Coordinate
				{
					point
					[
						1.097 -8.700 -8.230,
						1.097 -12.340 -8.230,
						1.140 -8.700 -8.173,
						1.140 -12.340 -8.173,
						1.190 -12.340 -8.122,
						1.247 -12.340 -8.079,
						1.247 -8.700 -8.079,
						1.190 -8.700 -8.122
					]
				}
				coordIndex
				[
					0, 1, 2, -1,
					2, 1, 3, -1,
					2, 3, 4, -1,
					5, 6, 4, -1,
					4, 6, 7, -1,
					4, 7, 2, -1
				]
				normal Normal
				{
					vector
					[
						-0.842 0.000 0.540,
						-0.756 0.000 0.655,
						-0.655 0.000 0.756,
						-0.540 0.000 0.842
					]
				}
				normalIndex
				[
					0, 0, 1, -1,
					1, 0, 1, -1,
					1, 1, 2, -1,
					3, 3, 2, -1,
					2, 3, 2, -1,
					2, 2, 1, -1
				]
			}
		}
		Shape
		{
			appearance Appearance
			{
				material Material
				{
					diffuseColor 0.694 0.741 0.788
				}
			}
			geometry IndexedFaceSet
			{
				creaseAngle 0.5
				solid TRUE
				coord Coordinate
				{
					point
					[
						1.247 -8.700 -7.800,
						1.247 -8.700 -8.079,
						1.247 -12.090 -7.800,
						1.247 -12.244 -7.968,
						1.247 -12.340 -8.079
					]
				}
				coordIndex
				[
					0, 1, 2, -1,
					2, 1, 3, -1,
					1, 4, 3, -1
				]
				normal Normal
				{
					vector
					[
						-1.000 -0.000 -0.000
					]
				}
				normalIndex
				[
					0, 0, 0, -1,
					0, 0, 0, -1,
					0, 0, 0, -1
				]
			}
		}
		Shape
		{
			appearance Appearance
			{
				material Material
				{
					diffuseColor 0.694 0.741 0.788
				}
			}
			geometry IndexedFaceSet
			{
				creaseAngle 0.5
				solid TRUE
				coord Coordinate
				{
					point
					[
						0.618 -8.700 -20.635,
						0.618 -12.100 -20.635,
						0.618 -8.700 -20.935,
						0.618 -12.100 -20.935
					]
				}
				coordIndex
				[
					0, 1, 2, -1,
					2, 1, 3, -1
				]
				normal Normal
				{
					vector
					[
						1.000 0.000 0.000
					]
				}
				normalIndex
				[
					0, 0, 0, -1,
					0, 0, 0, -1
				]
			}
		}
		Shape
		{
			appearance Appearance
			{
				material Material
				{
					diffuseColor 0.694 0.741 0.788
				}
			}
			geometry IndexedFaceSet
			{
				creaseAngle 0.5
				solid TRUE
				coord Coordinate
				{
					point
					[
						0.618 -8.700 -20.935,
						0.618 -12.100 -20.935,
						0.417 -8.700 -20.935,
						0.417 -12.100 -20.935
					]
				}
				coordIndex
				[
					0, 1, 2, -1,
					2, 1, 3, -1
				]
				normal Normal
				{
					vector
					[
						0.000 0.000 -1.000
					]
				}
				normalIndex
				[
					0, 0, 0, -1,
					0, 0, 0, -1
				]
			}
		}
		Shape
		{
			appearance Appearance
			{
				material Material
				{
					diffuseColor 0.694 0.741 0.788
				}
			}
			geometry IndexedFaceSet
			{
				creaseAngle 0.5
				solid TRUE
				coord Coordinate
				{
					point
					[
						0.417 -12.100 -20.935,
						0.417 -12.100 -20.635,
						0.417 -8.700 -20.935,
						0.417 -8.700 -20.635
					]
				}
				coordIndex
				[
					0, 1, 2, -1,
					2, 1, 3, -1
				]
				normal Normal
				{
					vector
					[
						-1.000 0.000 0.000
					]
				}
				normalIndex
				[
					0, 0, 0, -1,
					0, 0, 0, -1
				]
			}
		}
		Shape
		{
			appearance Appearance
			{
				material Material
				{
					diffuseColor 0.694 0.741 0.788
				}
			}
			geometry IndexedFaceSet
			{
				creaseAngle 0.5
				solid TRUE
				coord Coordinate
				{
					point
					[
						0.417 -12.100 -20.635,
						0.618 -12.100 -20.635,
						0.417 -8.700 -20.635,
						0.618 -8.700 -20.635
					]
				}
				coordIndex
				[
					0, 1, 2, -1,
					2, 1, 3, -1
				]
				normal Normal
				{
					vector
					[
						0.000 0.000 1.000
					]
				}
				normalIndex
				[
					0, 0, 0, -1,
					0, 0, 0, -1
				]
			}
		}
		Shape
		{
			appearance Appearance
			{
				material Material
				{
					diffuseColor 0.694 0.741 0.788
				}
			}
			geometry IndexedFaceSet
			{
				creaseAngle 0.5
				solid TRUE
				coord Coordinate
				{
					point
					[
						0.417 -12.100 -20.635,
						0.417 -12.100 -20.935,
						0.618 -12.100 -20.635,
						0.618 -12.100 -20.935
					]
				}
				coordIndex
				[
					0, 1, 2, -1,
					2, 1, 3, -1
				]
				normal Normal
				{
					vector
					[
						0.000 -1.000 0.000
					]
				}
				normalIndex
				[
					0, 0, 0, -1,
					0, 0, 0, -1
				]
			}
		}
		Shape
		{
			appearance Appearance
			{
				material Material
				{
					diffuseColor 0.694 0.741 0.788
				}
			}
			geometry IndexedFaceSet
			{
				creaseAngle 0.5
				solid TRUE
				coord Coordinate
				{
					point
					[
						-0.618 -12.100 -20.060,
						-0.618 -12.100 -20.360,
						-0.417 -12.100 -20.060,
						-0.417 -12.100 -20.360
					]
				}
				coordIndex
				[
					0, 1, 2, -1,
					2, 1, 3, -1
				]
				normal Normal
				{
					vector
					[
						0.000 -1.000 0.000
					]
				}
				normalIndex
				[
					0, 0, 0, -1,
					0, 0, 0, -1
				]
			}
		}
		Shape
		{
			appearance Appearance
			{
				material Material
				{
					diffuseColor 0.694 0.741 0.788
				}
			}
			geometry IndexedFaceSet
			{
				creaseAngle 0.5
				solid TRUE
				coord Coordinate
				{
					point
					[
						-0.417 -8.700 -20.060,
						-0.417 -12.100 -20.060,
						-0.417 -8.700 -20.360,
						-0.417 -12.100 -20.360
					]
				}
				coordIndex
				[
					0, 1, 2, -1,
					2, 1, 3, -1
				]
				normal Normal
				{
					vector
					[
						1.000 0.000 0.000
					]
				}
				normalIndex
				[
					0, 0, 0, -1,
					0, 0, 0, -1
				]
			}
		}
		Shape
		{
			appearance Appearance
			{
				material Material
				{
					diffuseColor 0.694 0.741 0.788
				}
			}
			geometry IndexedFaceSet
			{
				creaseAngle 0.5
				solid TRUE
				coord Coordinate
				{
					point
					[
						-0.417 -8.700 -20.360,
						-0.417 -12.100 -20.360,
						-0.618 -8.700 -20.360,
						-0.618 -12.100 -20.360
					]
				}
				coordIndex
				[
					0, 1, 2, -1,
					2, 1, 3, -1
				]
				normal Normal
				{
					vector
					[
						0.000 0.000 -1.000
					]
				}
				normalIndex
				[
					0, 0, 0, -1,
					0, 0, 0, -1
				]
			}
		}
		Shape
		{
			appearance Appearance
			{
				material Material
				{
					diffuseColor 0.694 0.741 0.788
				}
			}
			geometry IndexedFaceSet
			{
				creaseAngle 0.5
				solid TRUE
				coord Coordinate
				{
					point
					[
						-0.618 -12.100 -20.360,
						-0.618 -12.100 -20.060,
						-0.618 -8.700 -20.360,
						-0.618 -8.700 -20.060
					]
				}
				coordIndex
				[
					0, 1, 2, -1,
					2, 1, 3, -1
				]
				normal Normal
				{
					vector
					[
						-1.000 0.000 0.000
					]
				}
				normalIndex
				[
					0, 0, 0, -1,
					0, 0, 0, -1
				]
			}
		}
		Shape
		{
			appearance Appearance
			{
				material Material
				{
					diffuseColor 0.694 0.741 0.788
				}
			}
			geometry IndexedFaceSet
			{
				creaseAngle 0.5
				solid TRUE
				coord Coordinate
				{
					point
					[
						-0.618 -12.100 -20.060,
						-0.417 -12.100 -20.060,
						-0.618 -8.700 -20.060,
						-0.417 -8.700 -20.060
					]
				}
				coordIndex
				[
					0, 1, 2, -1,
					2, 1, 3, -1
				]
				normal Normal
				{
					vector
					[
						0.000 0.000 1.000
					]
				}
				normalIndex
				[
					0, 0, 0, -1,
					0, 0, 0, -1
				]
			}
		}
		Shape
		{
			appearance Appearance
			{
				material Material
				{
					diffuseColor 0.694 0.741 0.788
				}
			}
			geometry IndexedFaceSet
			{
				creaseAngle 0.5
				solid TRUE
				coord Coordinate
				{
					point
					[
						0.618 -8.700 -19.480,
						0.618 -12.100 -19.480,
						0.618 -8.700 -19.780,
						0.618 -12.100 -19.780
					]
				}
				coordIndex
				[
					0, 1, 2, -1,
					2, 1, 3, -1
				]
				normal Normal
				{
					vector
					[
						1.000 0.000 0.000
					]
				}
				normalIndex
				[
					0, 0, 0, -1,
					0, 0, 0, -1
				]
			}
		}
		Shape
		{
			appearance Appearance
			{
				material Material
				{
					diffuseColor 0.694 0.741 0.788
				}
			}
			geometry IndexedFaceSet
			{
				creaseAngle 0.5
				solid TRUE
				coord Coordinate
				{
					point
					[
						0.618 -8.700 -19.780,
						0.618 -12.100 -19.780,
						0.417 -8.700 -19.780,
						0.417 -12.100 -19.780
					]
				}
				coordIndex
				[
					0, 1, 2, -1,
					2, 1, 3, -1
				]
				normal Normal
				{
					vector
					[
						0.000 0.000 -1.000
					]
				}
				normalIndex
				[
					0, 0, 0, -1,
					0, 0, 0, -1
				]
			}
		}
		Shape
		{
			appearance Appearance
			{
				material Material
				{
					diffuseColor 0.694 0.741 0.788
				}
			}
			geometry IndexedFaceSet
			{
				creaseAngle 0.5
				solid TRUE
				coord Coordinate
				{
					point
					[
						0.417 -12.100 -19.780,
						0.417 -12.100 -19.480,
						0.417 -8.700 -19.780,
						0.417 -8.700 -19.480
					]
				}
				coordIndex
				[
					0, 1, 2, -1,
					2, 1, 3, -1
				]
				normal Normal
				{
					vector
					[
						-1.000 0.000 0.000
					]
				}
				normalIndex
				[
					0, 0, 0, -1,
					0, 0, 0, -1
				]
			}
		}
		Shape
		{
			appearance Appearance
			{
				material Material
				{
					diffuseColor 0.694 0.741 0.788
				}
			}
			geometry IndexedFaceSet
			{
				creaseAngle 0.5
				solid TRUE
				coord Coordinate
				{
					point
					[
						0.417 -12.100 -19.480,
						0.618 -12.100 -19.480,
						0.417 -8.700 -19.480,
						0.618 -8.700 -19.480
					]
				}
				coordIndex
				[
					0, 1, 2, -1,
					2, 1, 3, -1
				]
				normal Normal
				{
					vector
					[
						0.000 0.000 1.000
					]
				}
				normalIndex
				[
					0, 0, 0, -1,
					0, 0, 0, -1
				]
			}
		}
		Shape
		{
			appearance Appearance
			{
				material Material
				{
					diffuseColor 0.694 0.741 0.788
				}
			}
			geometry IndexedFaceSet
			{
				creaseAngle 0.5
				solid TRUE
				coord Coordinate
				{
					point
					[
						0.417 -12.100 -19.480,
						0.417 -12.100 -19.780,
						0.618 -12.100 -19.480,
						0.618 -12.100 -19.780
					]
				}
				coordIndex
				[
					0, 1, 2, -1,
					2, 1, 3, -1
				]
				normal Normal
				{
					vector
					[
						0.000 -1.000 0.000
					]
				}
				normalIndex
				[
					0, 0, 0, -1,
					0, 0, 0, -1
				]
			}
		}
		Shape
		{
			appearance Appearance
			{
				material Material
				{
					diffuseColor 0.694 0.741 0.788
				}
			}
			geometry IndexedFaceSet
			{
				creaseAngle 0.5
				solid TRUE
				coord Coordinate
				{
					point
					[
						-0.618 -12.100 -18.905,
						-0.618 -12.100 -19.205,
						-0.417 -12.100 -18.905,
						-0.417 -12.100 -19.205
					]
				}
				coordIndex
				[
					0, 1, 2, -1,
					2, 1, 3, -1
				]
				normal Normal
				{
					vector
					[
						0.000 -1.000 0.000
					]
				}
				normalIndex
				[
					0, 0, 0, -1,
					0, 0, 0, -1
				]
			}
		}
		Shape
		{
			appearance Appearance
			{
				material Material
				{
					diffuseColor 0.694 0.741 0.788
				}
			}
			geometry IndexedFaceSet
			{
				creaseAngle 0.5
				solid TRUE
				coord Coordinate
				{
					point
					[
						-0.417 -8.700 -18.905,
						-0.417 -12.100 -18.905,
						-0.417 -8.700 -19.205,
						-0.417 -12.100 -19.205
					]
				}
				coordIndex
				[
					0, 1, 2, -1,
					2, 1, 3, -1
				]
				normal Normal
				{
					vector
					[
						1.000 0.000 0.000
					]
				}
				normalIndex
				[
					0, 0, 0, -1,
					0, 0, 0, -1
				]
			}
		}
		Shape
		{
			appearance Appearance
			{
				material Material
				{
					diffuseColor 0.694 0.741 0.788
				}
			}
			geometry IndexedFaceSet
			{
				creaseAngle 0.5
				solid TRUE
				coord Coordinate
				{
					point
					[
						-0.417 -8.700 -19.205,
						-0.417 -12.100 -19.205,
						-0.618 -8.700 -19.205,
						-0.618 -12.100 -19.205
					]
				}
				coordIndex
				[
					0, 1, 2, -1,
					2, 1, 3, -1
				]
				normal Normal
				{
					vector
					[
						0.000 0.000 -1.000
					]
				}
				normalIndex
				[
					0, 0, 0, -1,
					0, 0, 0, -1
				]
			}
		}
		Shape
		{
			appearance Appearance
			{
				material Material
				{
					diffuseColor 0.694 0.741 0.788
				}
			}
			geometry IndexedFaceSet
			{
				creaseAngle 0.5
				solid TRUE
				coord Coordinate
				{
					point
					[
						-0.618 -12.100 -19.205,
						-0.618 -12.100 -18.905,
						-0.618 -8.700 -19.205,
						-0.618 -8.700 -18.905
					]
				}
				coordIndex
				[
					0, 1, 2, -1,
					2, 1, 3, -1
				]
				normal Normal
				{
					vector
					[
						-1.000 0.000 0.000
					]
				}
				normalIndex
				[
					0, 0, 0, -1,
					0, 0, 0, -1
				]
			}
		}
		Shape
		{
			appearance Appearance
			{
				material Material
				{
					diffuseColor 0.694 0.741 0.788
				}
			}
			geometry IndexedFaceSet
			{
				creaseAngle 0.5
				solid TRUE
				coord Coordinate
				{
					point
					[
						-0.618 -12.100 -18.905,
						-0.417 -12.100 -18.905,
						-0.618 -8.700 -18.905,
						-0.417 -8.700 -18.905
					]
				}
				coordIndex
				[
					0, 1, 2, -1,
					2, 1, 3, -1
				]
				normal Normal
				{
					vector
					[
						0.000 0.000 1.000
					]
				}
				normalIndex
				[
					0, 0, 0, -1,
					0, 0, 0, -1
				]
			}
		}
		Shape
		{
			appearance Appearance
			{
				material Material
				{
					diffuseColor 0.694 0.741 0.788
				}
			}
			geometry IndexedFaceSet
			{
				creaseAngle 0.5
				solid TRUE
				coord Coordinate
				{
					point
					[
						0.618 -8.700 -18.325,
						0.618 -12.100 -18.325,
						0.618 -8.700 -18.625,
						0.618 -12.100 -18.625
					]
				}
				coordIndex
				[
					0, 1, 2, -1,
					2, 1, 3, -1
				]
				normal Normal
				{
					vector
					[
						1.000 0.000 0.000
					]
				}
				normalIndex
				[
					0, 0, 0, -1,
					0, 0, 0, -1
				]
			}
		}
		Shape
		{
			appearance Appearance
			{
				material Material
				{
					diffuseColor 0.694 0.741 0.788
				}
			}
			geometry IndexedFaceSet
			{
				creaseAngle 0.5
				solid TRUE
				coord Coordinate
				{
					point
					[
						0.618 -8.700 -18.625,
						0.618 -12.100 -18.625,
						0.417 -8.700 -18.625,
						0.417 -12.100 -18.625
					]
				}
				coordIndex
				[
					0, 1, 2, -1,
					2, 1, 3, -1
				]
				normal Normal
				{
					vector
					[
						0.000 0.000 -1.000
					]
				}
				normalIndex
				[
					0, 0, 0, -1,
					0, 0, 0, -1
				]
			}
		}
		Shape
		{
			appearance Appearance
			{
				material Material
				{
					diffuseColor 0.694 0.741 0.788
				}
			}
			geometry IndexedFaceSet
			{
				creaseAngle 0.5
				solid TRUE
				coord Coordinate
				{
					point
					[
						0.417 -12.100 -18.625,
						0.417 -12.100 -18.325,
						0.417 -8.700 -18.625,
						0.417 -8.700 -18.325
					]
				}
				coordIndex
				[
					0, 1, 2, -1,
					2, 1, 3, -1
				]
				normal Normal
				{
					vector
					[
						-1.000 0.000 0.000
					]
				}
				normalIndex
				[
					0, 0, 0, -1,
					0, 0, 0, -1
				]
			}
		}
		Shape
		{
			appearance Appearance
			{
				material Material
				{
					diffuseColor 0.694 0.741 0.788
				}
			}
			geometry IndexedFaceSet
			{
				creaseAngle 0.5
				solid TRUE
				coord Coordinate
				{
					point
					[
						0.417 -12.100 -18.325,
						0.618 -12.100 -18.325,
						0.417 -8.700 -18.325,
						0.618 -8.700 -18.325
					]
				}
				coordIndex
				[
					0, 1, 2, -1,
					2, 1, 3, -1
				]
				normal Normal
				{
					vector
					[
						0.000 0.000 1.000
					]
				}
				normalIndex
				[
					0, 0, 0, -1,
					0, 0, 0, -1
				]
			}
		}
		Shape
		{
			appearance Appearance
			{
				material Material
				{
					diffuseColor 0.694 0.741 0.788
				}
			}
			geometry IndexedFaceSet
			{
				creaseAngle 0.5
				solid TRUE
				coord Coordinate
				{
					point
					[
						0.417 -12.100 -18.325,
						0.417 -12.100 -18.625,
						0.618 -12.100 -18.325,
						0.618 -12.100 -18.625
					]
				}
				coordIndex
				[
					0, 1, 2, -1,
					2, 1, 3, -1
				]
				normal Normal
				{
					vector
					[
						0.000 -1.000 0.000
					]
				}
				normalIndex
				[
					0, 0, 0, -1,
					0, 0, 0, -1
				]
			}
		}
		Shape
		{
			appearance Appearance
			{
				material Material
				{
					diffuseColor 0.694 0.741 0.788
				}
			}
			geometry IndexedFaceSet
			{
				creaseAngle 0.5
				solid TRUE
				coord Coordinate
				{
					point
					[
						-0.618 -12.100 -17.750,
						-0.618 -12.100 -18.050,
						-0.417 -12.100 -17.750,
						-0.417 -12.100 -18.050
					]
				}
				coordIndex
				[
					0, 1, 2, -1,
					2, 1, 3, -1
				]
				normal Normal
				{
					vector
					[
						0.000 -1.000 0.000
					]
				}
				normalIndex
				[
					0, 0, 0, -1,
					0, 0, 0, -1
				]
			}
		}
		Shape
		{
			appearance Appearance
			{
				material Material
				{
					diffuseColor 0.694 0.741 0.788
				}
			}
			geometry IndexedFaceSet
			{
				creaseAngle 0.5
				solid TRUE
				coord Coordinate
				{
					point
					[
						-0.417 -8.700 -17.750,
						-0.417 -12.100 -17.750,
						-0.417 -8.700 -18.050,
						-0.417 -12.100 -18.050
					]
				}
				coordIndex
				[
					0, 1, 2, -1,
					2, 1, 3, -1
				]
				normal Normal
				{
					vector
					[
						1.000 0.000 0.000
					]
				}
				normalIndex
				[
					0, 0, 0, -1,
					0, 0, 0, -1
				]
			}
		}
		Shape
		{
			appearance Appearance
			{
				material Material
				{
					diffuseColor 0.694 0.741 0.788
				}
			}
			geometry IndexedFaceSet
			{
				creaseAngle 0.5
				solid TRUE
				coord Coordinate
				{
					point
					[
						-0.417 -8.700 -18.050,
						-0.417 -12.100 -18.050,
						-0.618 -8.700 -18.050,
						-0.618 -12.100 -18.050
					]
				}
				coordIndex
				[
					0, 1, 2, -1,
					2, 1, 3, -1
				]
				normal Normal
				{
					vector
					[
						0.000 0.000 -1.000
					]
				}
				normalIndex
				[
					0, 0, 0, -1,
					0, 0, 0, -1
				]
			}
		}
		Shape
		{
			appearance Appearance
			{
				material Material
				{
					diffuseColor 0.694 0.741 0.788
				}
			}
			geometry IndexedFaceSet
			{
				creaseAngle 0.5
				solid TRUE
				coord Coordinate
				{
					point
					[
						-0.618 -12.100 -18.050,
						-0.618 -12.100 -17.750,
						-0.618 -8.700 -18.050,
						-0.618 -8.700 -17.750
					]
				}
				coordIndex
				[
					0, 1, 2, -1,
					2, 1, 3, -1
				]
				normal Normal
				{
					vector
					[
						-1.000 0.000 0.000
					]
				}
				normalIndex
				[
					0, 0, 0, -1,
					0, 0, 0, -1
				]
			}
		}
		Shape
		{
			appearance Appearance
			{
				material Material
				{
					diffuseColor 0.694 0.741 0.788
				}
			}
			geometry IndexedFaceSet
			{
				creaseAngle 0.5
				solid TRUE
				coord Coordinate
				{
					point
					[
						-0.618 -12.100 -17.750,
						-0.417 -12.100 -17.750,
						-0.618 -8.700 -17.750,
						-0.417 -8.700 -17.750
					]
				}
				coordIndex
				[
					0, 1, 2, -1,
					2, 1, 3, -1
				]
				normal Normal
				{
					vector
					[
						0.000 0.000 1.000
					]
				}
				normalIndex
				[
					0, 0, 0, -1,
					0, 0, 0, -1
				]
			}
		}
		Shape
		{
			appearance Appearance
			{
				material Material
				{
					diffuseColor 0.694 0.741 0.788
				}
			}
			geometry IndexedFaceSet
			{
				creaseAngle 0.5
				solid TRUE
				coord Coordinate
				{
					point
					[
						0.618 -8.700 -17.170,
						0.618 -12.100 -17.170,
						0.618 -8.700 -17.470,
						0.618 -12.100 -17.470
					]
				}
				coordIndex
				[
					0, 1, 2, -1,
					2, 1, 3, -1
				]
				normal Normal
				{
					vector
					[
						1.000 0.000 0.000
					]
				}
				normalIndex
				[
					0, 0, 0, -1,
					0, 0, 0, -1
				]
			}
		}
		Shape
		{
			appearance Appearance
			{
				material Material
				{
					diffuseColor 0.694 0.741 0.788
				}
			}
			geometry IndexedFaceSet
			{
				creaseAngle 0.5
				solid TRUE
				coord Coordinate
				{
					point
					[
						0.618 -8.700 -17.470,
						0.618 -12.100 -17.470,
						0.417 -8.700 -17.470,
						0.417 -12.100 -17.470
					]
				}
				coordIndex
				[
					0, 1, 2, -1,
					2, 1, 3, -1
				]
				normal Normal
				{
					vector
					[
						0.000 0.000 -1.000
					]
				}
				normalIndex
				[
					0, 0, 0, -1,
					0, 0, 0, -1
				]
			}
		}
		Shape
		{
			appearance Appearance
			{
				material Material
				{
					diffuseColor 0.694 0.741 0.788
				}
			}
			geometry IndexedFaceSet
			{
				creaseAngle 0.5
				solid TRUE
				coord Coordinate
				{
					point
					[
						0.417 -12.100 -17.470,
						0.417 -12.100 -17.170,
						0.417 -8.700 -17.470,
						0.417 -8.700 -17.170
					]
				}
				coordIndex
				[
					0, 1, 2, -1,
					2, 1, 3, -1
				]
				normal Normal
				{
					vector
					[
						-1.000 0.000 0.000
					]
				}
				normalIndex
				[
					0, 0, 0, -1,
					0, 0, 0, -1
				]
			}
		}
		Shape
		{
			appearance Appearance
			{
				material Material
				{
					diffuseColor 0.694 0.741 0.788
				}
			}
			geometry IndexedFaceSet
			{
				creaseAngle 0.5
				solid TRUE
				coord Coordinate
				{
					point
					[
						0.417 -12.100 -17.170,
						0.618 -12.100 -17.170,
						0.417 -8.700 -17.170,
						0.618 -8.700 -17.170
					]
				}
				coordIndex
				[
					0, 1, 2, -1,
					2, 1, 3, -1
				]
				normal Normal
				{
					vector
					[
						0.000 0.000 1.000
					]
				}
				normalIndex
				[
					0, 0, 0, -1,
					0, 0, 0, -1
				]
			}
		}
		Shape
		{
			appearance Appearance
			{
				material Material
				{
					diffuseColor 0.694 0.741 0.788
				}
			}
			geometry IndexedFaceSet
			{
				creaseAngle 0.5
				solid TRUE
				coord Coordinate
				{
					point
					[
						0.417 -12.100 -17.170,
						0.417 -12.100 -17.470,
						0.618 -12.100 -17.170,
						0.618 -12.100 -17.470
					]
				}
				coordIndex
				[
					0, 1, 2, -1,
					2, 1, 3, -1
				]
				normal Normal
				{
					vector
					[
						0.000 -1.000 0.000
					]
				}
				normalIndex
				[
					0, 0, 0, -1,
					0, 0, 0, -1
				]
			}
		}
		Shape
		{
			appearance Appearance
			{
				material Material
				{
					diffuseColor 0.694 0.741 0.788
				}
			}
			geometry IndexedFaceSet
			{
				creaseAngle 0.5
				solid TRUE
				coord Coordinate
				{
					point
					[
						-0.618 -12.100 -16.595,
						-0.618 -12.100 -16.895,
						-0.417 -12.100 -16.595,
						-0.417 -12.100 -16.895
					]
				}
				coordIndex
				[
					0, 1, 2, -1,
					2, 1, 3, -1
				]
				normal Normal
				{
					vector
					[
						0.000 -1.000 0.000
					]
				}
				normalIndex
				[
					0, 0, 0, -1,
					0, 0, 0, -1
				]
			}
		}
		Shape
		{
			appearance Appearance
			{
				material Material
				{
					diffuseColor 0.694 0.741 0.788
				}
			}
			geometry IndexedFaceSet
			{
				creaseAngle 0.5
				solid TRUE
				coord Coordinate
				{
					point
					[
						-0.417 -8.700 -16.595,
						-0.417 -12.100 -16.595,
						-0.417 -8.700 -16.895,
						-0.417 -12.100 -16.895
					]
				}
				coordIndex
				[
					0, 1, 2, -1,
					2, 1, 3, -1
				]
				normal Normal
				{
					vector
					[
						1.000 0.000 0.000
					]
				}
				normalIndex
				[
					0, 0, 0, -1,
					0, 0, 0, -1
				]
			}
		}
		Shape
		{
			appearance Appearance
			{
				material Material
				{
					diffuseColor 0.694 0.741 0.788
				}
			}
			geometry IndexedFaceSet
			{
				creaseAngle 0.5
				solid TRUE
				coord Coordinate
				{
					point
					[
						-0.417 -8.700 -16.895,
						-0.417 -12.100 -16.895,
						-0.618 -8.700 -16.895,
						-0.618 -12.100 -16.895
					]
				}
				coordIndex
				[
					0, 1, 2, -1,
					2, 1, 3, -1
				]
				normal Normal
				{
					vector
					[
						0.000 0.000 -1.000
					]
				}
				normalIndex
				[
					0, 0, 0, -1,
					0, 0, 0, -1
				]
			}
		}
		Shape
		{
			appearance Appearance
			{
				material Material
				{
					diffuseColor 0.694 0.741 0.788
				}
			}
			geometry IndexedFaceSet
			{
				creaseAngle 0.5
				solid TRUE
				coord Coordinate
				{
					point
					[
						-0.618 -12.100 -16.895,
						-0.618 -12.100 -16.595,
						-0.618 -8.700 -16.895,
						-0.618 -8.700 -16.595
					]
				}
				coordIndex
				[
					0, 1, 2, -1,
					2, 1, 3, -1
				]
				normal Normal
				{
					vector
					[
						-1.000 0.000 0.000
					]
				}
				normalIndex
				[
					0, 0, 0, -1,
					0, 0, 0, -1
				]
			}
		}
		Shape
		{
			appearance Appearance
			{
				material Material
				{
					diffuseColor 0.694 0.741 0.788
				}
			}
			geometry IndexedFaceSet
			{
				creaseAngle 0.5
				solid TRUE
				coord Coordinate
				{
					point
					[
						-0.618 -12.100 -16.595,
						-0.417 -12.100 -16.595,
						-0.618 -8.700 -16.595,
						-0.417 -8.700 -16.595
					]
				}
				coordIndex
				[
					0, 1, 2, -1,
					2, 1, 3, -1
				]
				normal Normal
				{
					vector
					[
						0.000 0.000 1.000
					]
				}
				normalIndex
				[
					0, 0, 0, -1,
					0, 0, 0, -1
				]
			}
		}
		Shape
		{
			appearance Appearance
			{
				material Material
				{
					diffuseColor 0.694 0.741 0.788
				}
			}
			geometry IndexedFaceSet
			{
				creaseAngle 0.5
				solid TRUE
				coord Coordinate
				{
					point
					[
						0.618 -8.700 -16.015,
						0.618 -12.100 -16.015,
						0.618 -8.700 -16.315,
						0.618 -12.100 -16.315
					]
				}
				coordIndex
				[
					0, 1, 2, -1,
					2, 1, 3, -1
				]
				normal Normal
				{
					vector
					[
						1.000 0.000 0.000
					]
				}
				normalIndex
				[
					0, 0, 0, -1,
					0, 0, 0, -1
				]
			}
		}
		Shape
		{
			appearance Appearance
			{
				material Material
				{
					diffuseColor 0.694 0.741 0.788
				}
			}
			geometry IndexedFaceSet
			{
				creaseAngle 0.5
				solid TRUE
				coord Coordinate
				{
					point
					[
						0.618 -8.700 -16.315,
						0.618 -12.100 -16.315,
						0.417 -8.700 -16.315,
						0.417 -12.100 -16.315
					]
				}
				coordIndex
				[
					0, 1, 2, -1,
					2, 1, 3, -1
				]
				normal Normal
				{
					vector
					[
						0.000 0.000 -1.000
					]
				}
				normalIndex
				[
					0, 0, 0, -1,
					0, 0, 0, -1
				]
			}
		}
		Shape
		{
			appearance Appearance
			{
				material Material
				{
					diffuseColor 0.694 0.741 0.788
				}
			}
			geometry IndexedFaceSet
			{
				creaseAngle 0.5
				solid TRUE
				coord Coordinate
				{
					point
					[
						0.417 -12.100 -16.315,
						0.417 -12.100 -16.015,
						0.417 -8.700 -16.315,
						0.417 -8.700 -16.015
					]
				}
				coordIndex
				[
					0, 1, 2, -1,
					2, 1, 3, -1
				]
				normal Normal
				{
					vector
					[
						-1.000 0.000 0.000
					]
				}
				normalIndex
				[
					0, 0, 0, -1,
					0, 0, 0, -1
				]
			}
		}
		Shape
		{
			appearance Appearance
			{
				material Material
				{
					diffuseColor 0.694 0.741 0.788
				}
			}
			geometry IndexedFaceSet
			{
				creaseAngle 0.5
				solid TRUE
				coord Coordinate
				{
					point
					[
						0.417 -12.100 -16.015,
						0.618 -12.100 -16.015,
						0.417 -8.700 -16.015,
						0.618 -8.700 -16.015
					]
				}
				coordIndex
				[
					0, 1, 2, -1,
					2, 1, 3, -1
				]
				normal Normal
				{
					vector
					[
						0.000 0.000 1.000
					]
				}
				normalIndex
				[
					0, 0, 0, -1,
					0, 0, 0, -1
				]
			}
		}
		Shape
		{
			appearance Appearance
			{
				material Material
				{
					diffuseColor 0.694 0.741 0.788
				}
			}
			geometry IndexedFaceSet
			{
				creaseAngle 0.5
				solid TRUE
				coord Coordinate
				{
					point
					[
						0.417 -12.100 -16.015,
						0.417 -12.100 -16.315,
						0.618 -12.100 -16.015,
						0.618 -12.100 -16.315
					]
				}
				coordIndex
				[
					0, 1, 2, -1,
					2, 1, 3, -1
				]
				normal Normal
				{
					vector
					[
						0.000 -1.000 0.000
					]
				}
				normalIndex
				[
					0, 0, 0, -1,
					0, 0, 0, -1
				]
			}
		}
		Shape
		{
			appearance Appearance
			{
				material Material
				{
					diffuseColor 0.694 0.741 0.788
				}
			}
			geometry IndexedFaceSet
			{
				creaseAngle 0.5
				solid TRUE
				coord Coordinate
				{
					point
					[
						-0.618 -12.100 -15.440,
						-0.618 -12.100 -15.740,
						-0.417 -12.100 -15.440,
						-0.417 -12.100 -15.740
					]
				}
				coordIndex
				[
					0, 1, 2, -1,
					2, 1, 3, -1
				]
				normal Normal
				{
					vector
					[
						0.000 -1.000 0.000
					]
				}
				normalIndex
				[
					0, 0, 0, -1,
					0, 0, 0, -1
				]
			}
		}
		Shape
		{
			appearance Appearance
			{
				material Material
				{
					diffuseColor 0.694 0.741 0.788
				}
			}
			geometry IndexedFaceSet
			{
				creaseAngle 0.5
				solid TRUE
				coord Coordinate
				{
					point
					[
						-0.417 -8.700 -15.440,
						-0.417 -12.100 -15.440,
						-0.417 -8.700 -15.740,
						-0.417 -12.100 -15.740
					]
				}
				coordIndex
				[
					0, 1, 2, -1,
					2, 1, 3, -1
				]
				normal Normal
				{
					vector
					[
						1.000 0.000 0.000
					]
				}
				normalIndex
				[
					0, 0, 0, -1,
					0, 0, 0, -1
				]
			}
		}
		Shape
		{
			appearance Appearance
			{
				material Material
				{
					diffuseColor 0.694 0.741 0.788
				}
			}
			geometry IndexedFaceSet
			{
				creaseAngle 0.5
				solid TRUE
				coord Coordinate
				{
					point
					[
						-0.417 -8.700 -15.740,
						-0.417 -12.100 -15.740,
						-0.618 -8.700 -15.740,
						-0.618 -12.100 -15.740
					]
				}
				coordIndex
				[
					0, 1, 2, -1,
					2, 1, 3, -1
				]
				normal Normal
				{
					vector
					[
						0.000 0.000 -1.000
					]
				}
				normalIndex
				[
					0, 0, 0, -1,
					0, 0, 0, -1
				]
			}
		}
		Shape
		{
			appearance Appearance
			{
				material Material
				{
					diffuseColor 0.694 0.741 0.788
				}
			}
			geometry IndexedFaceSet
			{
				creaseAngle 0.5
				solid TRUE
				coord Coordinate
				{
					point
					[
						-0.618 -12.100 -15.740,
						-0.618 -12.100 -15.440,
						-0.618 -8.700 -15.740,
						-0.618 -8.700 -15.440
					]
				}
				coordIndex
				[
					0, 1, 2, -1,
					2, 1, 3, -1
				]
				normal Normal
				{
					vector
					[
						-1.000 0.000 0.000
					]
				}
				normalIndex
				[
					0, 0, 0, -1,
					0, 0, 0, -1
				]
			}
		}
		Shape
		{
			appearance Appearance
			{
				material Material
				{
					diffuseColor 0.694 0.741 0.788
				}
			}
			geometry IndexedFaceSet
			{
				creaseAngle 0.5
				solid TRUE
				coord Coordinate
				{
					point
					[
						-0.618 -12.100 -15.440,
						-0.417 -12.100 -15.440,
						-0.618 -8.700 -15.440,
						-0.417 -8.700 -15.440
					]
				}
				coordIndex
				[
					0, 1, 2, -1,
					2, 1, 3, -1
				]
				normal Normal
				{
					vector
					[
						0.000 0.000 1.000
					]
				}
				normalIndex
				[
					0, 0, 0, -1,
					0, 0, 0, -1
				]
			}
		}
		Shape
		{
			appearance Appearance
			{
				material Material
				{
					diffuseColor 0.694 0.741 0.788
				}
			}
			geometry IndexedFaceSet
			{
				creaseAngle 0.5
				solid TRUE
				coord Coordinate
				{
					point
					[
						0.618 -8.700 -14.860,
						0.618 -12.100 -14.860,
						0.618 -8.700 -15.160,
						0.618 -12.100 -15.160
					]
				}
				coordIndex
				[
					0, 1, 2, -1,
					2, 1, 3, -1
				]
				normal Normal
				{
					vector
					[
						1.000 0.000 0.000
					]
				}
				normalIndex
				[
					0, 0, 0, -1,
					0, 0, 0, -1
				]
			}
		}
		Shape
		{
			appearance Appearance
			{
				material Material
				{
					diffuseColor 0.694 0.741 0.788
				}
			}
			geometry IndexedFaceSet
			{
				creaseAngle 0.5
				solid TRUE
				coord Coordinate
				{
					point
					[
						0.618 -8.700 -15.160,
						0.618 -12.100 -15.160,
						0.417 -8.700 -15.160,
						0.417 -12.100 -15.160
					]
				}
				coordIndex
				[
					0, 1, 2, -1,
					2, 1, 3, -1
				]
				normal Normal
				{
					vector
					[
						0.000 0.000 -1.000
					]
				}
				normalIndex
				[
					0, 0, 0, -1,
					0, 0, 0, -1
				]
			}
		}
		Shape
		{
			appearance Appearance
			{
				material Material
				{
					diffuseColor 0.694 0.741 0.788
				}
			}
			geometry IndexedFaceSet
			{
				creaseAngle 0.5
				solid TRUE
				coord Coordinate
				{
					point
					[
						0.417 -12.100 -15.160,
						0.417 -12.100 -14.860,
						0.417 -8.700 -15.160,
						0.417 -8.700 -14.860
					]
				}
				coordIndex
				[
					0, 1, 2, -1,
					2, 1, 3, -1
				]
				normal Normal
				{
					vector
					[
						-1.000 0.000 0.000
					]
				}
				normalIndex
				[
					0, 0, 0, -1,
					0, 0, 0, -1
				]
			}
		}
		Shape
		{
			appearance Appearance
			{
				material Material
				{
					diffuseColor 0.694 0.741 0.788
				}
			}
			geometry IndexedFaceSet
			{
				creaseAngle 0.5
				solid TRUE
				coord Coordinate
				{
					point
					[
						0.417 -12.100 -14.860,
						0.618 -12.100 -14.860,
						0.417 -8.700 -14.860,
						0.618 -8.700 -14.860
					]
				}
				coordIndex
				[
					0, 1, 2, -1,
					2, 1, 3, -1
				]
				normal Normal
				{
					vector
					[
						0.000 0.000 1.000
					]
				}
				normalIndex
				[
					0, 0, 0, -1,
					0, 0, 0, -1
				]
			}
		}
		Shape
		{
			appearance Appearance
			{
				material Material
				{
					diffuseColor 0.694 0.741 0.788
				}
			}
			geometry IndexedFaceSet
			{
				creaseAngle 0.5
				solid TRUE
				coord Coordinate
				{
					point
					[
						0.417 -12.100 -14.860,
						0.417 -12.100 -15.160,
						0.618 -12.100 -14.860,
						0.618 -12.100 -15.160
					]
				}
				coordIndex
				[
					0, 1, 2, -1,
					2, 1, 3, -1
				]
				normal Normal
				{
					vector
					[
						0.000 -1.000 0.000
					]
				}
				normalIndex
				[
					0, 0, 0, -1,
					0, 0, 0, -1
				]
			}
		}
		Shape
		{
			appearance Appearance
			{
				material Material
				{
					diffuseColor 0.694 0.741 0.788
				}
			}
			geometry IndexedFaceSet
			{
				creaseAngle 0.5
				solid TRUE
				coord Coordinate
				{
					point
					[
						-0.618 -12.100 -14.285,
						-0.618 -12.100 -14.585,
						-0.417 -12.100 -14.285,
						-0.417 -12.100 -14.585
					]
				}
				coordIndex
				[
					0, 1, 2, -1,
					2, 1, 3, -1
				]
				normal Normal
				{
					vector
					[
						0.000 -1.000 0.000
					]
				}
				normalIndex
				[
					0, 0, 0, -1,
					0, 0, 0, -1
				]
			}
		}
		Shape
		{
			appearance Appearance
			{
				material Material
				{
					diffuseColor 0.694 0.741 0.788
				}
			}
			geometry IndexedFaceSet
			{
				creaseAngle 0.5
				solid TRUE
				coord Coordinate
				{
					point
					[
						-0.417 -8.700 -14.285,
						-0.417 -12.100 -14.285,
						-0.417 -8.700 -14.585,
						-0.417 -12.100 -14.585
					]
				}
				coordIndex
				[
					0, 1, 2, -1,
					2, 1, 3, -1
				]
				normal Normal
				{
					vector
					[
						1.000 0.000 0.000
					]
				}
				normalIndex
				[
					0, 0, 0, -1,
					0, 0, 0, -1
				]
			}
		}
		Shape
		{
			appearance Appearance
			{
				material Material
				{
					diffuseColor 0.694 0.741 0.788
				}
			}
			geometry IndexedFaceSet
			{
				creaseAngle 0.5
				solid TRUE
				coord Coordinate
				{
					point
					[
						-0.417 -8.700 -14.585,
						-0.417 -12.100 -14.585,
						-0.618 -8.700 -14.585,
						-0.618 -12.100 -14.585
					]
				}
				coordIndex
				[
					0, 1, 2, -1,
					2, 1, 3, -1
				]
				normal Normal
				{
					vector
					[
						0.000 0.000 -1.000
					]
				}
				normalIndex
				[
					0, 0, 0, -1,
					0, 0, 0, -1
				]
			}
		}
		Shape
		{
			appearance Appearance
			{
				material Material
				{
					diffuseColor 0.694 0.741 0.788
				}
			}
			geometry IndexedFaceSet
			{
				creaseAngle 0.5
				solid TRUE
				coord Coordinate
				{
					point
					[
						-0.618 -12.100 -14.585,
						-0.618 -12.100 -14.285,
						-0.618 -8.700 -14.585,
						-0.618 -8.700 -14.285
					]
				}
				coordIndex
				[
					0, 1, 2, -1,
					2, 1, 3, -1
				]
				normal Normal
				{
					vector
					[
						-1.000 0.000 0.000
					]
				}
				normalIndex
				[
					0, 0, 0, -1,
					0, 0, 0, -1
				]
			}
		}
		Shape
		{
			appearance Appearance
			{
				material Material
				{
					diffuseColor 0.694 0.741 0.788
				}
			}
			geometry IndexedFaceSet
			{
				creaseAngle 0.5
				solid TRUE
				coord Coordinate
				{
					point
					[
						-0.618 -12.100 -14.285,
						-0.417 -12.100 -14.285,
						-0.618 -8.700 -14.285,
						-0.417 -8.700 -14.285
					]
				}
				coordIndex
				[
					0, 1, 2, -1,
					2, 1, 3, -1
				]
				normal Normal
				{
					vector
					[
						0.000 0.000 1.000
					]
				}
				normalIndex
				[
					0, 0, 0, -1,
					0, 0, 0, -1
				]
			}
		}
		Shape
		{
			appearance Appearance
			{
				material Material
				{
					diffuseColor 0.694 0.741 0.788
				}
			}
			geometry IndexedFaceSet
			{
				creaseAngle 0.5
				solid TRUE
				coord Coordinate
				{
					point
					[
						0.618 -8.700 -13.705,
						0.618 -12.100 -13.705,
						0.618 -8.700 -14.005,
						0.618 -12.100 -14.005
					]
				}
				coordIndex
				[
					0, 1, 2, -1,
					2, 1, 3, -1
				]
				normal Normal
				{
					vector
					[
						1.000 0.000 0.000
					]
				}
				normalIndex
				[
					0, 0, 0, -1,
					0, 0, 0, -1
				]
			}
		}
		Shape
		{
			appearance Appearance
			{
				material Material
				{
					diffuseColor 0.694 0.741 0.788
				}
			}
			geometry IndexedFaceSet
			{
				creaseAngle 0.5
				solid TRUE
				coord Coordinate
				{
					point
					[
						0.618 -8.700 -14.005,
						0.618 -12.100 -14.005,
						0.417 -8.700 -14.005,
						0.417 -12.100 -14.005
					]
				}
				coordIndex
				[
					0, 1, 2, -1,
					2, 1, 3, -1
				]
				normal Normal
				{
					vector
					[
						0.000 0.000 -1.000
					]
				}
				normalIndex
				[
					0, 0, 0, -1,
					0, 0, 0, -1
				]
			}
		}
		Shape
		{
			appearance Appearance
			{
				material Material
				{
					diffuseColor 0.694 0.741 0.788
				}
			}
			geometry IndexedFaceSet
			{
				creaseAngle 0.5
				solid TRUE
				coord Coordinate
				{
					point
					[
						0.417 -12.100 -14.005,
						0.417 -12.100 -13.705,
						0.417 -8.700 -14.005,
						0.417 -8.700 -13.705
					]
				}
				coordIndex
				[
					0, 1, 2, -1,
					2, 1, 3, -1
				]
				normal Normal
				{
					vector
					[
						-1.000 0.000 0.000
					]
				}
				normalIndex
				[
					0, 0, 0, -1,
					0, 0, 0, -1
				]
			}
		}
		Shape
		{
			appearance Appearance
			{
				material Material
				{
					diffuseColor 0.694 0.741 0.788
				}
			}
			geometry IndexedFaceSet
			{
				creaseAngle 0.5
				solid TRUE
				coord Coordinate
				{
					point
					[
						0.417 -12.100 -13.705,
						0.618 -12.100 -13.705,
						0.417 -8.700 -13.705,
						0.618 -8.700 -13.705
					]
				}
				coordIndex
				[
					0, 1, 2, -1,
					2, 1, 3, -1
				]
				normal Normal
				{
					vector
					[
						0.000 0.000 1.000
					]
				}
				normalIndex
				[
					0, 0, 0, -1,
					0, 0, 0, -1
				]
			}
		}
		Shape
		{
			appearance Appearance
			{
				material Material
				{
					diffuseColor 0.694 0.741 0.788
				}
			}
			geometry IndexedFaceSet
			{
				creaseAngle 0.5
				solid TRUE
				coord Coordinate
				{
					point
					[
						0.417 -12.100 -13.705,
						0.417 -12.100 -14.005,
						0.618 -12.100 -13.705,
						0.618 -12.100 -14.005
					]
				}
				coordIndex
				[
					0, 1, 2, -1,
					2, 1, 3, -1
				]
				normal Normal
				{
					vector
					[
						0.000 -1.000 0.000
					]
				}
				normalIndex
				[
					0, 0, 0, -1,
					0, 0, 0, -1
				]
			}
		}
		Shape
		{
			appearance Appearance
			{
				material Material
				{
					diffuseColor 0.694 0.741 0.788
				}
			}
			geometry IndexedFaceSet
			{
				creaseAngle 0.5
				solid TRUE
				coord Coordinate
				{
					point
					[
						-0.618 -12.100 -13.130,
						-0.618 -12.100 -13.430,
						-0.417 -12.100 -13.130,
						-0.417 -12.100 -13.430
					]
				}
				coordIndex
				[
					0, 1, 2, -1,
					2, 1, 3, -1
				]
				normal Normal
				{
					vector
					[
						0.000 -1.000 0.000
					]
				}
				normalIndex
				[
					0, 0, 0, -1,
					0, 0, 0, -1
				]
			}
		}
		Shape
		{
			appearance Appearance
			{
				material Material
				{
					diffuseColor 0.694 0.741 0.788
				}
			}
			geometry IndexedFaceSet
			{
				creaseAngle 0.5
				solid TRUE
				coord Coordinate
				{
					point
					[
						-0.417 -8.700 -13.130,
						-0.417 -12.100 -13.130,
						-0.417 -8.700 -13.430,
						-0.417 -12.100 -13.430
					]
				}
				coordIndex
				[
					0, 1, 2, -1,
					2, 1, 3, -1
				]
				normal Normal
				{
					vector
					[
						1.000 0.000 0.000
					]
				}
				normalIndex
				[
					0, 0, 0, -1,
					0, 0, 0, -1
				]
			}
		}
		Shape
		{
			appearance Appearance
			{
				material Material
				{
					diffuseColor 0.694 0.741 0.788
				}
			}
			geometry IndexedFaceSet
			{
				creaseAngle 0.5
				solid TRUE
				coord Coordinate
				{
					point
					[
						-0.417 -8.700 -13.430,
						-0.417 -12.100 -13.430,
						-0.618 -8.700 -13.430,
						-0.618 -12.100 -13.430
					]
				}
				coordIndex
				[
					0, 1, 2, -1,
					2, 1, 3, -1
				]
				normal Normal
				{
					vector
					[
						0.000 0.000 -1.000
					]
				}
				normalIndex
				[
					0, 0, 0, -1,
					0, 0, 0, -1
				]
			}
		}
		Shape
		{
			appearance Appearance
			{
				material Material
				{
					diffuseColor 0.694 0.741 0.788
				}
			}
			geometry IndexedFaceSet
			{
				creaseAngle 0.5
				solid TRUE
				coord Coordinate
				{
					point
					[
						-0.618 -12.100 -13.430,
						-0.618 -12.100 -13.130,
						-0.618 -8.700 -13.430,
						-0.618 -8.700 -13.130
					]
				}
				coordIndex
				[
					0, 1, 2, -1,
					2, 1, 3, -1
				]
				normal Normal
				{
					vector
					[
						-1.000 0.000 0.000
					]
				}
				normalIndex
				[
					0, 0, 0, -1,
					0, 0, 0, -1
				]
			}
		}
		Shape
		{
			appearance Appearance
			{
				material Material
				{
					diffuseColor 0.694 0.741 0.788
				}
			}
			geometry IndexedFaceSet
			{
				creaseAngle 0.5
				solid TRUE
				coord Coordinate
				{
					point
					[
						-0.618 -12.100 -13.130,
						-0.417 -12.100 -13.130,
						-0.618 -8.700 -13.130,
						-0.417 -8.700 -13.130
					]
				}
				coordIndex
				[
					0, 1, 2, -1,
					2, 1, 3, -1
				]
				normal Normal
				{
					vector
					[
						0.000 0.000 1.000
					]
				}
				normalIndex
				[
					0, 0, 0, -1,
					0, 0, 0, -1
				]
			}
		}
		Shape
		{
			appearance Appearance
			{
				material Material
				{
					diffuseColor 0.694 0.741 0.788
				}
			}
			geometry IndexedFaceSet
			{
				creaseAngle 0.5
				solid TRUE
				coord Coordinate
				{
					point
					[
						0.618 -8.700 -12.550,
						0.618 -12.100 -12.550,
						0.618 -8.700 -12.850,
						0.618 -12.100 -12.850
					]
				}
				coordIndex
				[
					0, 1, 2, -1,
					2, 1, 3, -1
				]
				normal Normal
				{
					vector
					[
						1.000 0.000 0.000
					]
				}
				normalIndex
				[
					0, 0, 0, -1,
					0, 0, 0, -1
				]
			}
		}
		Shape
		{
			appearance Appearance
			{
				material Material
				{
					diffuseColor 0.694 0.741 0.788
				}
			}
			geometry IndexedFaceSet
			{
				creaseAngle 0.5
				solid TRUE
				coord Coordinate
				{
					point
					[
						0.618 -8.700 -12.850,
						0.618 -12.100 -12.850,
						0.417 -8.700 -12.850,
						0.417 -12.100 -12.850
					]
				}
				coordIndex
				[
					0, 1, 2, -1,
					2, 1, 3, -1
				]
				normal Normal
				{
					vector
					[
						0.000 0.000 -1.000
					]
				}
				normalIndex
				[
					0, 0, 0, -1,
					0, 0, 0, -1
				]
			}
		}
		Shape
		{
			appearance Appearance
			{
				material Material
				{
					diffuseColor 0.694 0.741 0.788
				}
			}
			geometry IndexedFaceSet
			{
				creaseAngle 0.5
				solid TRUE
				coord Coordinate
				{
					point
					[
						0.417 -12.100 -12.850,
						0.417 -12.100 -12.550,
						0.417 -8.700 -12.850,
						0.417 -8.700 -12.550
					]
				}
				coordIndex
				[
					0, 1, 2, -1,
					2, 1, 3, -1
				]
				normal Normal
				{
					vector
					[
						-1.000 0.000 0.000
					]
				}
				normalIndex
				[
					0, 0, 0, -1,
					0, 0, 0, -1
				]
			}
		}
		Shape
		{
			appearance Appearance
			{
				material Material
				{
					diffuseColor 0.694 0.741 0.788
				}
			}
			geometry IndexedFaceSet
			{
				creaseAngle 0.5
				solid TRUE
				coord Coordinate
				{
					point
					[
						0.417 -12.100 -12.550,
						0.618 -12.100 -12.550,
						0.417 -8.700 -12.550,
						0.618 -8.700 -12.550
					]
				}
				coordIndex
				[
					0, 1, 2, -1,
					2, 1, 3, -1
				]
				normal Normal
				{
					vector
					[
						0.000 0.000 1.000
					]
				}
				normalIndex
				[
					0, 0, 0, -1,
					0, 0, 0, -1
				]
			}
		}
		Shape
		{
			appearance Appearance
			{
				material Material
				{
					diffuseColor 0.694 0.741 0.788
				}
			}
			geometry IndexedFaceSet
			{
				creaseAngle 0.5
				solid TRUE
				coord Coordinate
				{
					point
					[
						0.417 -12.100 -12.550,
						0.417 -12.100 -12.850,
						0.618 -12.100 -12.550,
						0.618 -12.100 -12.850
					]
				}
				coordIndex
				[
					0, 1, 2, -1,
					2, 1, 3, -1
				]
				normal Normal
				{
					vector
					[
						0.000 -1.000 0.000
					]
				}
				normalIndex
				[
					0, 0, 0, -1,
					0, 0, 0, -1
				]
			}
		}
		Shape
		{
			appearance Appearance
			{
				material Material
				{
					diffuseColor 0.694 0.741 0.788
				}
			}
			geometry IndexedFaceSet
			{
				creaseAngle 0.5
				solid TRUE
				coord Coordinate
				{
					point
					[
						-0.618 -12.100 -11.975,
						-0.618 -12.100 -12.275,
						-0.417 -12.100 -11.975,
						-0.417 -12.100 -12.275
					]
				}
				coordIndex
				[
					0, 1, 2, -1,
					2, 1, 3, -1
				]
				normal Normal
				{
					vector
					[
						0.000 -1.000 0.000
					]
				}
				normalIndex
				[
					0, 0, 0, -1,
					0, 0, 0, -1
				]
			}
		}
		Shape
		{
			appearance Appearance
			{
				material Material
				{
					diffuseColor 0.694 0.741 0.788
				}
			}
			geometry IndexedFaceSet
			{
				creaseAngle 0.5
				solid TRUE
				coord Coordinate
				{
					point
					[
						-0.417 -8.700 -11.975,
						-0.417 -12.100 -11.975,
						-0.417 -8.700 -12.275,
						-0.417 -12.100 -12.275
					]
				}
				coordIndex
				[
					0, 1, 2, -1,
					2, 1, 3, -1
				]
				normal Normal
				{
					vector
					[
						1.000 0.000 0.000
					]
				}
				normalIndex
				[
					0, 0, 0, -1,
					0, 0, 0, -1
				]
			}
		}
		Shape
		{
			appearance Appearance
			{
				material Material
				{
					diffuseColor 0.694 0.741 0.788
				}
			}
			geometry IndexedFaceSet
			{
				creaseAngle 0.5
				solid TRUE
				coord Coordinate
				{
					point
					[
						-0.417 -8.700 -12.275,
						-0.417 -12.100 -12.275,
						-0.618 -8.700 -12.275,
						-0.618 -12.100 -12.275
					]
				}
				coordIndex
				[
					0, 1, 2, -1,
					2, 1, 3, -1
				]
				normal Normal
				{
					vector
					[
						0.000 0.000 -1.000
					]
				}
				normalIndex
				[
					0, 0, 0, -1,
					0, 0, 0, -1
				]
			}
		}
		Shape
		{
			appearance Appearance
			{
				material Material
				{
					diffuseColor 0.694 0.741 0.788
				}
			}
			geometry IndexedFaceSet
			{
				creaseAngle 0.5
				solid TRUE
				coord Coordinate
				{
					point
					[
						-0.618 -12.100 -12.275,
						-0.618 -12.100 -11.975,
						-0.618 -8.700 -12.275,
						-0.618 -8.700 -11.975
					]
				}
				coordIndex
				[
					0, 1, 2, -1,
					2, 1, 3, -1
				]
				normal Normal
				{
					vector
					[
						-1.000 0.000 0.000
					]
				}
				normalIndex
				[
					0, 0, 0, -1,
					0, 0, 0, -1
				]
			}
		}
		Shape
		{
			appearance Appearance
			{
				material Material
				{
					diffuseColor 0.694 0.741 0.788
				}
			}
			geometry IndexedFaceSet
			{
				creaseAngle 0.5
				solid TRUE
				coord Coordinate
				{
					point
					[
						-0.618 -12.100 -11.975,
						-0.417 -12.100 -11.975,
						-0.618 -8.700 -11.975,
						-0.417 -8.700 -11.975
					]
				}
				coordIndex
				[
					0, 1, 2, -1,
					2, 1, 3, -1
				]
				normal Normal
				{
					vector
					[
						0.000 0.000 1.000
					]
				}
				normalIndex
				[
					0, 0, 0, -1,
					0, 0, 0, -1
				]
			}
		}
		Shape
		{
			appearance Appearance
			{
				material Material
				{
					diffuseColor 0.694 0.741 0.788
				}
			}
			geometry IndexedFaceSet
			{
				creaseAngle 0.5
				solid TRUE
				coord Coordinate
				{
					point
					[
						0.618 -8.700 -11.395,
						0.618 -12.100 -11.395,
						0.618 -8.700 -11.695,
						0.618 -12.100 -11.695
					]
				}
				coordIndex
				[
					0, 1, 2, -1,
					2, 1, 3, -1
				]
				normal Normal
				{
					vector
					[
						1.000 0.000 0.000
					]
				}
				normalIndex
				[
					0, 0, 0, -1,
					0, 0, 0, -1
				]
			}
		}
		Shape
		{
			appearance Appearance
			{
				material Material
				{
					diffuseColor 0.694 0.741 0.788
				}
			}
			geometry IndexedFaceSet
			{
				creaseAngle 0.5
				solid TRUE
				coord Coordinate
				{
					point
					[
						0.618 -8.700 -11.695,
						0.618 -12.100 -11.695,
						0.417 -8.700 -11.695,
						0.417 -12.100 -11.695
					]
				}
				coordIndex
				[
					0, 1, 2, -1,
					2, 1, 3, -1
				]
				normal Normal
				{
					vector
					[
						0.000 0.000 -1.000
					]
				}
				normalIndex
				[
					0, 0, 0, -1,
					0, 0, 0, -1
				]
			}
		}
		Shape
		{
			appearance Appearance
			{
				material Material
				{
					diffuseColor 0.694 0.741 0.788
				}
			}
			geometry IndexedFaceSet
			{
				creaseAngle 0.5
				solid TRUE
				coord Coordinate
				{
					point
					[
						0.417 -12.100 -11.695,
						0.417 -12.100 -11.395,
						0.417 -8.700 -11.695,
						0.417 -8.700 -11.395
					]
				}
				coordIndex
				[
					0, 1, 2, -1,
					2, 1, 3, -1
				]
				normal Normal
				{
					vector
					[
						-1.000 0.000 0.000
					]
				}
				normalIndex
				[
					0, 0, 0, -1,
					0, 0, 0, -1
				]
			}
		}
		Shape
		{
			appearance Appearance
			{
				material Material
				{
					diffuseColor 0.694 0.741 0.788
				}
			}
			geometry IndexedFaceSet
			{
				creaseAngle 0.5
				solid TRUE
				coord Coordinate
				{
					point
					[
						0.417 -12.100 -11.395,
						0.618 -12.100 -11.395,
						0.417 -8.700 -11.395,
						0.618 -8.700 -11.395
					]
				}
				coordIndex
				[
					0, 1, 2, -1,
					2, 1, 3, -1
				]
				normal Normal
				{
					vector
					[
						0.000 0.000 1.000
					]
				}
				normalIndex
				[
					0, 0, 0, -1,
					0, 0, 0, -1
				]
			}
		}
		Shape
		{
			appearance Appearance
			{
				material Material
				{
					diffuseColor 0.694 0.741 0.788
				}
			}
			geometry IndexedFaceSet
			{
				creaseAngle 0.5
				solid TRUE
				coord Coordinate
				{
					point
					[
						0.417 -12.100 -11.395,
						0.417 -12.100 -11.695,
						0.618 -12.100 -11.395,
						0.618 -12.100 -11.695
					]
				}
				coordIndex
				[
					0, 1, 2, -1,
					2, 1, 3, -1
				]
				normal Normal
				{
					vector
					[
						0.000 -1.000 0.000
					]
				}
				normalIndex
				[
					0, 0, 0, -1,
					0, 0, 0, -1
				]
			}
		}
		Shape
		{
			appearance Appearance
			{
				material Material
				{
					diffuseColor 0.694 0.741 0.788
				}
			}
			geometry IndexedFaceSet
			{
				creaseAngle 0.5
				solid TRUE
				coord Coordinate
				{
					point
					[
						-0.618 -12.100 -10.820,
						-0.618 -12.100 -11.120,
						-0.417 -12.100 -10.820,
						-0.417 -12.100 -11.120
					]
				}
				coordIndex
				[
					0, 1, 2, -1,
					2, 1, 3, -1
				]
				normal Normal
				{
					vector
					[
						0.000 -1.000 0.000
					]
				}
				normalIndex
				[
					0, 0, 0, -1,
					0, 0, 0, -1
				]
			}
		}
		Shape
		{
			appearance Appearance
			{
				material Material
				{
					diffuseColor 0.694 0.741 0.788
				}
			}
			geometry IndexedFaceSet
			{
				creaseAngle 0.5
				solid TRUE
				coord Coordinate
				{
					point
					[
						-0.417 -8.700 -10.820,
						-0.417 -12.100 -10.820,
						-0.417 -8.700 -11.120,
						-0.417 -12.100 -11.120
					]
				}
				coordIndex
				[
					0, 1, 2, -1,
					2, 1, 3, -1
				]
				normal Normal
				{
					vector
					[
						1.000 0.000 0.000
					]
				}
				normalIndex
				[
					0, 0, 0, -1,
					0, 0, 0, -1
				]
			}
		}
		Shape
		{
			appearance Appearance
			{
				material Material
				{
					diffuseColor 0.694 0.741 0.788
				}
			}
			geometry IndexedFaceSet
			{
				creaseAngle 0.5
				solid TRUE
				coord Coordinate
				{
					point
					[
						-0.417 -8.700 -11.120,
						-0.417 -12.100 -11.120,
						-0.618 -8.700 -11.120,
						-0.618 -12.100 -11.120
					]
				}
				coordIndex
				[
					0, 1, 2, -1,
					2, 1, 3, -1
				]
				normal Normal
				{
					vector
					[
						0.000 0.000 -1.000
					]
				}
				normalIndex
				[
					0, 0, 0, -1,
					0, 0, 0, -1
				]
			}
		}
		Shape
		{
			appearance Appearance
			{
				material Material
				{
					diffuseColor 0.694 0.741 0.788
				}
			}
			geometry IndexedFaceSet
			{
				creaseAngle 0.5
				solid TRUE
				coord Coordinate
				{
					point
					[
						-0.618 -12.100 -11.120,
						-0.618 -12.100 -10.820,
						-0.618 -8.700 -11.120,
						-0.618 -8.700 -10.820
					]
				}
				coordIndex
				[
					0, 1, 2, -1,
					2, 1, 3, -1
				]
				normal Normal
				{
					vector
					[
						-1.000 0.000 0.000
					]
				}
				normalIndex
				[
					0, 0, 0, -1,
					0, 0, 0, -1
				]
			}
		}
		Shape
		{
			appearance Appearance
			{
				material Material
				{
					diffuseColor 0.694 0.741 0.788
				}
			}
			geometry IndexedFaceSet
			{
				creaseAngle 0.5
				solid TRUE
				coord Coordinate
				{
					point
					[
						-0.618 -12.100 -10.820,
						-0.417 -12.100 -10.820,
						-0.618 -8.700 -10.820,
						-0.417 -8.700 -10.820
					]
				}
				coordIndex
				[
					0, 1, 2, -1,
					2, 1, 3, -1
				]
				normal Normal
				{
					vector
					[
						0.000 0.000 1.000
					]
				}
				normalIndex
				[
					0, 0, 0, -1,
					0, 0, 0, -1
				]
			}
		}
		Shape
		{
			appearance Appearance
			{
				material Material
				{
					diffuseColor 0.694 0.741 0.788
				}
			}
			geometry IndexedFaceSet
			{
				creaseAngle 0.5
				solid TRUE
				coord Coordinate
				{
					point
					[
						0.618 -8.700 -10.240,
						0.618 -12.100 -10.240,
						0.618 -8.700 -10.540,
						0.618 -12.100 -10.540
					]
				}
				coordIndex
				[
					0, 1, 2, -1,
					2, 1, 3, -1
				]
				normal Normal
				{
					vector
					[
						1.000 0.000 0.000
					]
				}
				normalIndex
				[
					0, 0, 0, -1,
					0, 0, 0, -1
				]
			}
		}
		Shape
		{
			appearance Appearance
			{
				material Material
				{
					diffuseColor 0.694 0.741 0.788
				}
			}
			geometry IndexedFaceSet
			{
				creaseAngle 0.5
				solid TRUE
				coord Coordinate
				{
					point
					[
						0.618 -8.700 -10.540,
						0.618 -12.100 -10.540,
						0.417 -8.700 -10.540,
						0.417 -12.100 -10.540
					]
				}
				coordIndex
				[
					0, 1, 2, -1,
					2, 1, 3, -1
				]
				normal Normal
				{
					vector
					[
						0.000 0.000 -1.000
					]
				}
				normalIndex
				[
					0, 0, 0, -1,
					0, 0, 0, -1
				]
			}
		}
		Shape
		{
			appearance Appearance
			{
				material Material
				{
					diffuseColor 0.694 0.741 0.788
				}
			}
			geometry IndexedFaceSet
			{
				creaseAngle 0.5
				solid TRUE
				coord Coordinate
				{
					point
					[
						0.417 -12.100 -10.540,
						0.417 -12.100 -10.240,
						0.417 -8.700 -10.540,
						0.417 -8.700 -10.240
					]
				}
				coordIndex
				[
					0, 1, 2, -1,
					2, 1, 3, -1
				]
				normal Normal
				{
					vector
					[
						-1.000 0.000 0.000
					]
				}
				normalIndex
				[
					0, 0, 0, -1,
					0, 0, 0, -1
				]
			}
		}
		Shape
		{
			appearance Appearance
			{
				material Material
				{
					diffuseColor 0.694 0.741 0.788
				}
			}
			geometry IndexedFaceSet
			{
				creaseAngle 0.5
				solid TRUE
				coord Coordinate
				{
					point
					[
						0.417 -12.100 -10.240,
						0.618 -12.100 -10.240,
						0.417 -8.700 -10.240,
						0.618 -8.700 -10.240
					]
				}
				coordIndex
				[
					0, 1, 2, -1,
					2, 1, 3, -1
				]
				normal Normal
				{
					vector
					[
						0.000 0.000 1.000
					]
				}
				normalIndex
				[
					0, 0, 0, -1,
					0, 0, 0, -1
				]
			}
		}
		Shape
		{
			appearance Appearance
			{
				material Material
				{
					diffuseColor 0.694 0.741 0.788
				}
			}
			geometry IndexedFaceSet
			{
				creaseAngle 0.5
				solid TRUE
				coord Coordinate
				{
					point
					[
						0.417 -12.100 -10.240,
						0.417 -12.100 -10.540,
						0.618 -12.100 -10.240,
						0.618 -12.100 -10.540
					]
				}
				coordIndex
				[
					0, 1, 2, -1,
					2, 1, 3, -1
				]
				normal Normal
				{
					vector
					[
						0.000 -1.000 0.000
					]
				}
				normalIndex
				[
					0, 0, 0, -1,
					0, 0, 0, -1
				]
			}
		}
		Shape
		{
			appearance Appearance
			{
				material Material
				{
					diffuseColor 0.694 0.741 0.788
				}
			}
			geometry IndexedFaceSet
			{
				creaseAngle 0.5
				solid TRUE
				coord Coordinate
				{
					point
					[
						1.750 6.950 -8.900,
						1.750 6.950 -6.800,
						1.879 6.933 -8.900,
						1.879 6.933 -6.800,
						2.000 6.883 -6.800,
						2.000 6.883 -8.900,
						2.104 6.804 -6.800,
						2.104 6.804 -8.900,
						2.183 6.700 -6.800,
						2.183 6.700 -8.900,
						2.233 6.579 -8.900,
						2.233 6.579 -6.800,
						2.250 6.450 -6.800,
						2.250 6.450 -8.900
					]
				}
				coordIndex
				[
					0, 1, 2, -1,
					2, 1, 3, -1,
					2, 3, 4, -1,
					2, 4, 5, -1,
					5, 4, 6, -1,
					5, 6, 7, -1,
					7, 6, 8, -1,
					7, 8, 9, -1,
					9, 8, 10, -1,
					8, 11, 10, -1,
					10, 11, 12, -1,
					10, 12, 13, -1
				]
				normal Normal
				{
					vector
					[
						0.000 1.000 0.000,
						0.259 0.966 0.000,
						0.500 0.866 0.000,
						0.707 0.707 0.000,
						0.866 0.500 0.000,
						0.966 0.259 0.000,
						1.000 0.000 0.000
					]
				}
				normalIndex
				[
					0, 0, 1, -1,
					1, 0, 1, -1,
					1, 1, 2, -1,
					1, 2, 2, -1,
					2, 2, 3, -1,
					2, 3, 3, -1,
					3, 3, 4, -1,
					3, 4, 4, -1,
					4, 4, 5, -1,
					4, 5, 5, -1,
					5, 5, 6, -1,
					5, 6, 6, -1
				]
			}
		}
		Shape
		{
			appearance Appearance
			{
				material Material
				{
					diffuseColor 0.694 0.741 0.788
				}
			}
			geometry IndexedFaceSet
			{
				creaseAngle 0.5
				solid TRUE
				coord Coordinate
				{
					point
					[
						-0.336 6.950 -6.800,
						1.750 6.950 -6.800,
						-0.336 6.950 -8.900,
						1.750 6.950 -8.900
					]
				}
				coordIndex
				[
					0, 1, 2, -1,
					2, 1, 3, -1
				]
				normal Normal
				{
					vector
					[
						-0.000 1.000 0.000
					]
				}
				normalIndex
				[
					0, 0, 0, -1,
					0, 0, 0, -1
				]
			}
		}
		Shape
		{
			appearance Appearance
			{
				material Material
				{
					diffuseColor 0.694 0.741 0.788
				}
			}
			geometry IndexedFaceSet
			{
				creaseAngle 0.5
				solid TRUE
				coord Coordinate
				{
					point
					[
						-0.812 6.604 -8.900,
						-0.812 6.604 -6.800,
						-0.759 6.717 -8.900,
						-0.759 6.717 -6.800,
						-0.679 6.814 -6.800,
						-0.679 6.814 -8.900,
						-0.577 6.888 -6.800,
						-0.577 6.888 -8.900,
						-0.461 6.934 -6.800,
						-0.461 6.934 -8.900,
						-0.336 6.950 -8.900,
						-0.336 6.950 -6.800
					]
				}
				coordIndex
				[
					0, 1, 2, -1,
					2, 1, 3, -1,
					2, 3, 4, -1,
					2, 4, 5, -1,
					5, 4, 6, -1,
					5, 6, 7, -1,
					7, 6, 8, -1,
					7, 8, 9, -1,
					9, 8, 10, -1,
					8, 11, 10, -1
				]
				normal Normal
				{
					vector
					[
						-0.952 0.307 0.000,
						-0.845 0.535 0.000,
						-0.685 0.728 0.000,
						-0.482 0.876 0.000,
						-0.249 0.968 0.000,
						0.000 1.000 0.000
					]
				}
				normalIndex
				[
					0, 0, 1, -1,
					1, 0, 1, -1,
					1, 1, 2, -1,
					1, 2, 2, -1,
					2, 2, 3, -1,
					2, 3, 3, -1,
					3, 3, 4, -1,
					3, 4, 4, -1,
					4, 4, 5, -1,
					4, 5, 5, -1
				]
			}
		}
		Shape
		{
			appearance Appearance
			{
				material Material
				{
					diffuseColor 0.694 0.741 0.788
				}
			}
			geometry IndexedFaceSet
			{
				creaseAngle 0.5
				solid TRUE
				coord Coordinate
				{
					point
					[
						-0.971 6.111 -8.900,
						-0.971 6.111 -6.800,
						-0.812 6.604 -8.900,
						-0.812 6.604 -6.800
					]
				}
				coordIndex
				[
					0, 1, 2, -1,
					2, 1, 3, -1
				]
				normal Normal
				{
					vector
					[
						-0.952 0.307 0.000
					]
				}
				normalIndex
				[
					0, 0, 0, -1,
					0, 0, 0, -1
				]
			}
		}
		Shape
		{
			appearance Appearance
			{
				material Material
				{
					diffuseColor 0.694 0.741 0.788
				}
			}
			geometry IndexedFaceSet
			{
				creaseAngle 0.5
				solid TRUE
				coord Coordinate
				{
					point
					[
						-1.102 5.902 -8.900,
						-1.102 5.902 -6.800,
						-1.047 5.964 -8.900,
						-1.047 5.964 -6.800,
						-1.003 6.034 -6.800,
						-0.971 6.111 -6.800,
						-0.971 6.111 -8.900,
						-1.003 6.034 -8.900
					]
				}
				coordIndex
				[
					0, 1, 2, -1,
					2, 1, 3, -1,
					2, 3, 4, -1,
					5, 6, 4, -1,
					4, 6, 7, -1,
					4, 7, 2, -1
				]
				normal Normal
				{
					vector
					[
						-0.689 0.724 -0.000,
						-0.800 0.601 -0.000,
						-0.888 0.460 -0.000,
						-0.952 0.307 -0.000
					]
				}
				normalIndex
				[
					0, 0, 1, -1,
					1, 0, 1, -1,
					1, 1, 2, -1,
					3, 3, 2, -1,
					2, 3, 2, -1,
					2, 2, 1, -1
				]
			}
		}
		Shape
		{
			appearance Appearance
			{
				material Material
				{
					diffuseColor 0.694 0.741 0.788
				}
			}
			geometry IndexedFaceSet
			{
				creaseAngle 0.5
				solid TRUE
				coord Coordinate
				{
					point
					[
						-1.036 5.475 -8.150,
						-1.036 5.475 -6.800,
						-1.276 5.737 -8.150,
						-1.276 5.737 -6.800
					]
				}
				coordIndex
				[
					0, 1, 2, -1,
					2, 1, 3, -1
				]
				normal Normal
				{
					vector
					[
						-0.737 -0.676 -0.000
					]
				}
				normalIndex
				[
					0, 0, 0, -1,
					0, 0, 0, -1
				]
			}
		}
		Shape
		{
			appearance Appearance
			{
				material Material
				{
					diffuseColor 0.694 0.741 0.788
				}
			}
			geometry IndexedFaceSet
			{
				creaseAngle 0.5
				solid TRUE
				coord Coordinate
				{
					point
					[
						-1.692 4.874 -6.800,
						-1.036 5.475 -6.800,
						-1.692 4.874 -6.827,
						-1.036 5.475 -8.150,
						-1.692 4.874 -8.150
					]
				}
				coordIndex
				[
					0, 1, 2, -1,
					2, 1, 3, -1,
					2, 3, 4, -1
				]
				normal Normal
				{
					vector
					[
						-0.676 0.737 -0.000
					]
				}
				normalIndex
				[
					0, 0, 0, -1,
					0, 0, 0, -1,
					0, 0, 0, -1
				]
			}
		}
		Shape
		{
			appearance Appearance
			{
				material Material
				{
					diffuseColor 0.694 0.741 0.788
				}
			}
			geometry IndexedFaceSet
			{
				creaseAngle 0.5
				solid TRUE
				coord Coordinate
				{
					point
					[
						-1.916 5.118 -7.216,
						-1.903 5.104 -7.140,
						-1.920 5.124 -7.300,
						-1.883 5.083 -7.071,
						-1.857 5.055 -7.009,
						-1.826 5.020 -6.953,
						-1.788 4.979 -6.903,
						-1.744 4.931 -6.861,
						-1.692 4.874 -6.827,
						-1.692 4.874 -8.150,
						-1.920 5.124 -8.150
					]
				}
				coordIndex
				[
					0, 1, 2, -1,
					2, 1, 3, -1,
					2, 3, 4, -1,
					4, 5, 2, -1,
					2, 5, 6, -1,
					2, 6, 7, -1,
					7, 8, 2, -1,
					2, 8, 9, -1,
					2, 9, 10, -1
				]
				normal Normal
				{
					vector
					[
						0.737 0.676 0.000
					]
				}
				normalIndex
				[
					0, 0, 0, -1,
					0, 0, 0, -1,
					0, 0, 0, -1,
					0, 0, 0, -1,
					0, 0, 0, -1,
					0, 0, 0, -1,
					0, 0, 0, -1,
					0, 0, 0, -1,
					0, 0, 0, -1
				]
			}
		}
		Shape
		{
			appearance Appearance
			{
				material Material
				{
					diffuseColor 0.694 0.741 0.788
				}
			}
			geometry IndexedFaceSet
			{
				creaseAngle 0.5
				solid TRUE
				coord Coordinate
				{
					point
					[
						-1.692 4.874 -8.150,
						-1.036 5.475 -8.150,
						-1.920 5.124 -8.150,
						-1.276 5.737 -8.150
					]
				}
				coordIndex
				[
					0, 1, 2, -1,
					2, 1, 3, -1
				]
				normal Normal
				{
					vector
					[
						-0.000 -0.000 1.000
					]
				}
				normalIndex
				[
					0, 0, 0, -1,
					0, 0, 0, -1
				]
			}
		}
		Shape
		{
			appearance Appearance
			{
				material Material
				{
					diffuseColor 0.694 0.741 0.788
				}
			}
			geometry IndexedFaceSet
			{
				creaseAngle 0.5
				solid TRUE
				coord Coordinate
				{
					point
					[
						-1.692 4.874 -6.827,
						-1.638 4.815 -6.807,
						-1.692 4.874 -6.800,
						-1.583 4.755 -6.800
					]
				}
				coordIndex
				[
					0, 1, 2, -1,
					2, 1, 3, -1
				]
				normal Normal
				{
					vector
					[
						-0.737 -0.676 -0.000
					]
				}
				normalIndex
				[
					0, 0, 0, -1,
					0, 0, 0, -1
				]
			}
		}
		Shape
		{
			appearance Appearance
			{
				material Material
				{
					diffuseColor 0.694 0.741 0.788
				}
			}
			geometry IndexedFaceSet
			{
				creaseAngle 0.5
				solid TRUE
				coord Coordinate
				{
					point
					[
						0.385 -5.200 -6.600,
						0.388 -5.200 -6.637,
						0.385 -4.725 -6.600,
						0.392 -4.725 -6.651,
						0.399 -5.200 -6.672,
						0.411 -4.725 -6.699,
						0.415 -5.200 -6.705,
						0.437 -5.200 -6.735,
						0.442 -4.725 -6.740,
						0.464 -5.200 -6.760,
						0.473 -4.725 -6.766,
						0.496 -5.200 -6.779,
						0.508 -4.725 -6.784,
						0.530 -5.200 -6.792,
						0.546 -4.725 -6.796,
						0.567 -5.200 -6.799,
						0.585 -4.725 -6.800,
						0.585 -5.200 -6.800
					]
				}
				coordIndex
				[
					0, 1, 2, -1,
					2, 1, 3, -1,
					1, 4, 3, -1,
					3, 4, 5, -1,
					4, 6, 5, -1,
					5, 6, 7, -1,
					5, 7, 8, -1,
					8, 7, 9, -1,
					8, 9, 10, -1,
					10, 9, 11, -1,
					10, 11, 12, -1,
					12, 11, 13, -1,
					12, 13, 14, -1,
					14, 13, 15, -1,
					14, 15, 16, -1,
					16, 15, 17, -1
				]
				normal Normal
				{
					vector
					[
						1.000 -0.000 -0.000,
						0.983 -0.000 0.184,
						0.967 -0.000 0.256,
						0.932 -0.000 0.361,
						0.869 -0.000 0.496,
						0.850 -0.000 0.526,
						0.739 -0.000 0.674,
						0.712 -0.000 0.702,
						0.603 -0.000 0.798,
						0.560 -0.000 0.828,
						0.446 -0.000 0.895,
						0.386 -0.000 0.922,
						0.274 -0.000 0.962,
						0.197 -0.000 0.980,
						0.092 -0.000 0.996,
						-0.000 -0.000 1.000
					]
				}
				normalIndex
				[
					0, 1, 0, -1,
					0, 1, 2, -1,
					1, 3, 2, -1,
					2, 3, 4, -1,
					3, 5, 4, -1,
					4, 5, 6, -1,
					4, 6, 7, -1,
					7, 6, 8, -1,
					7, 8, 9, -1,
					9, 8, 10, -1,
					9, 10, 11, -1,
					11, 10, 12, -1,
					11, 12, 13, -1,
					13, 12, 14, -1,
					13, 14, 15, -1,
					15, 14, 15, -1
				]
			}
		}
		Shape
		{
			appearance Appearance
			{
				material Material
				{
					diffuseColor 0.694 0.741 0.788
				}
			}
			geometry IndexedFaceSet
			{
				creaseAngle 0.5
				solid TRUE
				coord Coordinate
				{
					point
					[
						0.411 -4.725 -6.699,
						0.442 -4.725 -6.740,
						0.385 -4.725 -6.600,
						0.442 -4.725 -2.700,
						0.385 -4.725 -2.700,
						0.392 -4.725 -6.651
					]
				}
				coordIndex
				[
					0, 1, 2, -1,
					2, 1, 3, -1,
					2, 3, 4, -1,
					2, 5, 0, -1
				]
				normal Normal
				{
					vector
					[
						0.000 -1.000 0.000
					]
				}
				normalIndex
				[
					0, 0, 0, -1,
					0, 0, 0, -1,
					0, 0, 0, -1,
					0, 0, 0, -1
				]
			}
		}
		Shape
		{
			appearance Appearance
			{
				material Material
				{
					diffuseColor 0.694 0.741 0.788
				}
			}
			geometry IndexedFaceSet
			{
				creaseAngle 0.5
				solid TRUE
				coord Coordinate
				{
					point
					[
						0.385 -5.200 -6.600,
						0.385 -4.725 -6.600,
						0.385 -5.200 -3.034,
						0.385 -4.725 -2.700,
						0.385 -4.908 -2.200,
						0.385 -4.275 -2.700,
						0.385 -3.725 -2.700,
						0.385 -3.725 -6.600,
						0.385 -4.275 -6.600,
						0.385 -3.275 -2.700,
						0.385 -2.725 -2.700,
						0.385 -2.275 -2.700,
						0.385 -3.275 -6.600,
						0.385 -2.725 -6.600,
						0.385 -2.275 -6.600,
						0.385 -1.725 -6.600,
						0.385 -1.725 -2.700,
						0.385 -1.275 -2.700,
						0.385 -0.725 -2.700,
						0.385 -0.725 -6.600,
						0.385 -1.275 -6.600,
						0.385 -0.275 -2.700,
						0.385 0.275 -2.700,
						0.385 4.908 -2.200,
						0.385 0.725 -2.700,
						0.385 1.275 -2.700,
						0.385 1.275 -6.600,
						0.385 -0.275 -6.600,
						0.385 0.275 -6.600,
						0.385 0.725 -6.600,
						0.385 1.725 -2.700,
						0.385 2.275 -2.700,
						0.385 2.725 -2.700,
						0.385 1.725 -6.600,
						0.385 2.275 -6.600,
						0.385 2.725 -6.600,
						0.385 3.275 -6.600,
						0.385 3.275 -2.700,
						0.385 3.725 -2.700,
						0.385 4.275 -2.700,
						0.385 4.275 -6.600,
						0.385 3.725 -6.600,
						0.385 4.725 -2.700,
						0.385 5.200 -3.034,
						0.385 4.725 -6.600,
						0.385 5.200 -6.600
					]
				}
				coordIndex
				[
					0, 1, 2, -1,
					2, 1, 3, -1,
					2, 3, 4, -1,
					4, 3, 5, -1,
					4, 5, 6, -1,
					6, 5, 7, -1,
					5, 8, 7, -1,
					6, 9, 4, -1,
					4, 9, 10, -1,
					4, 10, 11, -1,
					12, 13, 9, -1,
					9, 13, 10, -1,
					14, 15, 11, -1,
					11, 15, 16, -1,
					11, 16, 4, -1,
					4, 16, 17, -1,
					4, 17, 18, -1,
					18, 17, 19, -1,
					17, 20, 19, -1,
					18, 21, 4, -1,
					4, 21, 22, -1,
					4, 22, 23, -1,
					23, 22, 24, -1,
					23, 24, 25, -1,
					25, 24, 26, -1,
					27, 28, 21, -1,
					21, 28, 22, -1,
					24, 29, 26, -1,
					25, 30, 23, -1,
					23, 30, 31, -1,
					23, 31, 32, -1,
					33, 34, 30, -1,
					30, 34, 31, -1,
					35, 36, 32, -1,
					32, 36, 37, -1,
					32, 37, 23, -1,
					23, 37, 38, -1,
					23, 38, 39, -1,
					39, 38, 40, -1,
					38, 41, 40, -1,
					39, 42, 23, -1,
					23, 42, 43, -1,
					42, 44, 43, -1,
					43, 44, 45, -1
				]
				normal Normal
				{
					vector
					[
						1.000 0.000 0.000
					]
				}
				normalIndex
				[
					0, 0, 0, -1,
					0, 0, 0, -1,
					0, 0, 0, -1,
					0, 0, 0, -1,
					0, 0, 0, -1,
					0, 0, 0, -1,
					0, 0, 0, -1,
					0, 0, 0, -1,
					0, 0, 0, -1,
					0, 0, 0, -1,
					0, 0, 0, -1,
					0, 0, 0, -1,
					0, 0, 0, -1,
					0, 0, 0, -1,
					0, 0, 0, -1,
					0, 0, 0, -1,
					0, 0, 0, -1,
					0, 0, 0, -1,
					0, 0, 0, -1,
					0, 0, 0, -1,
					0, 0, 0, -1,
					0, 0, 0, -1,
					0, 0, 0, -1,
					0, 0, 0, -1,
					0, 0, 0, -1,
					0, 0, 0, -1,
					0, 0, 0, -1,
					0, 0, 0, -1,
					0, 0, 0, -1,
					0, 0, 0, -1,
					0, 0, 0, -1,
					0, 0, 0, -1,
					0, 0, 0, -1,
					0, 0, 0, -1,
					0, 0, 0, -1,
					0, 0, 0, -1,
					0, 0, 0, -1,
					0, 0, 0, -1,
					0, 0, 0, -1,
					0, 0, 0, -1,
					0, 0, 0, -1,
					0, 0, 0, -1,
					0, 0, 0, -1,
					0, 0, 0, -1
				]
			}
		}
		Shape
		{
			appearance Appearance
			{
				material Material
				{
					diffuseColor 0.694 0.741 0.788
				}
			}
			geometry IndexedFaceSet
			{
				creaseAngle 0.5
				solid TRUE
				coord Coordinate
				{
					point
					[
						0.385 -5.200 -6.600,
						0.385 -5.200 -3.034,
						0.383 -5.228 -6.600,
						0.381 -5.239 -3.034,
						0.377 -5.255 -6.600,
						0.370 -5.277 -3.034,
						0.364 -5.290 -6.600,
						0.351 -5.311 -3.034,
						0.344 -5.321 -6.600,
						0.326 -5.341 -3.034,
						0.319 -5.348 -6.600,
						0.296 -5.366 -3.034,
						0.290 -5.370 -6.600,
						0.262 -5.385 -3.034,
						0.257 -5.387 -6.600,
						0.224 -5.396 -3.034,
						0.221 -5.397 -6.600,
						0.185 -5.400 -6.600,
						0.185 -5.400 -3.034
					]
				}
				coordIndex
				[
					0, 1, 2, -1,
					2, 1, 3, -1,
					2, 3, 4, -1,
					4, 3, 5, -1,
					4, 5, 6, -1,
					6, 5, 7, -1,
					6, 7, 8, -1,
					8, 7, 9, -1,
					8, 9, 10, -1,
					10, 9, 11, -1,
					10, 11, 12, -1,
					12, 11, 13, -1,
					12, 13, 14, -1,
					14, 13, 15, -1,
					14, 15, 16, -1,
					16, 15, 17, -1,
					15, 18, 17, -1
				]
				normal Normal
				{
					vector
					[
						1.000 0.000 0.000,
						0.990 -0.139 0.000,
						0.981 -0.195 0.000,
						0.961 -0.276 0.000,
						0.924 -0.383 0.000,
						0.894 -0.448 0.000,
						0.831 -0.556 0.000,
						0.797 -0.604 0.000,
						0.707 -0.707 0.000,
						0.672 -0.740 0.000,
						0.556 -0.831 0.000,
						0.525 -0.851 0.000,
						0.383 -0.924 0.000,
						0.359 -0.933 0.000,
						0.195 -0.981 0.000,
						0.182 -0.983 0.000,
						0.000 -1.000 0.000
					]
				}
				normalIndex
				[
					0, 0, 1, -1,
					1, 0, 2, -1,
					1, 2, 3, -1,
					3, 2, 4, -1,
					3, 4, 5, -1,
					5, 4, 6, -1,
					5, 6, 7, -1,
					7, 6, 8, -1,
					7, 8, 9, -1,
					9, 8, 10, -1,
					9, 10, 11, -1,
					11, 10, 12, -1,
					11, 12, 13, -1,
					13, 12, 14, -1,
					13, 14, 15, -1,
					15, 14, 16, -1,
					14, 16, 16, -1
				]
			}
		}
		Shape
		{
			appearance Appearance
			{
				material Material
				{
					diffuseColor 0.694 0.741 0.788
				}
			}
			geometry IndexedFaceSet
			{
				creaseAngle 0.5
				solid TRUE
				coord Coordinate
				{
					point
					[
						0.585 -5.200 -6.800,
						0.567 -5.200 -6.799,
						0.581 -5.256 -6.800,
						0.552 -5.305 -6.799,
						0.570 -5.310 -6.800,
						0.543 -5.379 -6.800,
						0.530 -5.200 -6.792,
						0.484 -5.286 -6.779,
						0.489 -5.431 -6.799,
						0.433 -5.388 -6.779,
						0.385 -5.525 -6.799,
						0.348 -5.465 -6.779,
						0.254 -5.575 -6.799,
						0.242 -5.506 -6.779,
						0.185 -5.545 -6.792,
						0.185 -5.511 -6.779,
						0.496 -5.200 -6.779,
						0.464 -5.200 -6.760,
						0.427 -5.270 -6.735,
						0.437 -5.200 -6.735,
						0.415 -5.200 -6.705,
						0.390 -5.259 -6.672,
						0.399 -5.200 -6.672,
						0.388 -5.200 -6.637,
						0.385 -5.200 -6.600,
						0.383 -5.228 -6.600,
						0.377 -5.255 -6.600,
						0.364 -5.290 -6.600,
						0.355 -5.329 -6.672,
						0.344 -5.321 -6.600,
						0.319 -5.348 -6.600,
						0.297 -5.382 -6.672,
						0.290 -5.370 -6.600,
						0.257 -5.387 -6.600,
						0.224 -5.410 -6.672,
						0.221 -5.397 -6.600,
						0.185 -5.403 -6.637,
						0.185 -5.400 -6.600,
						0.185 -5.414 -6.672,
						0.185 -5.430 -6.705,
						0.231 -5.448 -6.735,
						0.185 -5.452 -6.735,
						0.185 -5.479 -6.760,
						0.185 -5.582 -6.799,
						0.185 -5.600 -6.800,
						0.258 -5.593 -6.800,
						0.329 -5.573 -6.800,
						0.395 -5.541 -6.800,
						0.454 -5.496 -6.800,
						0.504 -5.442 -6.800,
						0.386 -5.352 -6.735,
						0.317 -5.415 -6.735
					]
				}
				coordIndex
				[
					0, 1, 2, -1,
					2, 1, 3, -1,
					2, 3, 4, -1,
					4, 3, 5, -1,
					1, 6, 3, -1,
					3, 6, 7, -1,
					3, 7, 8, -1,
					8, 7, 9, -1,
					8, 9, 10, -1,
					10, 9, 11, -1,
					10, 11, 12, -1,
					12, 11, 13, -1,
					12, 13, 14, -1,
					14, 13, 15, -1,
					6, 16, 7, -1,
					7, 16, 17, -1,
					7, 17, 18, -1,
					18, 17, 19, -1,
					18, 19, 20, -1,
					18, 20, 21, -1,
					21, 20, 22, -1,
					21, 22, 23, -1,
					24, 25, 23, -1,
					23, 25, 21, -1,
					25, 26, 21, -1,
					21, 26, 27, -1,
					21, 27, 28, -1,
					28, 27, 29, -1,
					28, 29, 30, -1,
					28, 30, 31, -1,
					31, 30, 32, -1,
					31, 32, 33, -1,
					31, 33, 34, -1,
					34, 33, 35, -1,
					34, 35, 36, -1,
					36, 35, 37, -1,
					36, 38, 34, -1,
					34, 38, 39, -1,
					34, 39, 40, -1,
					40, 39, 41, -1,
					40, 41, 42, -1,
					40, 42, 13, -1,
					13, 42, 15, -1,
					14, 43, 12, -1,
					12, 43, 44, -1,
					12, 44, 45, -1,
					45, 46, 12, -1,
					12, 46, 10, -1,
					46, 47, 10, -1,
					10, 47, 48, -1,
					10, 48, 8, -1,
					8, 48, 49, -1,
					8, 49, 5, -1,
					18, 21, 50, -1,
					50, 21, 28, -1,
					50, 28, 51, -1,
					51, 28, 31, -1,
					51, 31, 40, -1,
					40, 31, 34, -1,
					7, 18, 9, -1,
					9, 18, 50, -1,
					9, 50, 11, -1,
					11, 50, 51, -1,
					11, 51, 13, -1,
					13, 51, 40, -1,
					3, 8, 5, -1
				]
				normal Normal
				{
					vector
					[
						0.000 -0.000 1.000,
						0.092 -0.000 0.996,
						-0.000 -0.000 1.000,
						0.089 -0.025 0.996,
						-0.000 0.000 1.000,
						0.274 -0.000 0.962,
						0.428 -0.123 0.895,
						0.074 -0.056 0.996,
						0.355 -0.269 0.895,
						0.048 -0.079 0.996,
						0.234 -0.379 0.895,
						0.017 -0.091 0.996,
						0.081 -0.438 0.895,
						-0.000 -0.274 0.962,
						-0.000 -0.446 0.895,
						0.446 -0.000 0.895,
						0.603 -0.000 0.798,
						0.710 -0.204 0.674,
						0.739 -0.000 0.674,
						0.850 -0.000 0.526,
						0.896 -0.257 0.361,
						0.932 -0.000 0.361,
						0.983 -0.000 0.184,
						1.000 -0.000 -0.000,
						0.990 -0.139 -0.000,
						0.961 -0.276 -0.000,
						0.894 -0.448 -0.000,
						0.743 -0.563 0.361,
						0.797 -0.604 -0.000,
						0.672 -0.740 -0.000,
						0.489 -0.794 0.361,
						0.525 -0.851 -0.000,
						0.359 -0.933 -0.000,
						0.169 -0.917 0.361,
						0.182 -0.983 -0.000,
						-0.000 -0.983 0.184,
						-0.000 -1.000 -0.000,
						-0.000 -0.932 0.361,
						-0.000 -0.850 0.526,
						0.134 -0.727 0.674,
						-0.000 -0.739 0.674,
						-0.000 -0.603 0.798,
						-0.000 -0.092 0.996,
						0.589 -0.447 0.674,
						0.388 -0.629 0.674
					]
				}
				normalIndex
				[
					0, 1, 2, -1,
					2, 1, 3, -1,
					2, 3, 4, -1,
					4, 3, 4, -1,
					1, 5, 3, -1,
					3, 5, 6, -1,
					3, 6, 7, -1,
					7, 6, 8, -1,
					7, 8, 9, -1,
					9, 8, 10, -1,
					9, 10, 11, -1,
					11, 10, 12, -1,
					11, 12, 13, -1,
					13, 12, 14, -1,
					5, 15, 6, -1,
					6, 15, 16, -1,
					6, 16, 17, -1,
					17, 16, 18, -1,
					17, 18, 19, -1,
					17, 19, 20, -1,
					20, 19, 21, -1,
					20, 21, 22, -1,
					23, 24, 22, -1,
					22, 24, 20, -1,
					24, 25, 20, -1,
					20, 25, 26, -1,
					20, 26, 27, -1,
					27, 26, 28, -1,
					27, 28, 29, -1,
					27, 29, 30, -1,
					30, 29, 31, -1,
					30, 31, 32, -1,
					30, 32, 33, -1,
					33, 32, 34, -1,
					33, 34, 35, -1,
					35, 34, 36, -1,
					35, 37, 33, -1,
					33, 37, 38, -1,
					33, 38, 39, -1,
					39, 38, 40, -1,
					39, 40, 41, -1,
					39, 41, 12, -1,
					12, 41, 14, -1,
					13, 42, 11, -1,
					11, 42, 2, -1,
					11, 2, 0, -1,
					0, 4, 11, -1,
					11, 4, 9, -1,
					4, 4, 9, -1,
					9, 4, 4, -1,
					9, 4, 7, -1,
					7, 4, 2, -1,
					7, 2, 4, -1,
					17, 20, 43, -1,
					43, 20, 27, -1,
					43, 27, 44, -1,
					44, 27, 30, -1,
					44, 30, 39, -1,
					39, 30, 33, -1,
					6, 17, 8, -1,
					8, 17, 43, -1,
					8, 43, 10, -1,
					10, 43, 44, -1,
					10, 44, 12, -1,
					12, 44, 39, -1,
					3, 7, 4, -1
				]
			}
		}
		Shape
		{
			appearance Appearance
			{
				material Material
				{
					diffuseColor 0.694 0.741 0.788
				}
			}
			geometry IndexedFaceSet
			{
				creaseAngle 0.5
				solid TRUE
				coord Coordinate
				{
					point
					[
						-0.031 -5.600 -6.800,
						0.185 -5.600 -6.800,
						-0.031 -5.582 -6.799,
						0.185 -5.582 -6.799,
						0.185 -5.545 -6.792,
						0.185 -5.511 -6.779,
						-0.031 -5.511 -6.779,
						-0.031 -5.545 -6.792,
						0.185 -5.479 -6.760,
						-0.031 -5.479 -6.760,
						-0.031 -5.452 -6.735,
						0.185 -5.452 -6.735,
						0.185 -5.430 -6.705,
						0.185 -5.414 -6.672,
						-0.031 -5.414 -6.672,
						-0.031 -5.430 -6.705,
						0.185 -5.403 -6.637,
						-0.031 -5.403 -6.637,
						0.185 -5.400 -6.600,
						-0.031 -5.400 -6.600
					]
				}
				coordIndex
				[
					0, 1, 2, -1,
					2, 1, 3, -1,
					2, 3, 4, -1,
					5, 6, 4, -1,
					4, 6, 7, -1,
					4, 7, 2, -1,
					5, 8, 6, -1,
					6, 8, 9, -1,
					9, 8, 10, -1,
					10, 8, 11, -1,
					10, 11, 12, -1,
					13, 14, 12, -1,
					12, 14, 15, -1,
					12, 15, 10, -1,
					13, 16, 14, -1,
					14, 16, 17, -1,
					18, 19, 16, -1,
					16, 19, 17, -1
				]
				normal Normal
				{
					vector
					[
						-0.000 -0.000 1.000,
						-0.000 -0.092 0.996,
						-0.000 -0.274 0.962,
						-0.000 -0.446 0.895,
						-0.000 -0.603 0.798,
						-0.000 -0.739 0.674,
						-0.000 -0.850 0.526,
						-0.000 -0.932 0.361,
						-0.000 -0.983 0.184,
						-0.000 -1.000 -0.000
					]
				}
				normalIndex
				[
					0, 0, 1, -1,
					1, 0, 1, -1,
					1, 1, 2, -1,
					3, 3, 2, -1,
					2, 3, 2, -1,
					2, 2, 1, -1,
					3, 4, 3, -1,
					3, 4, 4, -1,
					4, 4, 5, -1,
					5, 4, 5, -1,
					5, 5, 6, -1,
					7, 7, 6, -1,
					6, 7, 6, -1,
					6, 6, 5, -1,
					7, 8, 7, -1,
					7, 8, 8, -1,
					9, 9, 8, -1,
					8, 9, 8, -1
				]
			}
		}
		Shape
		{
			appearance Appearance
			{
				material Material
				{
					diffuseColor 0.694 0.741 0.788
				}
			}
			geometry IndexedFaceSet
			{
				creaseAngle 0.5
				solid TRUE
				coord Coordinate
				{
					point
					[
						-0.031 -5.600 -6.800,
						-0.031 -5.582 -6.799,
						-0.104 -5.593 -6.800,
						-0.169 -5.556 -6.799,
						-0.175 -5.573 -6.800,
						-0.241 -5.540 -6.800,
						-0.031 -5.545 -6.792,
						-0.143 -5.490 -6.779,
						-0.288 -5.482 -6.799,
						-0.240 -5.430 -6.779,
						-0.372 -5.370 -6.799,
						-0.309 -5.339 -6.779,
						-0.363 -5.295 -6.792,
						-0.330 -5.286 -6.779,
						-0.031 -5.511 -6.779,
						-0.031 -5.479 -6.760,
						-0.122 -5.435 -6.735,
						-0.031 -5.452 -6.735,
						-0.031 -5.430 -6.705,
						-0.108 -5.399 -6.672,
						-0.031 -5.414 -6.672,
						-0.031 -5.403 -6.637,
						-0.031 -5.400 -6.600,
						-0.067 -5.397 -6.600,
						-0.103 -5.386 -6.600,
						-0.136 -5.370 -6.600,
						-0.175 -5.358 -6.672,
						-0.165 -5.348 -6.600,
						-0.190 -5.321 -6.600,
						-0.222 -5.295 -6.672,
						-0.210 -5.289 -6.600,
						-0.226 -5.256 -6.637,
						-0.223 -5.255 -6.600,
						-0.236 -5.259 -6.672,
						-0.252 -5.263 -6.705,
						-0.256 -5.312 -6.735,
						-0.273 -5.270 -6.735,
						-0.299 -5.277 -6.760,
						-0.397 -5.305 -6.799,
						-0.415 -5.310 -6.800,
						-0.389 -5.378 -6.800,
						-0.350 -5.441 -6.800,
						-0.300 -5.496 -6.800,
						-0.201 -5.386 -6.735
					]
				}
				coordIndex
				[
					0, 1, 2, -1,
					2, 1, 3, -1,
					2, 3, 4, -1,
					4, 3, 5, -1,
					1, 6, 3, -1,
					3, 6, 7, -1,
					3, 7, 8, -1,
					8, 7, 9, -1,
					8, 9, 10, -1,
					10, 9, 11, -1,
					10, 11, 12, -1,
					12, 11, 13, -1,
					6, 14, 7, -1,
					7, 14, 15, -1,
					7, 15, 16, -1,
					16, 15, 17, -1,
					16, 17, 18, -1,
					16, 18, 19, -1,
					19, 18, 20, -1,
					19, 20, 21, -1,
					22, 23, 21, -1,
					21, 23, 19, -1,
					23, 24, 19, -1,
					19, 24, 25, -1,
					19, 25, 26, -1,
					26, 25, 27, -1,
					26, 27, 28, -1,
					26, 28, 29, -1,
					29, 28, 30, -1,
					29, 30, 31, -1,
					31, 30, 32, -1,
					31, 33, 29, -1,
					29, 33, 34, -1,
					29, 34, 35, -1,
					35, 34, 36, -1,
					35, 36, 37, -1,
					35, 37, 11, -1,
					11, 37, 13, -1,
					12, 38, 10, -1,
					10, 38, 39, -1,
					10, 39, 40, -1,
					40, 41, 10, -1,
					10, 41, 8, -1,
					41, 42, 8, -1,
					8, 42, 5, -1,
					8, 5, 3, -1,
					16, 19, 43, -1,
					43, 19, 26, -1,
					43, 26, 35, -1,
					35, 26, 29, -1,
					7, 16, 9, -1,
					9, 16, 43, -1,
					9, 43, 11, -1,
					11, 43, 35, -1
				]
				normal Normal
				{
					vector
					[
						-0.000 -0.000 1.000,
						-0.000 -0.092 0.996,
						-0.033 -0.086 0.996,
						0.000 0.000 1.000,
						-0.000 -0.274 0.962,
						-0.161 -0.416 0.895,
						-0.062 -0.068 0.996,
						-0.300 -0.329 0.895,
						-0.083 -0.041 0.996,
						-0.399 -0.199 0.895,
						-0.263 -0.075 0.962,
						-0.428 -0.123 0.895,
						-0.000 -0.446 0.895,
						-0.000 -0.603 0.798,
						-0.267 -0.689 0.674,
						-0.000 -0.739 0.674,
						-0.000 -0.850 0.526,
						-0.337 -0.870 0.361,
						-0.000 -0.932 0.361,
						-0.000 -0.983 0.184,
						-0.000 -1.000 -0.000,
						-0.184 -0.983 -0.000,
						-0.361 -0.932 -0.000,
						-0.526 -0.850 -0.000,
						-0.628 -0.689 0.361,
						-0.674 -0.739 -0.000,
						-0.798 -0.603 -0.000,
						-0.835 -0.416 0.361,
						-0.895 -0.446 -0.000,
						-0.945 -0.271 0.184,
						-0.961 -0.276 -0.000,
						-0.896 -0.257 0.361,
						-0.817 -0.234 0.526,
						-0.662 -0.329 0.674,
						-0.710 -0.204 0.674,
						-0.579 -0.166 0.798,
						-0.089 -0.025 0.996,
						-0.498 -0.546 0.674
					]
				}
				normalIndex
				[
					0, 1, 0, -1,
					0, 1, 2, -1,
					0, 2, 3, -1,
					3, 2, 3, -1,
					1, 4, 2, -1,
					2, 4, 5, -1,
					2, 5, 6, -1,
					6, 5, 7, -1,
					6, 7, 8, -1,
					8, 7, 9, -1,
					8, 9, 10, -1,
					10, 9, 11, -1,
					4, 12, 5, -1,
					5, 12, 13, -1,
					5, 13, 14, -1,
					14, 13, 15, -1,
					14, 15, 16, -1,
					14, 16, 17, -1,
					17, 16, 18, -1,
					17, 18, 19, -1,
					20, 21, 19, -1,
					19, 21, 17, -1,
					21, 22, 17, -1,
					17, 22, 23, -1,
					17, 23, 24, -1,
					24, 23, 25, -1,
					24, 25, 26, -1,
					24, 26, 27, -1,
					27, 26, 28, -1,
					27, 28, 29, -1,
					29, 28, 30, -1,
					29, 31, 27, -1,
					27, 31, 32, -1,
					27, 32, 33, -1,
					33, 32, 34, -1,
					33, 34, 35, -1,
					33, 35, 9, -1,
					9, 35, 11, -1,
					10, 36, 8, -1,
					8, 36, 3, -1,
					8, 3, 0, -1,
					0, 3, 8, -1,
					8, 3, 6, -1,
					3, 0, 6, -1,
					6, 0, 3, -1,
					6, 3, 2, -1,
					14, 17, 37, -1,
					37, 17, 24, -1,
					37, 24, 33, -1,
					33, 24, 27, -1,
					5, 14, 7, -1,
					7, 14, 37, -1,
					7, 37, 9, -1,
					9, 37, 33, -1
				]
			}
		}
		Shape
		{
			appearance Appearance
			{
				material Material
				{
					diffuseColor 0.694 0.741 0.788
				}
			}
			geometry IndexedFaceSet
			{
				creaseAngle 0.5
				solid TRUE
				coord Coordinate
				{
					point
					[
						-0.570 -4.772 -6.800,
						-0.415 -5.310 -6.800,
						-0.552 -4.767 -6.799,
						-0.397 -5.305 -6.799,
						-0.363 -5.295 -6.792,
						-0.330 -5.286 -6.779,
						-0.484 -4.748 -6.779,
						-0.517 -4.757 -6.792,
						-0.299 -5.277 -6.760,
						-0.454 -4.739 -6.760,
						-0.427 -4.731 -6.735,
						-0.273 -5.270 -6.735,
						-0.252 -5.263 -6.705,
						-0.236 -5.259 -6.672,
						-0.390 -4.721 -6.672,
						-0.406 -4.725 -6.705,
						-0.226 -5.256 -6.637,
						-0.381 -4.718 -6.637,
						-0.223 -5.255 -6.600,
						-0.377 -4.717 -6.600
					]
				}
				coordIndex
				[
					0, 1, 2, -1,
					2, 1, 3, -1,
					2, 3, 4, -1,
					5, 6, 4, -1,
					4, 6, 7, -1,
					4, 7, 2, -1,
					5, 8, 6, -1,
					6, 8, 9, -1,
					9, 8, 10, -1,
					10, 8, 11, -1,
					10, 11, 12, -1,
					13, 14, 12, -1,
					12, 14, 15, -1,
					12, 15, 10, -1,
					13, 16, 14, -1,
					14, 16, 17, -1,
					18, 19, 16, -1,
					16, 19, 17, -1
				]
				normal Normal
				{
					vector
					[
						-0.000 -0.000 1.000,
						-0.089 -0.025 0.996,
						-0.263 -0.075 0.962,
						-0.428 -0.123 0.895,
						-0.579 -0.166 0.798,
						-0.710 -0.204 0.674,
						-0.817 -0.234 0.526,
						-0.896 -0.257 0.361,
						-0.945 -0.271 0.184,
						-0.961 -0.276 -0.000
					]
				}
				normalIndex
				[
					0, 0, 1, -1,
					1, 0, 1, -1,
					1, 1, 2, -1,
					3, 3, 2, -1,
					2, 3, 2, -1,
					2, 2, 1, -1,
					3, 4, 3, -1,
					3, 4, 4, -1,
					4, 4, 5, -1,
					5, 4, 5, -1,
					5, 5, 6, -1,
					7, 7, 6, -1,
					6, 7, 6, -1,
					6, 6, 5, -1,
					7, 8, 7, -1,
					7, 8, 8, -1,
					9, 9, 8, -1,
					8, 9, 8, -1
				]
			}
		}
		Shape
		{
			appearance Appearance
			{
				material Material
				{
					diffuseColor 0.694 0.741 0.788
				}
			}
			geometry IndexedFaceSet
			{
				creaseAngle 0.5
				solid TRUE
				coord Coordinate
				{
					point
					[
						-0.570 -4.772 -6.800,
						-0.552 -4.767 -6.799,
						-0.578 -4.734 -6.800,
						-0.560 -4.731 -6.799,
						-0.585 -4.662 -6.800,
						-0.567 -4.662 -6.799,
						-0.517 -4.757 -6.792,
						-0.491 -4.718 -6.779,
						-0.530 -4.662 -6.792,
						-0.496 -4.662 -6.779,
						-0.484 -4.748 -6.779,
						-0.454 -4.739 -6.760,
						-0.433 -4.708 -6.735,
						-0.427 -4.731 -6.735,
						-0.406 -4.725 -6.705,
						-0.395 -4.701 -6.672,
						-0.390 -4.721 -6.672,
						-0.381 -4.718 -6.637,
						-0.377 -4.717 -6.600,
						-0.382 -4.698 -6.600,
						-0.385 -4.662 -6.600,
						-0.388 -4.662 -6.637,
						-0.399 -4.662 -6.672,
						-0.415 -4.662 -6.705,
						-0.437 -4.662 -6.735,
						-0.464 -4.662 -6.760
					]
				}
				coordIndex
				[
					0, 1, 2, -1,
					2, 1, 3, -1,
					2, 3, 4, -1,
					4, 3, 5, -1,
					1, 6, 3, -1,
					3, 6, 7, -1,
					3, 7, 8, -1,
					8, 7, 9, -1,
					6, 10, 7, -1,
					7, 10, 11, -1,
					7, 11, 12, -1,
					12, 11, 13, -1,
					12, 13, 14, -1,
					12, 14, 15, -1,
					15, 14, 16, -1,
					15, 16, 17, -1,
					18, 19, 17, -1,
					17, 19, 15, -1,
					20, 21, 19, -1,
					19, 21, 15, -1,
					21, 22, 15, -1,
					15, 22, 23, -1,
					15, 23, 12, -1,
					12, 23, 24, -1,
					12, 24, 25, -1,
					12, 25, 7, -1,
					7, 25, 9, -1,
					8, 5, 3, -1
				]
				normal Normal
				{
					vector
					[
						-0.000 -0.000 1.000,
						-0.089 -0.025 0.996,
						-0.091 -0.017 0.996,
						-0.092 -0.000 0.996,
						-0.263 -0.075 0.962,
						-0.438 -0.081 0.895,
						-0.274 -0.000 0.962,
						-0.446 -0.000 0.895,
						-0.428 -0.123 0.895,
						-0.579 -0.166 0.798,
						-0.727 -0.134 0.674,
						-0.710 -0.204 0.674,
						-0.817 -0.234 0.526,
						-0.917 -0.169 0.361,
						-0.896 -0.257 0.361,
						-0.945 -0.271 0.184,
						-0.961 -0.276 -0.000,
						-0.983 -0.181 -0.000,
						-1.000 -0.000 -0.000,
						-0.983 -0.000 0.184,
						-0.932 -0.000 0.361,
						-0.850 -0.000 0.526,
						-0.739 -0.000 0.674,
						-0.603 -0.000 0.798
					]
				}
				normalIndex
				[
					0, 1, 0, -1,
					0, 1, 2, -1,
					0, 2, 0, -1,
					0, 2, 3, -1,
					1, 4, 2, -1,
					2, 4, 5, -1,
					2, 5, 6, -1,
					6, 5, 7, -1,
					4, 8, 5, -1,
					5, 8, 9, -1,
					5, 9, 10, -1,
					10, 9, 11, -1,
					10, 11, 12, -1,
					10, 12, 13, -1,
					13, 12, 14, -1,
					13, 14, 15, -1,
					16, 17, 15, -1,
					15, 17, 13, -1,
					18, 19, 17, -1,
					17, 19, 13, -1,
					19, 20, 13, -1,
					13, 20, 21, -1,
					13, 21, 10, -1,
					10, 21, 22, -1,
					10, 22, 23, -1,
					10, 23, 5, -1,
					5, 23, 7, -1,
					6, 3, 2, -1
				]
			}
		}
		Shape
		{
			appearance Appearance
			{
				material Material
				{
					diffuseColor 0.694 0.741 0.788
				}
			}
			geometry IndexedFaceSet
			{
				creaseAngle 0.5
				solid TRUE
				coord Coordinate
				{
					point
					[
						-0.377 -4.717 -6.600,
						-0.377 -4.717 -2.200,
						-0.382 -4.698 -6.600,
						-0.382 -4.699 -2.200,
						-0.384 -4.680 -2.200,
						-0.385 -4.662 -2.200,
						-0.385 -4.662 -6.600
					]
				}
				coordIndex
				[
					0, 1, 2, -1,
					2, 1, 3, -1,
					2, 3, 4, -1,
					5, 6, 4, -1,
					4, 6, 2, -1
				]
				normal Normal
				{
					vector
					[
						-0.961 -0.276 0.000,
						-0.983 -0.181 0.000,
						-0.983 -0.185 0.000,
						-0.996 -0.093 0.000,
						-1.000 0.000 0.000
					]
				}
				normalIndex
				[
					0, 0, 1, -1,
					1, 0, 2, -1,
					1, 2, 3, -1,
					4, 4, 3, -1,
					3, 4, 1, -1
				]
			}
		}
		Shape
		{
			appearance Appearance
			{
				material Material
				{
					diffuseColor 0.694 0.741 0.788
				}
			}
			geometry IndexedFaceSet
			{
				creaseAngle 0.5
				solid TRUE
				coord Coordinate
				{
					point
					[
						-0.378 -4.662 -2.148,
						-0.385 -4.662 -2.200,
						-0.377 -4.684 -2.150,
						-0.384 -4.680 -2.200,
						-0.382 -4.699 -2.200,
						-0.377 -4.717 -2.200,
						-0.371 -4.715 -2.148,
						-0.351 -4.710 -2.100,
						-0.350 -4.672 -2.088,
						-0.358 -4.662 -2.100,
						-0.326 -4.662 -2.059,
						-0.321 -4.701 -2.059,
						-0.281 -4.689 -2.027,
						-0.285 -4.662 -2.027,
						-0.235 -4.676 -2.007,
						-0.237 -4.662 -2.007,
						-0.185 -4.662 -2.000
					]
				}
				coordIndex
				[
					0, 1, 2, -1,
					2, 1, 3, -1,
					2, 3, 4, -1,
					5, 6, 4, -1,
					4, 6, 2, -1,
					6, 7, 2, -1,
					2, 7, 8, -1,
					2, 8, 9, -1,
					9, 8, 10, -1,
					7, 11, 8, -1,
					8, 11, 10, -1,
					11, 12, 10, -1,
					10, 12, 13, -1,
					12, 14, 13, -1,
					13, 14, 15, -1,
					14, 16, 15, -1,
					9, 0, 2, -1
				]
				normal Normal
				{
					vector
					[
						-0.966 0.000 0.259,
						-1.000 0.000 -0.000,
						-0.962 -0.110 0.248,
						-0.996 -0.093 -0.000,
						-0.983 -0.185 -0.000,
						-0.961 -0.276 -0.000,
						-0.929 -0.266 0.259,
						-0.832 -0.239 0.500,
						-0.826 -0.049 0.562,
						-0.866 0.000 0.500,
						-0.707 -0.000 0.707,
						-0.680 -0.195 0.707,
						-0.481 -0.138 0.866,
						-0.500 -0.000 0.866,
						-0.249 -0.071 0.966,
						-0.259 -0.000 0.966,
						-0.000 -0.000 1.000
					]
				}
				normalIndex
				[
					0, 1, 2, -1,
					2, 1, 3, -1,
					2, 3, 4, -1,
					5, 6, 4, -1,
					4, 6, 2, -1,
					6, 7, 2, -1,
					2, 7, 8, -1,
					2, 8, 9, -1,
					9, 8, 10, -1,
					7, 11, 8, -1,
					8, 11, 10, -1,
					11, 12, 10, -1,
					10, 12, 13, -1,
					12, 14, 13, -1,
					13, 14, 15, -1,
					14, 16, 15, -1,
					9, 0, 2, -1
				]
			}
		}
		Shape
		{
			appearance Appearance
			{
				material Material
				{
					diffuseColor 0.694 0.741 0.788
				}
			}
			geometry IndexedFaceSet
			{
				creaseAngle 0.5
				solid TRUE
				coord Coordinate
				{
					point
					[
						-0.385 4.662 -2.200,
						-0.385 -4.662 -2.200,
						-0.378 4.662 -2.148,
						-0.378 -4.662 -2.148,
						-0.358 -4.662 -2.100,
						-0.358 4.662 -2.100,
						-0.326 -4.662 -2.059,
						-0.326 4.662 -2.059,
						-0.285 -4.662 -2.027,
						-0.285 4.662 -2.027,
						-0.237 4.662 -2.007,
						-0.237 -4.662 -2.007,
						-0.185 -4.662 -2.000,
						-0.185 4.662 -2.000
					]
				}
				coordIndex
				[
					0, 1, 2, -1,
					2, 1, 3, -1,
					2, 3, 4, -1,
					2, 4, 5, -1,
					5, 4, 6, -1,
					5, 6, 7, -1,
					7, 6, 8, -1,
					7, 8, 9, -1,
					9, 8, 10, -1,
					8, 11, 10, -1,
					10, 11, 12, -1,
					10, 12, 13, -1
				]
				normal Normal
				{
					vector
					[
						-1.000 0.000 0.000,
						-0.966 0.000 0.259,
						-0.866 0.000 0.500,
						-0.707 0.000 0.707,
						-0.500 0.000 0.866,
						-0.259 0.000 0.966,
						0.000 0.000 1.000
					]
				}
				normalIndex
				[
					0, 0, 1, -1,
					1, 0, 1, -1,
					1, 1, 2, -1,
					1, 2, 2, -1,
					2, 2, 3, -1,
					2, 3, 3, -1,
					3, 3, 4, -1,
					3, 4, 4, -1,
					4, 4, 5, -1,
					4, 5, 5, -1,
					5, 5, 6, -1,
					5, 6, 6, -1
				]
			}
		}
		Shape
		{
			appearance Appearance
			{
				material Material
				{
					diffuseColor 0.694 0.741 0.788
				}
			}
			geometry IndexedFaceSet
			{
				creaseAngle 0.5
				solid TRUE
				coord Coordinate
				{
					point
					[
						-0.385 4.662 -2.200,
						-0.378 4.662 -2.148,
						-0.384 4.680 -2.200,
						-0.376 4.694 -2.150,
						-0.382 4.699 -2.200,
						-0.377 4.717 -2.200,
						-0.358 4.662 -2.100,
						-0.346 4.698 -2.088,
						-0.351 4.710 -2.100,
						-0.321 4.701 -2.059,
						-0.326 4.662 -2.059,
						-0.285 4.662 -2.027,
						-0.281 4.689 -2.027,
						-0.237 4.662 -2.007,
						-0.235 4.676 -2.007,
						-0.185 4.662 -2.000,
						-0.371 4.715 -2.148
					]
				}
				coordIndex
				[
					0, 1, 2, -1,
					2, 1, 3, -1,
					2, 3, 4, -1,
					4, 3, 5, -1,
					1, 6, 3, -1,
					3, 6, 7, -1,
					3, 7, 8, -1,
					8, 7, 9, -1,
					6, 10, 7, -1,
					7, 10, 9, -1,
					10, 11, 9, -1,
					9, 11, 12, -1,
					11, 13, 12, -1,
					12, 13, 14, -1,
					13, 15, 14, -1,
					8, 16, 3, -1,
					3, 16, 5, -1
				]
				normal Normal
				{
					vector
					[
						-1.000 0.000 -0.000,
						-0.966 -0.000 0.259,
						-0.996 0.093 0.000,
						-0.955 0.159 0.248,
						-0.983 0.185 0.000,
						-0.961 0.276 0.000,
						-0.866 -0.000 0.500,
						-0.807 0.181 0.562,
						-0.832 0.239 0.500,
						-0.680 0.195 0.707,
						-0.707 -0.000 0.707,
						-0.500 -0.000 0.866,
						-0.481 0.138 0.866,
						-0.259 -0.000 0.966,
						-0.249 0.071 0.966,
						-0.000 -0.000 1.000,
						-0.929 0.266 0.259
					]
				}
				normalIndex
				[
					0, 1, 2, -1,
					2, 1, 3, -1,
					2, 3, 4, -1,
					4, 3, 5, -1,
					1, 6, 3, -1,
					3, 6, 7, -1,
					3, 7, 8, -1,
					8, 7, 9, -1,
					6, 10, 7, -1,
					7, 10, 9, -1,
					10, 11, 9, -1,
					9, 11, 12, -1,
					11, 13, 12, -1,
					12, 13, 14, -1,
					13, 15, 14, -1,
					8, 16, 3, -1,
					3, 16, 5, -1
				]
			}
		}
		Shape
		{
			appearance Appearance
			{
				material Material
				{
					diffuseColor 0.694 0.741 0.788
				}
			}
			geometry IndexedFaceSet
			{
				creaseAngle 0.5
				solid TRUE
				coord Coordinate
				{
					point
					[
						-0.385 4.662 -6.600,
						-0.385 4.662 -2.200,
						-0.384 4.681 -6.600,
						-0.384 4.680 -2.200,
						-0.382 4.699 -2.200,
						-0.377 4.717 -2.200,
						-0.377 4.717 -6.600
					]
				}
				coordIndex
				[
					0, 1, 2, -1,
					2, 1, 3, -1,
					2, 3, 4, -1,
					5, 6, 4, -1,
					4, 6, 2, -1
				]
				normal Normal
				{
					vector
					[
						-1.000 0.000 0.000,
						-0.995 0.097 0.000,
						-0.996 0.093 0.000,
						-0.983 0.185 0.000,
						-0.961 0.276 0.000
					]
				}
				normalIndex
				[
					0, 0, 1, -1,
					1, 0, 2, -1,
					1, 2, 3, -1,
					4, 4, 3, -1,
					3, 4, 1, -1
				]
			}
		}
		Shape
		{
			appearance Appearance
			{
				material Material
				{
					diffuseColor 0.694 0.741 0.788
				}
			}
			geometry IndexedFaceSet
			{
				creaseAngle 0.5
				solid TRUE
				coord Coordinate
				{
					point
					[
						-0.585 4.662 -6.800,
						-0.567 4.662 -6.799,
						-0.583 4.701 -6.800,
						-0.565 4.699 -6.799,
						-0.570 4.772 -6.800,
						-0.552 4.767 -6.799,
						-0.530 4.662 -6.792,
						-0.494 4.692 -6.779,
						-0.517 4.757 -6.792,
						-0.484 4.748 -6.779,
						-0.496 4.662 -6.779,
						-0.464 4.662 -6.760,
						-0.436 4.686 -6.735,
						-0.437 4.662 -6.735,
						-0.415 4.662 -6.705,
						-0.397 4.683 -6.672,
						-0.399 4.662 -6.672,
						-0.388 4.662 -6.637,
						-0.385 4.662 -6.600,
						-0.384 4.681 -6.600,
						-0.377 4.717 -6.600,
						-0.381 4.718 -6.637,
						-0.390 4.721 -6.672,
						-0.406 4.725 -6.705,
						-0.427 4.731 -6.735,
						-0.454 4.739 -6.760
					]
				}
				coordIndex
				[
					0, 1, 2, -1,
					2, 1, 3, -1,
					2, 3, 4, -1,
					4, 3, 5, -1,
					1, 6, 3, -1,
					3, 6, 7, -1,
					3, 7, 8, -1,
					8, 7, 9, -1,
					6, 10, 7, -1,
					7, 10, 11, -1,
					7, 11, 12, -1,
					12, 11, 13, -1,
					12, 13, 14, -1,
					12, 14, 15, -1,
					15, 14, 16, -1,
					15, 16, 17, -1,
					18, 19, 17, -1,
					17, 19, 15, -1,
					20, 21, 19, -1,
					19, 21, 15, -1,
					21, 22, 15, -1,
					15, 22, 23, -1,
					15, 23, 12, -1,
					12, 23, 24, -1,
					12, 24, 25, -1,
					12, 25, 7, -1,
					7, 25, 9, -1,
					8, 5, 3, -1
				]
				normal Normal
				{
					vector
					[
						-0.000 -0.000 1.000,
						-0.092 -0.000 0.996,
						-0.092 0.009 0.996,
						-0.000 0.000 1.000,
						-0.089 0.025 0.996,
						-0.274 -0.000 0.962,
						-0.444 0.043 0.895,
						-0.263 0.075 0.962,
						-0.428 0.123 0.895,
						-0.446 -0.000 0.895,
						-0.603 -0.000 0.798,
						-0.736 0.072 0.674,
						-0.739 -0.000 0.674,
						-0.850 -0.000 0.526,
						-0.928 0.091 0.361,
						-0.932 -0.000 0.361,
						-0.983 -0.000 0.184,
						-1.000 -0.000 -0.000,
						-0.995 0.097 -0.000,
						-0.961 0.276 -0.000,
						-0.945 0.271 0.184,
						-0.896 0.257 0.361,
						-0.817 0.234 0.526,
						-0.710 0.204 0.674,
						-0.579 0.166 0.798
					]
				}
				normalIndex
				[
					0, 1, 0, -1,
					0, 1, 2, -1,
					0, 2, 3, -1,
					3, 2, 4, -1,
					1, 5, 2, -1,
					2, 5, 6, -1,
					2, 6, 7, -1,
					7, 6, 8, -1,
					5, 9, 6, -1,
					6, 9, 10, -1,
					6, 10, 11, -1,
					11, 10, 12, -1,
					11, 12, 13, -1,
					11, 13, 14, -1,
					14, 13, 15, -1,
					14, 15, 16, -1,
					17, 18, 16, -1,
					16, 18, 14, -1,
					19, 20, 18, -1,
					18, 20, 14, -1,
					20, 21, 14, -1,
					14, 21, 22, -1,
					14, 22, 11, -1,
					11, 22, 23, -1,
					11, 23, 24, -1,
					11, 24, 6, -1,
					6, 24, 8, -1,
					7, 4, 2, -1
				]
			}
		}
		Shape
		{
			appearance Appearance
			{
				material Material
				{
					diffuseColor 0.694 0.741 0.788
				}
			}
			geometry IndexedFaceSet
			{
				creaseAngle 0.5
				solid TRUE
				coord Coordinate
				{
					point
					[
						-0.415 5.310 -6.800,
						-0.570 4.772 -6.800,
						-0.397 5.305 -6.799,
						-0.552 4.767 -6.799,
						-0.517 4.757 -6.792,
						-0.484 4.748 -6.779,
						-0.330 5.286 -6.779,
						-0.363 5.295 -6.792,
						-0.454 4.739 -6.760,
						-0.299 5.277 -6.760,
						-0.273 5.270 -6.735,
						-0.427 4.731 -6.735,
						-0.406 4.725 -6.705,
						-0.390 4.721 -6.672,
						-0.236 5.259 -6.672,
						-0.252 5.263 -6.705,
						-0.381 4.718 -6.637,
						-0.226 5.256 -6.637,
						-0.377 4.717 -6.600,
						-0.223 5.255 -6.600
					]
				}
				coordIndex
				[
					0, 1, 2, -1,
					2, 1, 3, -1,
					2, 3, 4, -1,
					5, 6, 4, -1,
					4, 6, 7, -1,
					4, 7, 2, -1,
					5, 8, 6, -1,
					6, 8, 9, -1,
					9, 8, 10, -1,
					10, 8, 11, -1,
					10, 11, 12, -1,
					13, 14, 12, -1,
					12, 14, 15, -1,
					12, 15, 10, -1,
					13, 16, 14, -1,
					14, 16, 17, -1,
					18, 19, 16, -1,
					16, 19, 17, -1
				]
				normal Normal
				{
					vector
					[
						0.000 -0.000 1.000,
						-0.000 0.000 1.000,
						-0.089 0.025 0.996,
						-0.263 0.075 0.962,
						-0.428 0.123 0.895,
						-0.579 0.166 0.798,
						-0.710 0.204 0.674,
						-0.817 0.234 0.526,
						-0.896 0.257 0.361,
						-0.945 0.271 0.184,
						-0.961 0.276 -0.000
					]
				}
				normalIndex
				[
					0, 1, 2, -1,
					2, 1, 2, -1,
					2, 2, 3, -1,
					4, 4, 3, -1,
					3, 4, 3, -1,
					3, 3, 2, -1,
					4, 5, 4, -1,
					4, 5, 5, -1,
					5, 5, 6, -1,
					6, 5, 6, -1,
					6, 6, 7, -1,
					8, 8, 7, -1,
					7, 8, 7, -1,
					7, 7, 6, -1,
					8, 9, 8, -1,
					8, 9, 9, -1,
					10, 10, 9, -1,
					9, 10, 9, -1
				]
			}
		}
		Shape
		{
			appearance Appearance
			{
				material Material
				{
					diffuseColor 0.694 0.741 0.788
				}
			}
			geometry IndexedFaceSet
			{
				creaseAngle 0.5
				solid TRUE
				coord Coordinate
				{
					point
					[
						-0.415 5.310 -6.800,
						-0.397 5.305 -6.799,
						-0.388 5.379 -6.800,
						-0.335 5.431 -6.799,
						-0.349 5.442 -6.800,
						-0.300 5.496 -6.800,
						-0.363 5.295 -6.792,
						-0.278 5.388 -6.779,
						-0.231 5.525 -6.799,
						-0.194 5.465 -6.779,
						-0.100 5.575 -6.799,
						-0.087 5.506 -6.779,
						-0.031 5.545 -6.792,
						-0.031 5.511 -6.779,
						-0.330 5.286 -6.779,
						-0.299 5.277 -6.760,
						-0.232 5.352 -6.735,
						-0.273 5.270 -6.735,
						-0.252 5.263 -6.705,
						-0.201 5.329 -6.672,
						-0.236 5.259 -6.672,
						-0.226 5.256 -6.637,
						-0.223 5.255 -6.600,
						-0.210 5.290 -6.600,
						-0.190 5.321 -6.600,
						-0.165 5.348 -6.600,
						-0.143 5.382 -6.672,
						-0.136 5.370 -6.600,
						-0.103 5.387 -6.600,
						-0.070 5.410 -6.672,
						-0.067 5.397 -6.600,
						-0.031 5.403 -6.637,
						-0.031 5.400 -6.600,
						-0.031 5.414 -6.672,
						-0.031 5.430 -6.705,
						-0.077 5.448 -6.735,
						-0.031 5.452 -6.735,
						-0.031 5.479 -6.760,
						-0.031 5.582 -6.799,
						-0.031 5.600 -6.800,
						-0.103 5.593 -6.800,
						-0.174 5.573 -6.800,
						-0.241 5.541 -6.800,
						-0.163 5.415 -6.735
					]
				}
				coordIndex
				[
					0, 1, 2, -1,
					2, 1, 3, -1,
					2, 3, 4, -1,
					4, 3, 5, -1,
					1, 6, 3, -1,
					3, 6, 7, -1,
					3, 7, 8, -1,
					8, 7, 9, -1,
					8, 9, 10, -1,
					10, 9, 11, -1,
					10, 11, 12, -1,
					12, 11, 13, -1,
					6, 14, 7, -1,
					7, 14, 15, -1,
					7, 15, 16, -1,
					16, 15, 17, -1,
					16, 17, 18, -1,
					16, 18, 19, -1,
					19, 18, 20, -1,
					19, 20, 21, -1,
					22, 23, 21, -1,
					21, 23, 19, -1,
					23, 24, 19, -1,
					19, 24, 25, -1,
					19, 25, 26, -1,
					26, 25, 27, -1,
					26, 27, 28, -1,
					26, 28, 29, -1,
					29, 28, 30, -1,
					29, 30, 31, -1,
					31, 30, 32, -1,
					31, 33, 29, -1,
					29, 33, 34, -1,
					29, 34, 35, -1,
					35, 34, 36, -1,
					35, 36, 37, -1,
					35, 37, 11, -1,
					11, 37, 13, -1,
					12, 38, 10, -1,
					10, 38, 39, -1,
					10, 39, 40, -1,
					40, 41, 10, -1,
					10, 41, 8, -1,
					41, 42, 8, -1,
					8, 42, 5, -1,
					8, 5, 3, -1,
					16, 19, 43, -1,
					43, 19, 26, -1,
					43, 26, 35, -1,
					35, 26, 29, -1,
					7, 16, 9, -1,
					9, 16, 43, -1,
					9, 43, 11, -1,
					11, 43, 35, -1
				]
				normal Normal
				{
					vector
					[
						0.000 -0.000 1.000,
						-0.089 0.025 0.996,
						-0.000 0.000 1.000,
						-0.074 0.056 0.996,
						-0.000 -0.000 1.000,
						-0.263 0.075 0.962,
						-0.355 0.269 0.895,
						-0.048 0.079 0.996,
						-0.234 0.379 0.895,
						-0.017 0.091 0.996,
						-0.081 0.438 0.895,
						-0.000 0.274 0.962,
						-0.000 0.446 0.895,
						-0.428 0.123 0.895,
						-0.579 0.166 0.798,
						-0.589 0.447 0.674,
						-0.710 0.204 0.674,
						-0.817 0.234 0.526,
						-0.743 0.563 0.361,
						-0.896 0.257 0.361,
						-0.945 0.271 0.184,
						-0.961 0.276 -0.000,
						-0.894 0.448 -0.000,
						-0.797 0.604 -0.000,
						-0.672 0.740 -0.000,
						-0.489 0.794 0.361,
						-0.525 0.851 -0.000,
						-0.359 0.933 -0.000,
						-0.169 0.917 0.361,
						-0.182 0.983 -0.000,
						-0.000 0.983 0.184,
						-0.000 1.000 -0.000,
						-0.000 0.932 0.361,
						-0.000 0.850 0.526,
						-0.134 0.727 0.674,
						-0.000 0.739 0.674,
						-0.000 0.603 0.798,
						-0.000 0.092 0.996,
						-0.388 0.629 0.674
					]
				}
				normalIndex
				[
					0, 1, 2, -1,
					2, 1, 3, -1,
					2, 3, 4, -1,
					4, 3, 2, -1,
					1, 5, 3, -1,
					3, 5, 6, -1,
					3, 6, 7, -1,
					7, 6, 8, -1,
					7, 8, 9, -1,
					9, 8, 10, -1,
					9, 10, 11, -1,
					11, 10, 12, -1,
					5, 13, 6, -1,
					6, 13, 14, -1,
					6, 14, 15, -1,
					15, 14, 16, -1,
					15, 16, 17, -1,
					15, 17, 18, -1,
					18, 17, 19, -1,
					18, 19, 20, -1,
					21, 22, 20, -1,
					20, 22, 18, -1,
					22, 23, 18, -1,
					18, 23, 24, -1,
					18, 24, 25, -1,
					25, 24, 26, -1,
					25, 26, 27, -1,
					25, 27, 28, -1,
					28, 27, 29, -1,
					28, 29, 30, -1,
					30, 29, 31, -1,
					30, 32, 28, -1,
					28, 32, 33, -1,
					28, 33, 34, -1,
					34, 33, 35, -1,
					34, 35, 36, -1,
					34, 36, 10, -1,
					10, 36, 12, -1,
					11, 37, 9, -1,
					9, 37, 2, -1,
					9, 2, 4, -1,
					4, 0, 9, -1,
					9, 0, 7, -1,
					0, 0, 7, -1,
					7, 0, 2, -1,
					7, 2, 3, -1,
					15, 18, 38, -1,
					38, 18, 25, -1,
					38, 25, 34, -1,
					34, 25, 28, -1,
					6, 15, 8, -1,
					8, 15, 38, -1,
					8, 38, 10, -1,
					10, 38, 34, -1
				]
			}
		}
		Shape
		{
			appearance Appearance
			{
				material Material
				{
					diffuseColor 0.694 0.741 0.788
				}
			}
			geometry IndexedFaceSet
			{
				creaseAngle 0.5
				solid TRUE
				coord Coordinate
				{
					point
					[
						0.185 5.600 -6.800,
						-0.031 5.600 -6.800,
						0.185 5.582 -6.799,
						-0.031 5.582 -6.799,
						-0.031 5.545 -6.792,
						-0.031 5.511 -6.779,
						0.185 5.511 -6.779,
						0.185 5.545 -6.792,
						-0.031 5.479 -6.760,
						0.185 5.479 -6.760,
						0.185 5.452 -6.735,
						-0.031 5.452 -6.735,
						-0.031 5.430 -6.705,
						-0.031 5.414 -6.672,
						0.185 5.414 -6.672,
						0.185 5.430 -6.705,
						-0.031 5.403 -6.637,
						0.185 5.403 -6.637,
						-0.031 5.400 -6.600,
						0.185 5.400 -6.600
					]
				}
				coordIndex
				[
					0, 1, 2, -1,
					2, 1, 3, -1,
					2, 3, 4, -1,
					5, 6, 4, -1,
					4, 6, 7, -1,
					4, 7, 2, -1,
					5, 8, 6, -1,
					6, 8, 9, -1,
					9, 8, 10, -1,
					10, 8, 11, -1,
					10, 11, 12, -1,
					13, 14, 12, -1,
					12, 14, 15, -1,
					12, 15, 10, -1,
					13, 16, 14, -1,
					14, 16, 17, -1,
					18, 19, 16, -1,
					16, 19, 17, -1
				]
				normal Normal
				{
					vector
					[
						-0.000 -0.000 1.000,
						-0.000 0.092 0.996,
						-0.000 0.274 0.962,
						-0.000 0.446 0.895,
						-0.000 0.603 0.798,
						-0.000 0.739 0.674,
						-0.000 0.850 0.526,
						-0.000 0.932 0.361,
						-0.000 0.983 0.184,
						-0.000 1.000 -0.000
					]
				}
				normalIndex
				[
					0, 0, 1, -1,
					1, 0, 1, -1,
					1, 1, 2, -1,
					3, 3, 2, -1,
					2, 3, 2, -1,
					2, 2, 1, -1,
					3, 4, 3, -1,
					3, 4, 4, -1,
					4, 4, 5, -1,
					5, 4, 5, -1,
					5, 5, 6, -1,
					7, 7, 6, -1,
					6, 7, 6, -1,
					6, 6, 5, -1,
					7, 8, 7, -1,
					7, 8, 8, -1,
					9, 9, 8, -1,
					8, 9, 8, -1
				]
			}
		}
		Shape
		{
			appearance Appearance
			{
				material Material
				{
					diffuseColor 0.694 0.741 0.788
				}
			}
			geometry IndexedFaceSet
			{
				creaseAngle 0.5
				solid TRUE
				coord Coordinate
				{
					point
					[
						0.185 5.600 -6.800,
						0.185 5.582 -6.799,
						0.241 5.596 -6.800,
						0.290 5.567 -6.799,
						0.295 5.585 -6.800,
						0.364 5.558 -6.800,
						0.185 5.545 -6.792,
						0.271 5.499 -6.779,
						0.416 5.504 -6.799,
						0.373 5.448 -6.779,
						0.510 5.400 -6.799,
						0.450 5.363 -6.779,
						0.560 5.269 -6.799,
						0.491 5.257 -6.779,
						0.530 5.200 -6.792,
						0.496 5.200 -6.779,
						0.185 5.511 -6.779,
						0.185 5.479 -6.760,
						0.255 5.442 -6.735,
						0.185 5.452 -6.735,
						0.185 5.430 -6.705,
						0.244 5.405 -6.672,
						0.185 5.414 -6.672,
						0.185 5.403 -6.637,
						0.185 5.400 -6.600,
						0.213 5.398 -6.600,
						0.240 5.392 -6.600,
						0.275 5.379 -6.600,
						0.314 5.370 -6.672,
						0.306 5.359 -6.600,
						0.333 5.334 -6.600,
						0.367 5.312 -6.672,
						0.355 5.305 -6.600,
						0.372 5.272 -6.600,
						0.395 5.239 -6.672,
						0.382 5.236 -6.600,
						0.388 5.200 -6.637,
						0.385 5.200 -6.600,
						0.399 5.200 -6.672,
						0.415 5.200 -6.705,
						0.433 5.246 -6.735,
						0.437 5.200 -6.735,
						0.464 5.200 -6.760,
						0.567 5.200 -6.799,
						0.585 5.200 -6.800,
						0.578 5.273 -6.800,
						0.558 5.344 -6.800,
						0.526 5.410 -6.800,
						0.481 5.469 -6.800,
						0.427 5.519 -6.800,
						0.337 5.401 -6.735,
						0.400 5.332 -6.735
					]
				}
				coordIndex
				[
					0, 1, 2, -1,
					2, 1, 3, -1,
					2, 3, 4, -1,
					4, 3, 5, -1,
					1, 6, 3, -1,
					3, 6, 7, -1,
					3, 7, 8, -1,
					8, 7, 9, -1,
					8, 9, 10, -1,
					10, 9, 11, -1,
					10, 11, 12, -1,
					12, 11, 13, -1,
					12, 13, 14, -1,
					14, 13, 15, -1,
					6, 16, 7, -1,
					7, 16, 17, -1,
					7, 17, 18, -1,
					18, 17, 19, -1,
					18, 19, 20, -1,
					18, 20, 21, -1,
					21, 20, 22, -1,
					21, 22, 23, -1,
					24, 25, 23, -1,
					23, 25, 21, -1,
					25, 26, 21, -1,
					21, 26, 27, -1,
					21, 27, 28, -1,
					28, 27, 29, -1,
					28, 29, 30, -1,
					28, 30, 31, -1,
					31, 30, 32, -1,
					31, 32, 33, -1,
					31, 33, 34, -1,
					34, 33, 35, -1,
					34, 35, 36, -1,
					36, 35, 37, -1,
					36, 38, 34, -1,
					34, 38, 39, -1,
					34, 39, 40, -1,
					40, 39, 41, -1,
					40, 41, 42, -1,
					40, 42, 13, -1,
					13, 42, 15, -1,
					14, 43, 12, -1,
					12, 43, 44, -1,
					12, 44, 45, -1,
					45, 46, 12, -1,
					12, 46, 10, -1,
					46, 47, 10, -1,
					10, 47, 48, -1,
					10, 48, 8, -1,
					8, 48, 49, -1,
					8, 49, 5, -1,
					18, 21, 50, -1,
					50, 21, 28, -1,
					50, 28, 51, -1,
					51, 28, 31, -1,
					51, 31, 40, -1,
					40, 31, 34, -1,
					7, 18, 9, -1,
					9, 18, 50, -1,
					9, 50, 11, -1,
					11, 50, 51, -1,
					11, 51, 13, -1,
					13, 51, 40, -1,
					3, 8, 5, -1
				]
				normal Normal
				{
					vector
					[
						-0.000 0.000 1.000,
						-0.000 0.092 0.996,
						-0.000 -0.000 1.000,
						0.025 0.089 0.996,
						0.000 0.000 1.000,
						-0.000 0.274 0.962,
						0.123 0.428 0.895,
						0.056 0.074 0.996,
						0.269 0.355 0.895,
						0.079 0.048 0.996,
						0.379 0.234 0.895,
						0.091 0.017 0.996,
						0.438 0.081 0.895,
						0.274 -0.000 0.962,
						0.446 -0.000 0.895,
						-0.000 0.446 0.895,
						-0.000 0.603 0.798,
						0.204 0.710 0.674,
						-0.000 0.739 0.674,
						-0.000 0.850 0.526,
						0.257 0.896 0.361,
						-0.000 0.932 0.361,
						-0.000 0.983 0.184,
						-0.000 1.000 -0.000,
						0.139 0.990 -0.000,
						0.276 0.961 -0.000,
						0.448 0.894 -0.000,
						0.563 0.743 0.361,
						0.604 0.797 -0.000,
						0.740 0.672 -0.000,
						0.794 0.489 0.361,
						0.851 0.525 -0.000,
						0.933 0.359 -0.000,
						0.917 0.169 0.361,
						0.983 0.182 -0.000,
						0.983 -0.000 0.184,
						1.000 -0.000 -0.000,
						0.932 -0.000 0.361,
						0.850 -0.000 0.526,
						0.727 0.134 0.674,
						0.739 -0.000 0.674,
						0.603 -0.000 0.798,
						0.092 -0.000 0.996,
						0.000 -0.000 1.000,
						0.447 0.589 0.674,
						0.629 0.388 0.674
					]
				}
				normalIndex
				[
					0, 1, 2, -1,
					2, 1, 3, -1,
					2, 3, 2, -1,
					2, 3, 4, -1,
					1, 5, 3, -1,
					3, 5, 6, -1,
					3, 6, 7, -1,
					7, 6, 8, -1,
					7, 8, 9, -1,
					9, 8, 10, -1,
					9, 10, 11, -1,
					11, 10, 12, -1,
					11, 12, 13, -1,
					13, 12, 14, -1,
					5, 15, 6, -1,
					6, 15, 16, -1,
					6, 16, 17, -1,
					17, 16, 18, -1,
					17, 18, 19, -1,
					17, 19, 20, -1,
					20, 19, 21, -1,
					20, 21, 22, -1,
					23, 24, 22, -1,
					22, 24, 20, -1,
					24, 25, 20, -1,
					20, 25, 26, -1,
					20, 26, 27, -1,
					27, 26, 28, -1,
					27, 28, 29, -1,
					27, 29, 30, -1,
					30, 29, 31, -1,
					30, 31, 32, -1,
					30, 32, 33, -1,
					33, 32, 34, -1,
					33, 34, 35, -1,
					35, 34, 36, -1,
					35, 37, 33, -1,
					33, 37, 38, -1,
					33, 38, 39, -1,
					39, 38, 40, -1,
					39, 40, 41, -1,
					39, 41, 12, -1,
					12, 41, 14, -1,
					13, 42, 11, -1,
					11, 42, 43, -1,
					11, 43, 2, -1,
					2, 2, 11, -1,
					11, 2, 9, -1,
					2, 2, 9, -1,
					9, 2, 2, -1,
					9, 2, 7, -1,
					7, 2, 2, -1,
					7, 2, 4, -1,
					17, 20, 44, -1,
					44, 20, 27, -1,
					44, 27, 45, -1,
					45, 27, 30, -1,
					45, 30, 39, -1,
					39, 30, 33, -1,
					6, 17, 8, -1,
					8, 17, 44, -1,
					8, 44, 10, -1,
					10, 44, 45, -1,
					10, 45, 12, -1,
					12, 45, 39, -1,
					3, 7, 4, -1
				]
			}
		}
		Shape
		{
			appearance Appearance
			{
				material Material
				{
					diffuseColor 0.694 0.741 0.788
				}
			}
			geometry IndexedFaceSet
			{
				creaseAngle 0.5
				solid TRUE
				coord Coordinate
				{
					point
					[
						0.585 4.725 -6.800,
						0.567 5.200 -6.799,
						0.546 4.725 -6.796,
						0.530 5.200 -6.792,
						0.508 4.725 -6.784,
						0.496 5.200 -6.779,
						0.473 4.725 -6.766,
						0.464 5.200 -6.760,
						0.442 4.725 -6.740,
						0.437 5.200 -6.735,
						0.415 5.200 -6.705,
						0.585 5.200 -6.800,
						0.411 4.725 -6.699,
						0.399 5.200 -6.672,
						0.392 4.725 -6.651,
						0.388 5.200 -6.637,
						0.385 4.725 -6.600,
						0.385 5.200 -6.600
					]
				}
				coordIndex
				[
					0, 1, 2, -1,
					2, 1, 3, -1,
					2, 3, 4, -1,
					4, 3, 5, -1,
					4, 5, 6, -1,
					6, 5, 7, -1,
					6, 7, 8, -1,
					8, 7, 9, -1,
					8, 9, 10, -1,
					0, 11, 1, -1,
					8, 10, 12, -1,
					12, 10, 13, -1,
					12, 13, 14, -1,
					14, 13, 15, -1,
					14, 15, 16, -1,
					16, 15, 17, -1
				]
				normal Normal
				{
					vector
					[
						-0.000 -0.000 1.000,
						0.092 -0.000 0.996,
						0.197 -0.000 0.980,
						0.274 -0.000 0.962,
						0.386 -0.000 0.922,
						0.446 -0.000 0.895,
						0.560 -0.000 0.828,
						0.603 -0.000 0.798,
						0.712 -0.000 0.702,
						0.739 -0.000 0.674,
						0.850 -0.000 0.526,
						0.869 -0.000 0.496,
						0.932 -0.000 0.361,
						0.967 -0.000 0.256,
						0.983 -0.000 0.184,
						1.000 -0.000 -0.000
					]
				}
				normalIndex
				[
					0, 1, 2, -1,
					2, 1, 3, -1,
					2, 3, 4, -1,
					4, 3, 5, -1,
					4, 5, 6, -1,
					6, 5, 7, -1,
					6, 7, 8, -1,
					8, 7, 9, -1,
					8, 9, 10, -1,
					0, 0, 1, -1,
					8, 10, 11, -1,
					11, 10, 12, -1,
					11, 12, 13, -1,
					13, 12, 14, -1,
					13, 14, 15, -1,
					15, 14, 15, -1
				]
			}
		}
		Shape
		{
			appearance Appearance
			{
				material Material
				{
					diffuseColor 0.694 0.741 0.788
				}
			}
			geometry IndexedFaceSet
			{
				creaseAngle 0.5
				solid TRUE
				coord Coordinate
				{
					point
					[
						0.385 4.725 -2.700,
						0.442 4.725 -2.700,
						0.385 4.725 -6.600,
						0.442 4.725 -6.740,
						0.411 4.725 -6.699,
						0.392 4.725 -6.651
					]
				}
				coordIndex
				[
					0, 1, 2, -1,
					2, 1, 3, -1,
					2, 3, 4, -1,
					4, 5, 2, -1
				]
				normal Normal
				{
					vector
					[
						-0.000 1.000 0.000
					]
				}
				normalIndex
				[
					0, 0, 0, -1,
					0, 0, 0, -1,
					0, 0, 0, -1,
					0, 0, 0, -1
				]
			}
		}
		Shape
		{
			appearance Appearance
			{
				material Material
				{
					diffuseColor 0.694 0.741 0.788
				}
			}
			geometry IndexedFaceSet
			{
				creaseAngle 0.5
				solid TRUE
				coord Coordinate
				{
					point
					[
						0.442 4.275 -6.800,
						0.442 4.725 -6.800,
						0.442 4.275 -6.740,
						0.442 4.725 -6.740,
						0.442 4.275 -2.700,
						0.442 4.725 -2.700
					]
				}
				coordIndex
				[
					0, 1, 2, -1,
					2, 1, 3, -1,
					2, 3, 4, -1,
					4, 3, 5, -1
				]
				normal Normal
				{
					vector
					[
						1.000 0.000 0.000
					]
				}
				normalIndex
				[
					0, 0, 0, -1,
					0, 0, 0, -1,
					0, 0, 0, -1,
					0, 0, 0, -1
				]
			}
		}
		Shape
		{
			appearance Appearance
			{
				material Material
				{
					diffuseColor 0.694 0.741 0.788
				}
			}
			geometry IndexedFaceSet
			{
				creaseAngle 0.5
				solid TRUE
				coord Coordinate
				{
					point
					[
						0.442 4.275 -6.740,
						0.473 4.275 -6.766,
						0.442 4.275 -6.800,
						0.508 4.275 -6.784,
						0.546 4.275 -6.796,
						0.585 4.275 -6.800
					]
				}
				coordIndex
				[
					0, 1, 2, -1,
					2, 1, 3, -1,
					2, 3, 4, -1,
					4, 5, 2, -1
				]
				normal Normal
				{
					vector
					[
						-0.000 1.000 -0.000
					]
				}
				normalIndex
				[
					0, 0, 0, -1,
					0, 0, 0, -1,
					0, 0, 0, -1,
					0, 0, 0, -1
				]
			}
		}
		Shape
		{
			appearance Appearance
			{
				material Material
				{
					diffuseColor 0.694 0.741 0.788
				}
			}
			geometry IndexedFaceSet
			{
				creaseAngle 0.5
				solid TRUE
				coord Coordinate
				{
					point
					[
						0.385 4.275 -6.600,
						0.385 3.725 -6.600,
						0.392 4.275 -6.651,
						0.392 3.725 -6.651,
						0.411 3.725 -6.699,
						0.411 4.275 -6.699,
						0.442 3.725 -6.740,
						0.442 4.275 -6.740,
						0.473 4.275 -6.766,
						0.473 3.725 -6.766,
						0.508 3.725 -6.784,
						0.508 4.275 -6.784,
						0.546 4.275 -6.796,
						0.546 3.725 -6.796,
						0.585 3.725 -6.800,
						0.585 4.275 -6.800
					]
				}
				coordIndex
				[
					0, 1, 2, -1,
					2, 1, 3, -1,
					2, 3, 4, -1,
					2, 4, 5, -1,
					5, 4, 6, -1,
					5, 6, 7, -1,
					7, 6, 8, -1,
					6, 9, 8, -1,
					8, 9, 10, -1,
					8, 10, 11, -1,
					11, 10, 12, -1,
					10, 13, 12, -1,
					12, 13, 14, -1,
					12, 14, 15, -1
				]
				normal Normal
				{
					vector
					[
						1.000 -0.000 -0.000,
						0.967 -0.000 0.256,
						0.869 -0.000 0.496,
						0.712 -0.000 0.702,
						0.560 -0.000 0.828,
						0.386 -0.000 0.922,
						0.197 -0.000 0.980,
						-0.000 -0.000 1.000
					]
				}
				normalIndex
				[
					0, 0, 1, -1,
					1, 0, 1, -1,
					1, 1, 2, -1,
					1, 2, 2, -1,
					2, 2, 3, -1,
					2, 3, 3, -1,
					3, 3, 4, -1,
					3, 4, 4, -1,
					4, 4, 5, -1,
					4, 5, 5, -1,
					5, 5, 6, -1,
					5, 6, 6, -1,
					6, 6, 7, -1,
					6, 7, 7, -1
				]
			}
		}
		Shape
		{
			appearance Appearance
			{
				material Material
				{
					diffuseColor 0.694 0.741 0.788
				}
			}
			geometry IndexedFaceSet
			{
				creaseAngle 0.5
				solid TRUE
				coord Coordinate
				{
					point
					[
						0.411 4.275 -6.699,
						0.442 4.275 -6.740,
						0.385 4.275 -6.600,
						0.442 4.275 -2.700,
						0.385 4.275 -2.700,
						0.392 4.275 -6.651
					]
				}
				coordIndex
				[
					0, 1, 2, -1,
					2, 1, 3, -1,
					2, 3, 4, -1,
					2, 5, 0, -1
				]
				normal Normal
				{
					vector
					[
						0.000 -1.000 0.000
					]
				}
				normalIndex
				[
					0, 0, 0, -1,
					0, 0, 0, -1,
					0, 0, 0, -1,
					0, 0, 0, -1
				]
			}
		}
		Shape
		{
			appearance Appearance
			{
				material Material
				{
					diffuseColor 0.694 0.741 0.788
				}
			}
			geometry IndexedFaceSet
			{
				creaseAngle 0.5
				solid TRUE
				coord Coordinate
				{
					point
					[
						0.385 4.275 -2.700,
						0.442 4.275 -2.700,
						0.385 4.725 -2.700,
						0.442 4.725 -2.700
					]
				}
				coordIndex
				[
					0, 1, 2, -1,
					2, 1, 3, -1
				]
				normal Normal
				{
					vector
					[
						0.000 0.000 1.000
					]
				}
				normalIndex
				[
					0, 0, 0, -1,
					0, 0, 0, -1
				]
			}
		}
		Shape
		{
			appearance Appearance
			{
				material Material
				{
					diffuseColor 0.694 0.741 0.788
				}
			}
			geometry IndexedFaceSet
			{
				creaseAngle 0.5
				solid TRUE
				coord Coordinate
				{
					point
					[
						0.585 3.725 -6.800,
						0.546 3.725 -6.796,
						0.442 3.725 -6.800,
						0.508 3.725 -6.784,
						0.473 3.725 -6.766,
						0.442 3.725 -6.740
					]
				}
				coordIndex
				[
					0, 1, 2, -1,
					2, 1, 3, -1,
					2, 3, 4, -1,
					4, 5, 2, -1
				]
				normal Normal
				{
					vector
					[
						0.000 -1.000 -0.000
					]
				}
				normalIndex
				[
					0, 0, 0, -1,
					0, 0, 0, -1,
					0, 0, 0, -1,
					0, 0, 0, -1
				]
			}
		}
		Shape
		{
			appearance Appearance
			{
				material Material
				{
					diffuseColor 0.694 0.741 0.788
				}
			}
			geometry IndexedFaceSet
			{
				creaseAngle 0.5
				solid TRUE
				coord Coordinate
				{
					point
					[
						0.442 3.275 -6.800,
						0.442 3.725 -6.800,
						0.442 3.275 -6.740,
						0.442 3.725 -6.740,
						0.442 3.275 -2.700,
						0.442 3.725 -2.700
					]
				}
				coordIndex
				[
					0, 1, 2, -1,
					2, 1, 3, -1,
					2, 3, 4, -1,
					4, 3, 5, -1
				]
				normal Normal
				{
					vector
					[
						1.000 0.000 0.000
					]
				}
				normalIndex
				[
					0, 0, 0, -1,
					0, 0, 0, -1,
					0, 0, 0, -1,
					0, 0, 0, -1
				]
			}
		}
		Shape
		{
			appearance Appearance
			{
				material Material
				{
					diffuseColor 0.694 0.741 0.788
				}
			}
			geometry IndexedFaceSet
			{
				creaseAngle 0.5
				solid TRUE
				coord Coordinate
				{
					point
					[
						0.442 3.275 -6.740,
						0.473 3.275 -6.766,
						0.442 3.275 -6.800,
						0.508 3.275 -6.784,
						0.546 3.275 -6.796,
						0.585 3.275 -6.800
					]
				}
				coordIndex
				[
					0, 1, 2, -1,
					2, 1, 3, -1,
					2, 3, 4, -1,
					4, 5, 2, -1
				]
				normal Normal
				{
					vector
					[
						-0.000 1.000 -0.000
					]
				}
				normalIndex
				[
					0, 0, 0, -1,
					0, 0, 0, -1,
					0, 0, 0, -1,
					0, 0, 0, -1
				]
			}
		}
		Shape
		{
			appearance Appearance
			{
				material Material
				{
					diffuseColor 0.694 0.741 0.788
				}
			}
			geometry IndexedFaceSet
			{
				creaseAngle 0.5
				solid TRUE
				coord Coordinate
				{
					point
					[
						0.385 3.275 -6.600,
						0.385 2.725 -6.600,
						0.392 3.275 -6.651,
						0.392 2.725 -6.651,
						0.411 2.725 -6.699,
						0.411 3.275 -6.699,
						0.442 2.725 -6.740,
						0.442 3.275 -6.740,
						0.473 3.275 -6.766,
						0.473 2.725 -6.766,
						0.508 2.725 -6.784,
						0.508 3.275 -6.784,
						0.546 3.275 -6.796,
						0.546 2.725 -6.796,
						0.585 2.725 -6.800,
						0.585 3.275 -6.800
					]
				}
				coordIndex
				[
					0, 1, 2, -1,
					2, 1, 3, -1,
					2, 3, 4, -1,
					2, 4, 5, -1,
					5, 4, 6, -1,
					5, 6, 7, -1,
					7, 6, 8, -1,
					6, 9, 8, -1,
					8, 9, 10, -1,
					8, 10, 11, -1,
					11, 10, 12, -1,
					10, 13, 12, -1,
					12, 13, 14, -1,
					12, 14, 15, -1
				]
				normal Normal
				{
					vector
					[
						1.000 -0.000 -0.000,
						0.967 -0.000 0.256,
						0.869 -0.000 0.496,
						0.712 -0.000 0.702,
						0.560 -0.000 0.828,
						0.386 -0.000 0.922,
						0.197 -0.000 0.980,
						-0.000 -0.000 1.000
					]
				}
				normalIndex
				[
					0, 0, 1, -1,
					1, 0, 1, -1,
					1, 1, 2, -1,
					1, 2, 2, -1,
					2, 2, 3, -1,
					2, 3, 3, -1,
					3, 3, 4, -1,
					3, 4, 4, -1,
					4, 4, 5, -1,
					4, 5, 5, -1,
					5, 5, 6, -1,
					5, 6, 6, -1,
					6, 6, 7, -1,
					6, 7, 7, -1
				]
			}
		}
		Shape
		{
			appearance Appearance
			{
				material Material
				{
					diffuseColor 0.694 0.741 0.788
				}
			}
			geometry IndexedFaceSet
			{
				creaseAngle 0.5
				solid TRUE
				coord Coordinate
				{
					point
					[
						0.411 3.275 -6.699,
						0.442 3.275 -6.740,
						0.385 3.275 -6.600,
						0.442 3.275 -2.700,
						0.385 3.275 -2.700,
						0.392 3.275 -6.651
					]
				}
				coordIndex
				[
					0, 1, 2, -1,
					2, 1, 3, -1,
					2, 3, 4, -1,
					2, 5, 0, -1
				]
				normal Normal
				{
					vector
					[
						0.000 -1.000 0.000
					]
				}
				normalIndex
				[
					0, 0, 0, -1,
					0, 0, 0, -1,
					0, 0, 0, -1,
					0, 0, 0, -1
				]
			}
		}
		Shape
		{
			appearance Appearance
			{
				material Material
				{
					diffuseColor 0.694 0.741 0.788
				}
			}
			geometry IndexedFaceSet
			{
				creaseAngle 0.5
				solid TRUE
				coord Coordinate
				{
					point
					[
						-0.385 4.225 -2.700,
						-0.442 4.225 -2.700,
						-0.385 3.775 -2.700,
						-0.442 3.775 -2.700
					]
				}
				coordIndex
				[
					0, 1, 2, -1,
					2, 1, 3, -1
				]
				normal Normal
				{
					vector
					[
						0.000 0.000 1.000
					]
				}
				normalIndex
				[
					0, 0, 0, -1,
					0, 0, 0, -1
				]
			}
		}
		Shape
		{
			appearance Appearance
			{
				material Material
				{
					diffuseColor 0.694 0.741 0.788
				}
			}
			geometry IndexedFaceSet
			{
				creaseAngle 0.5
				solid TRUE
				coord Coordinate
				{
					point
					[
						0.385 3.275 -2.700,
						0.442 3.275 -2.700,
						0.385 3.725 -2.700,
						0.442 3.725 -2.700
					]
				}
				coordIndex
				[
					0, 1, 2, -1,
					2, 1, 3, -1
				]
				normal Normal
				{
					vector
					[
						0.000 0.000 1.000
					]
				}
				normalIndex
				[
					0, 0, 0, -1,
					0, 0, 0, -1
				]
			}
		}
		Shape
		{
			appearance Appearance
			{
				material Material
				{
					diffuseColor 0.694 0.741 0.788
				}
			}
			geometry IndexedFaceSet
			{
				creaseAngle 0.5
				solid TRUE
				coord Coordinate
				{
					point
					[
						-0.385 3.775 -2.700,
						-0.442 3.775 -2.700,
						-0.385 3.775 -6.600,
						-0.442 3.775 -6.740,
						-0.392 3.775 -6.651,
						-0.411 3.775 -6.699
					]
				}
				coordIndex
				[
					0, 1, 2, -1,
					2, 1, 3, -1,
					2, 3, 4, -1,
					4, 3, 5, -1
				]
				normal Normal
				{
					vector
					[
						0.000 -1.000 0.000
					]
				}
				normalIndex
				[
					0, 0, 0, -1,
					0, 0, 0, -1,
					0, 0, 0, -1,
					0, 0, 0, -1
				]
			}
		}
		Shape
		{
			appearance Appearance
			{
				material Material
				{
					diffuseColor 0.694 0.741 0.788
				}
			}
			geometry IndexedFaceSet
			{
				creaseAngle 0.5
				solid TRUE
				coord Coordinate
				{
					point
					[
						-0.385 3.225 -6.600,
						-0.385 3.775 -6.600,
						-0.392 3.225 -6.651,
						-0.392 3.775 -6.651,
						-0.411 3.775 -6.699,
						-0.411 3.225 -6.699,
						-0.442 3.775 -6.740,
						-0.442 3.225 -6.740,
						-0.473 3.225 -6.766,
						-0.473 3.775 -6.766,
						-0.508 3.775 -6.784,
						-0.508 3.225 -6.784,
						-0.546 3.225 -6.796,
						-0.546 3.775 -6.796,
						-0.585 3.775 -6.800,
						-0.585 3.225 -6.800
					]
				}
				coordIndex
				[
					0, 1, 2, -1,
					2, 1, 3, -1,
					2, 3, 4, -1,
					2, 4, 5, -1,
					5, 4, 6, -1,
					5, 6, 7, -1,
					7, 6, 8, -1,
					6, 9, 8, -1,
					8, 9, 10, -1,
					8, 10, 11, -1,
					11, 10, 12, -1,
					10, 13, 12, -1,
					12, 13, 14, -1,
					12, 14, 15, -1
				]
				normal Normal
				{
					vector
					[
						-1.000 -0.000 -0.000,
						-0.967 -0.000 0.256,
						-0.869 -0.000 0.496,
						-0.712 -0.000 0.702,
						-0.560 -0.000 0.828,
						-0.386 -0.000 0.922,
						-0.197 -0.000 0.980,
						-0.000 -0.000 1.000
					]
				}
				normalIndex
				[
					0, 0, 1, -1,
					1, 0, 1, -1,
					1, 1, 2, -1,
					1, 2, 2, -1,
					2, 2, 3, -1,
					2, 3, 3, -1,
					3, 3, 4, -1,
					3, 4, 4, -1,
					4, 4, 5, -1,
					4, 5, 5, -1,
					5, 5, 6, -1,
					5, 6, 6, -1,
					6, 6, 7, -1,
					6, 7, 7, -1
				]
			}
		}
		Shape
		{
			appearance Appearance
			{
				material Material
				{
					diffuseColor 0.694 0.741 0.788
				}
			}
			geometry IndexedFaceSet
			{
				creaseAngle 0.5
				solid TRUE
				coord Coordinate
				{
					point
					[
						-0.411 3.225 -6.699,
						-0.442 3.225 -6.740,
						-0.385 3.225 -6.600,
						-0.442 3.225 -2.700,
						-0.385 3.225 -2.700,
						-0.392 3.225 -6.651
					]
				}
				coordIndex
				[
					0, 1, 2, -1,
					2, 1, 3, -1,
					2, 3, 4, -1,
					2, 5, 0, -1
				]
				normal Normal
				{
					vector
					[
						-0.000 1.000 0.000
					]
				}
				normalIndex
				[
					0, 0, 0, -1,
					0, 0, 0, -1,
					0, 0, 0, -1,
					0, 0, 0, -1
				]
			}
		}
		Shape
		{
			appearance Appearance
			{
				material Material
				{
					diffuseColor 0.694 0.741 0.788
				}
			}
			geometry IndexedFaceSet
			{
				creaseAngle 0.5
				solid TRUE
				coord Coordinate
				{
					point
					[
						-0.442 2.775 -6.800,
						-0.442 2.775 -6.740,
						-0.442 3.225 -6.800,
						-0.442 3.225 -6.740,
						-0.442 2.775 -2.700,
						-0.442 3.225 -2.700
					]
				}
				coordIndex
				[
					0, 1, 2, -1,
					2, 1, 3, -1,
					1, 4, 3, -1,
					3, 4, 5, -1
				]
				normal Normal
				{
					vector
					[
						-1.000 0.000 0.000
					]
				}
				normalIndex
				[
					0, 0, 0, -1,
					0, 0, 0, -1,
					0, 0, 0, -1,
					0, 0, 0, -1
				]
			}
		}
		Shape
		{
			appearance Appearance
			{
				material Material
				{
					diffuseColor 0.694 0.741 0.788
				}
			}
			geometry IndexedFaceSet
			{
				creaseAngle 0.5
				solid TRUE
				coord Coordinate
				{
					point
					[
						-0.442 3.225 -6.740,
						-0.473 3.225 -6.766,
						-0.442 3.225 -6.800,
						-0.508 3.225 -6.784,
						-0.546 3.225 -6.796,
						-0.585 3.225 -6.800
					]
				}
				coordIndex
				[
					0, 1, 2, -1,
					2, 1, 3, -1,
					2, 3, 4, -1,
					4, 5, 2, -1
				]
				normal Normal
				{
					vector
					[
						0.000 -1.000 -0.000
					]
				}
				normalIndex
				[
					0, 0, 0, -1,
					0, 0, 0, -1,
					0, 0, 0, -1,
					0, 0, 0, -1
				]
			}
		}
		Shape
		{
			appearance Appearance
			{
				material Material
				{
					diffuseColor 0.694 0.741 0.788
				}
			}
			geometry IndexedFaceSet
			{
				creaseAngle 0.5
				solid TRUE
				coord Coordinate
				{
					point
					[
						-0.385 2.775 -2.700,
						-0.442 2.775 -2.700,
						-0.385 2.775 -6.600,
						-0.442 2.775 -6.740,
						-0.392 2.775 -6.651,
						-0.411 2.775 -6.699
					]
				}
				coordIndex
				[
					0, 1, 2, -1,
					2, 1, 3, -1,
					2, 3, 4, -1,
					4, 3, 5, -1
				]
				normal Normal
				{
					vector
					[
						0.000 -1.000 0.000
					]
				}
				normalIndex
				[
					0, 0, 0, -1,
					0, 0, 0, -1,
					0, 0, 0, -1,
					0, 0, 0, -1
				]
			}
		}
		Shape
		{
			appearance Appearance
			{
				material Material
				{
					diffuseColor 0.694 0.741 0.788
				}
			}
			geometry IndexedFaceSet
			{
				creaseAngle 0.5
				solid TRUE
				coord Coordinate
				{
					point
					[
						-0.385 2.225 -6.600,
						-0.385 2.775 -6.600,
						-0.392 2.225 -6.651,
						-0.392 2.775 -6.651,
						-0.411 2.775 -6.699,
						-0.411 2.225 -6.699,
						-0.442 2.775 -6.740,
						-0.442 2.225 -6.740,
						-0.473 2.225 -6.766,
						-0.473 2.775 -6.766,
						-0.508 2.775 -6.784,
						-0.508 2.225 -6.784,
						-0.546 2.225 -6.796,
						-0.546 2.775 -6.796,
						-0.585 2.775 -6.800,
						-0.585 2.225 -6.800
					]
				}
				coordIndex
				[
					0, 1, 2, -1,
					2, 1, 3, -1,
					2, 3, 4, -1,
					2, 4, 5, -1,
					5, 4, 6, -1,
					5, 6, 7, -1,
					7, 6, 8, -1,
					6, 9, 8, -1,
					8, 9, 10, -1,
					8, 10, 11, -1,
					11, 10, 12, -1,
					10, 13, 12, -1,
					12, 13, 14, -1,
					12, 14, 15, -1
				]
				normal Normal
				{
					vector
					[
						-1.000 -0.000 -0.000,
						-0.967 -0.000 0.256,
						-0.869 -0.000 0.496,
						-0.712 -0.000 0.702,
						-0.560 -0.000 0.828,
						-0.386 -0.000 0.922,
						-0.197 -0.000 0.980,
						-0.000 -0.000 1.000
					]
				}
				normalIndex
				[
					0, 0, 1, -1,
					1, 0, 1, -1,
					1, 1, 2, -1,
					1, 2, 2, -1,
					2, 2, 3, -1,
					2, 3, 3, -1,
					3, 3, 4, -1,
					3, 4, 4, -1,
					4, 4, 5, -1,
					4, 5, 5, -1,
					5, 5, 6, -1,
					5, 6, 6, -1,
					6, 6, 7, -1,
					6, 7, 7, -1
				]
			}
		}
		Shape
		{
			appearance Appearance
			{
				material Material
				{
					diffuseColor 0.694 0.741 0.788
				}
			}
			geometry IndexedFaceSet
			{
				creaseAngle 0.5
				solid TRUE
				coord Coordinate
				{
					point
					[
						-0.411 2.225 -6.699,
						-0.442 2.225 -6.740,
						-0.385 2.225 -6.600,
						-0.442 2.225 -2.700,
						-0.385 2.225 -2.700,
						-0.392 2.225 -6.651
					]
				}
				coordIndex
				[
					0, 1, 2, -1,
					2, 1, 3, -1,
					2, 3, 4, -1,
					2, 5, 0, -1
				]
				normal Normal
				{
					vector
					[
						-0.000 1.000 0.000
					]
				}
				normalIndex
				[
					0, 0, 0, -1,
					0, 0, 0, -1,
					0, 0, 0, -1,
					0, 0, 0, -1
				]
			}
		}
		Shape
		{
			appearance Appearance
			{
				material Material
				{
					diffuseColor 0.694 0.741 0.788
				}
			}
			geometry IndexedFaceSet
			{
				creaseAngle 0.5
				solid TRUE
				coord Coordinate
				{
					point
					[
						-0.385 2.225 -2.700,
						-0.442 2.225 -2.700,
						-0.385 1.775 -2.700,
						-0.442 1.775 -2.700
					]
				}
				coordIndex
				[
					0, 1, 2, -1,
					2, 1, 3, -1
				]
				normal Normal
				{
					vector
					[
						0.000 0.000 1.000
					]
				}
				normalIndex
				[
					0, 0, 0, -1,
					0, 0, 0, -1
				]
			}
		}
		Shape
		{
			appearance Appearance
			{
				material Material
				{
					diffuseColor 0.694 0.741 0.788
				}
			}
			geometry IndexedFaceSet
			{
				creaseAngle 0.5
				solid TRUE
				coord Coordinate
				{
					point
					[
						0.385 1.275 -2.700,
						0.442 1.275 -2.700,
						0.385 1.725 -2.700,
						0.442 1.725 -2.700
					]
				}
				coordIndex
				[
					0, 1, 2, -1,
					2, 1, 3, -1
				]
				normal Normal
				{
					vector
					[
						0.000 0.000 1.000
					]
				}
				normalIndex
				[
					0, 0, 0, -1,
					0, 0, 0, -1
				]
			}
		}
		Shape
		{
			appearance Appearance
			{
				material Material
				{
					diffuseColor 0.694 0.741 0.788
				}
			}
			geometry IndexedFaceSet
			{
				creaseAngle 0.5
				solid TRUE
				coord Coordinate
				{
					point
					[
						-0.385 1.775 -2.700,
						-0.442 1.775 -2.700,
						-0.385 1.775 -6.600,
						-0.442 1.775 -6.740,
						-0.392 1.775 -6.651,
						-0.411 1.775 -6.699
					]
				}
				coordIndex
				[
					0, 1, 2, -1,
					2, 1, 3, -1,
					2, 3, 4, -1,
					4, 3, 5, -1
				]
				normal Normal
				{
					vector
					[
						0.000 -1.000 0.000
					]
				}
				normalIndex
				[
					0, 0, 0, -1,
					0, 0, 0, -1,
					0, 0, 0, -1,
					0, 0, 0, -1
				]
			}
		}
		Shape
		{
			appearance Appearance
			{
				material Material
				{
					diffuseColor 0.694 0.741 0.788
				}
			}
			geometry IndexedFaceSet
			{
				creaseAngle 0.5
				solid TRUE
				coord Coordinate
				{
					point
					[
						-0.385 1.225 -6.600,
						-0.385 1.775 -6.600,
						-0.392 1.225 -6.651,
						-0.392 1.775 -6.651,
						-0.411 1.775 -6.699,
						-0.411 1.225 -6.699,
						-0.442 1.775 -6.740,
						-0.442 1.225 -6.740,
						-0.473 1.225 -6.766,
						-0.473 1.775 -6.766,
						-0.508 1.775 -6.784,
						-0.508 1.225 -6.784,
						-0.546 1.225 -6.796,
						-0.546 1.775 -6.796,
						-0.585 1.775 -6.800,
						-0.585 1.225 -6.800
					]
				}
				coordIndex
				[
					0, 1, 2, -1,
					2, 1, 3, -1,
					2, 3, 4, -1,
					2, 4, 5, -1,
					5, 4, 6, -1,
					5, 6, 7, -1,
					7, 6, 8, -1,
					6, 9, 8, -1,
					8, 9, 10, -1,
					8, 10, 11, -1,
					11, 10, 12, -1,
					10, 13, 12, -1,
					12, 13, 14, -1,
					12, 14, 15, -1
				]
				normal Normal
				{
					vector
					[
						-1.000 -0.000 -0.000,
						-0.967 -0.000 0.256,
						-0.869 -0.000 0.496,
						-0.712 -0.000 0.702,
						-0.560 -0.000 0.828,
						-0.386 -0.000 0.922,
						-0.197 -0.000 0.980,
						-0.000 -0.000 1.000
					]
				}
				normalIndex
				[
					0, 0, 1, -1,
					1, 0, 1, -1,
					1, 1, 2, -1,
					1, 2, 2, -1,
					2, 2, 3, -1,
					2, 3, 3, -1,
					3, 3, 4, -1,
					3, 4, 4, -1,
					4, 4, 5, -1,
					4, 5, 5, -1,
					5, 5, 6, -1,
					5, 6, 6, -1,
					6, 6, 7, -1,
					6, 7, 7, -1
				]
			}
		}
		Shape
		{
			appearance Appearance
			{
				material Material
				{
					diffuseColor 0.694 0.741 0.788
				}
			}
			geometry IndexedFaceSet
			{
				creaseAngle 0.5
				solid TRUE
				coord Coordinate
				{
					point
					[
						-0.411 1.225 -6.699,
						-0.442 1.225 -6.740,
						-0.385 1.225 -6.600,
						-0.442 1.225 -2.700,
						-0.385 1.225 -2.700,
						-0.392 1.225 -6.651
					]
				}
				coordIndex
				[
					0, 1, 2, -1,
					2, 1, 3, -1,
					2, 3, 4, -1,
					2, 5, 0, -1
				]
				normal Normal
				{
					vector
					[
						-0.000 1.000 0.000
					]
				}
				normalIndex
				[
					0, 0, 0, -1,
					0, 0, 0, -1,
					0, 0, 0, -1,
					0, 0, 0, -1
				]
			}
		}
		Shape
		{
			appearance Appearance
			{
				material Material
				{
					diffuseColor 0.694 0.741 0.788
				}
			}
			geometry IndexedFaceSet
			{
				creaseAngle 0.5
				solid TRUE
				coord Coordinate
				{
					point
					[
						-0.385 1.225 -2.700,
						-0.442 1.225 -2.700,
						-0.385 0.775 -2.700,
						-0.442 0.775 -2.700
					]
				}
				coordIndex
				[
					0, 1, 2, -1,
					2, 1, 3, -1
				]
				normal Normal
				{
					vector
					[
						0.000 0.000 1.000
					]
				}
				normalIndex
				[
					0, 0, 0, -1,
					0, 0, 0, -1
				]
			}
		}
		Shape
		{
			appearance Appearance
			{
				material Material
				{
					diffuseColor 0.694 0.741 0.788
				}
			}
			geometry IndexedFaceSet
			{
				creaseAngle 0.5
				solid TRUE
				coord Coordinate
				{
					point
					[
						0.385 0.275 -2.700,
						0.442 0.275 -2.700,
						0.385 0.725 -2.700,
						0.442 0.725 -2.700
					]
				}
				coordIndex
				[
					0, 1, 2, -1,
					2, 1, 3, -1
				]
				normal Normal
				{
					vector
					[
						0.000 0.000 1.000
					]
				}
				normalIndex
				[
					0, 0, 0, -1,
					0, 0, 0, -1
				]
			}
		}
		Shape
		{
			appearance Appearance
			{
				material Material
				{
					diffuseColor 0.694 0.741 0.788
				}
			}
			geometry IndexedFaceSet
			{
				creaseAngle 0.5
				solid TRUE
				coord Coordinate
				{
					point
					[
						-0.385 0.775 -2.700,
						-0.442 0.775 -2.700,
						-0.385 0.775 -6.600,
						-0.442 0.775 -6.740,
						-0.392 0.775 -6.651,
						-0.411 0.775 -6.699
					]
				}
				coordIndex
				[
					0, 1, 2, -1,
					2, 1, 3, -1,
					2, 3, 4, -1,
					4, 3, 5, -1
				]
				normal Normal
				{
					vector
					[
						0.000 -1.000 0.000
					]
				}
				normalIndex
				[
					0, 0, 0, -1,
					0, 0, 0, -1,
					0, 0, 0, -1,
					0, 0, 0, -1
				]
			}
		}
		Shape
		{
			appearance Appearance
			{
				material Material
				{
					diffuseColor 0.694 0.741 0.788
				}
			}
			geometry IndexedFaceSet
			{
				creaseAngle 0.5
				solid TRUE
				coord Coordinate
				{
					point
					[
						-0.385 0.225 -6.600,
						-0.385 0.775 -6.600,
						-0.392 0.225 -6.651,
						-0.392 0.775 -6.651,
						-0.411 0.775 -6.699,
						-0.411 0.225 -6.699,
						-0.442 0.775 -6.740,
						-0.442 0.225 -6.740,
						-0.473 0.225 -6.766,
						-0.473 0.775 -6.766,
						-0.508 0.775 -6.784,
						-0.508 0.225 -6.784,
						-0.546 0.225 -6.796,
						-0.546 0.775 -6.796,
						-0.585 0.775 -6.800,
						-0.585 0.225 -6.800
					]
				}
				coordIndex
				[
					0, 1, 2, -1,
					2, 1, 3, -1,
					2, 3, 4, -1,
					2, 4, 5, -1,
					5, 4, 6, -1,
					5, 6, 7, -1,
					7, 6, 8, -1,
					6, 9, 8, -1,
					8, 9, 10, -1,
					8, 10, 11, -1,
					11, 10, 12, -1,
					10, 13, 12, -1,
					12, 13, 14, -1,
					12, 14, 15, -1
				]
				normal Normal
				{
					vector
					[
						-1.000 -0.000 -0.000,
						-0.967 -0.000 0.256,
						-0.869 -0.000 0.496,
						-0.712 -0.000 0.702,
						-0.560 -0.000 0.828,
						-0.386 -0.000 0.922,
						-0.197 -0.000 0.980,
						-0.000 -0.000 1.000
					]
				}
				normalIndex
				[
					0, 0, 1, -1,
					1, 0, 1, -1,
					1, 1, 2, -1,
					1, 2, 2, -1,
					2, 2, 3, -1,
					2, 3, 3, -1,
					3, 3, 4, -1,
					3, 4, 4, -1,
					4, 4, 5, -1,
					4, 5, 5, -1,
					5, 5, 6, -1,
					5, 6, 6, -1,
					6, 6, 7, -1,
					6, 7, 7, -1
				]
			}
		}
		Shape
		{
			appearance Appearance
			{
				material Material
				{
					diffuseColor 0.694 0.741 0.788
				}
			}
			geometry IndexedFaceSet
			{
				creaseAngle 0.5
				solid TRUE
				coord Coordinate
				{
					point
					[
						-0.411 0.225 -6.699,
						-0.442 0.225 -6.740,
						-0.385 0.225 -6.600,
						-0.442 0.225 -2.700,
						-0.385 0.225 -2.700,
						-0.392 0.225 -6.651
					]
				}
				coordIndex
				[
					0, 1, 2, -1,
					2, 1, 3, -1,
					2, 3, 4, -1,
					2, 5, 0, -1
				]
				normal Normal
				{
					vector
					[
						-0.000 1.000 0.000
					]
				}
				normalIndex
				[
					0, 0, 0, -1,
					0, 0, 0, -1,
					0, 0, 0, -1,
					0, 0, 0, -1
				]
			}
		}
		Shape
		{
			appearance Appearance
			{
				material Material
				{
					diffuseColor 0.694 0.741 0.788
				}
			}
			geometry IndexedFaceSet
			{
				creaseAngle 0.5
				solid TRUE
				coord Coordinate
				{
					point
					[
						-0.385 0.225 -2.700,
						-0.442 0.225 -2.700,
						-0.385 -0.225 -2.700,
						-0.442 -0.225 -2.700
					]
				}
				coordIndex
				[
					0, 1, 2, -1,
					2, 1, 3, -1
				]
				normal Normal
				{
					vector
					[
						0.000 0.000 1.000
					]
				}
				normalIndex
				[
					0, 0, 0, -1,
					0, 0, 0, -1
				]
			}
		}
		Shape
		{
			appearance Appearance
			{
				material Material
				{
					diffuseColor 0.694 0.741 0.788
				}
			}
			geometry IndexedFaceSet
			{
				creaseAngle 0.5
				solid TRUE
				coord Coordinate
				{
					point
					[
						0.385 -0.725 -2.700,
						0.442 -0.725 -2.700,
						0.385 -0.275 -2.700,
						0.442 -0.275 -2.700
					]
				}
				coordIndex
				[
					0, 1, 2, -1,
					2, 1, 3, -1
				]
				normal Normal
				{
					vector
					[
						0.000 0.000 1.000
					]
				}
				normalIndex
				[
					0, 0, 0, -1,
					0, 0, 0, -1
				]
			}
		}
		Shape
		{
			appearance Appearance
			{
				material Material
				{
					diffuseColor 0.694 0.741 0.788
				}
			}
			geometry IndexedFaceSet
			{
				creaseAngle 0.5
				solid TRUE
				coord Coordinate
				{
					point
					[
						-0.385 -0.225 -2.700,
						-0.442 -0.225 -2.700,
						-0.385 -0.225 -6.600,
						-0.442 -0.225 -6.740,
						-0.392 -0.225 -6.651,
						-0.411 -0.225 -6.699
					]
				}
				coordIndex
				[
					0, 1, 2, -1,
					2, 1, 3, -1,
					2, 3, 4, -1,
					4, 3, 5, -1
				]
				normal Normal
				{
					vector
					[
						0.000 -1.000 0.000
					]
				}
				normalIndex
				[
					0, 0, 0, -1,
					0, 0, 0, -1,
					0, 0, 0, -1,
					0, 0, 0, -1
				]
			}
		}
		Shape
		{
			appearance Appearance
			{
				material Material
				{
					diffuseColor 0.694 0.741 0.788
				}
			}
			geometry IndexedFaceSet
			{
				creaseAngle 0.5
				solid TRUE
				coord Coordinate
				{
					point
					[
						-0.385 -0.775 -6.600,
						-0.385 -0.225 -6.600,
						-0.392 -0.775 -6.651,
						-0.392 -0.225 -6.651,
						-0.411 -0.225 -6.699,
						-0.411 -0.775 -6.699,
						-0.442 -0.225 -6.740,
						-0.442 -0.775 -6.740,
						-0.473 -0.775 -6.766,
						-0.473 -0.225 -6.766,
						-0.508 -0.225 -6.784,
						-0.508 -0.775 -6.784,
						-0.546 -0.775 -6.796,
						-0.546 -0.225 -6.796,
						-0.585 -0.225 -6.800,
						-0.585 -0.775 -6.800
					]
				}
				coordIndex
				[
					0, 1, 2, -1,
					2, 1, 3, -1,
					2, 3, 4, -1,
					2, 4, 5, -1,
					5, 4, 6, -1,
					5, 6, 7, -1,
					7, 6, 8, -1,
					6, 9, 8, -1,
					8, 9, 10, -1,
					8, 10, 11, -1,
					11, 10, 12, -1,
					10, 13, 12, -1,
					12, 13, 14, -1,
					12, 14, 15, -1
				]
				normal Normal
				{
					vector
					[
						-1.000 -0.000 -0.000,
						-0.967 -0.000 0.256,
						-0.869 -0.000 0.496,
						-0.712 -0.000 0.702,
						-0.560 -0.000 0.828,
						-0.386 -0.000 0.922,
						-0.197 -0.000 0.980,
						-0.000 -0.000 1.000
					]
				}
				normalIndex
				[
					0, 0, 1, -1,
					1, 0, 1, -1,
					1, 1, 2, -1,
					1, 2, 2, -1,
					2, 2, 3, -1,
					2, 3, 3, -1,
					3, 3, 4, -1,
					3, 4, 4, -1,
					4, 4, 5, -1,
					4, 5, 5, -1,
					5, 5, 6, -1,
					5, 6, 6, -1,
					6, 6, 7, -1,
					6, 7, 7, -1
				]
			}
		}
		Shape
		{
			appearance Appearance
			{
				material Material
				{
					diffuseColor 0.694 0.741 0.788
				}
			}
			geometry IndexedFaceSet
			{
				creaseAngle 0.5
				solid TRUE
				coord Coordinate
				{
					point
					[
						-0.411 -0.775 -6.699,
						-0.442 -0.775 -6.740,
						-0.385 -0.775 -6.600,
						-0.442 -0.775 -2.700,
						-0.385 -0.775 -2.700,
						-0.392 -0.775 -6.651
					]
				}
				coordIndex
				[
					0, 1, 2, -1,
					2, 1, 3, -1,
					2, 3, 4, -1,
					2, 5, 0, -1
				]
				normal Normal
				{
					vector
					[
						-0.000 1.000 0.000
					]
				}
				normalIndex
				[
					0, 0, 0, -1,
					0, 0, 0, -1,
					0, 0, 0, -1,
					0, 0, 0, -1
				]
			}
		}
		Shape
		{
			appearance Appearance
			{
				material Material
				{
					diffuseColor 0.694 0.741 0.788
				}
			}
			geometry IndexedFaceSet
			{
				creaseAngle 0.5
				solid TRUE
				coord Coordinate
				{
					point
					[
						-0.385 -0.775 -2.700,
						-0.442 -0.775 -2.700,
						-0.385 -1.225 -2.700,
						-0.442 -1.225 -2.700
					]
				}
				coordIndex
				[
					0, 1, 2, -1,
					2, 1, 3, -1
				]
				normal Normal
				{
					vector
					[
						0.000 0.000 1.000
					]
				}
				normalIndex
				[
					0, 0, 0, -1,
					0, 0, 0, -1
				]
			}
		}
		Shape
		{
			appearance Appearance
			{
				material Material
				{
					diffuseColor 0.694 0.741 0.788
				}
			}
			geometry IndexedFaceSet
			{
				creaseAngle 0.5
				solid TRUE
				coord Coordinate
				{
					point
					[
						0.385 -1.725 -2.700,
						0.442 -1.725 -2.700,
						0.385 -1.275 -2.700,
						0.442 -1.275 -2.700
					]
				}
				coordIndex
				[
					0, 1, 2, -1,
					2, 1, 3, -1
				]
				normal Normal
				{
					vector
					[
						0.000 0.000 1.000
					]
				}
				normalIndex
				[
					0, 0, 0, -1,
					0, 0, 0, -1
				]
			}
		}
		Shape
		{
			appearance Appearance
			{
				material Material
				{
					diffuseColor 0.694 0.741 0.788
				}
			}
			geometry IndexedFaceSet
			{
				creaseAngle 0.5
				solid TRUE
				coord Coordinate
				{
					point
					[
						-0.385 -1.225 -2.700,
						-0.442 -1.225 -2.700,
						-0.385 -1.225 -6.600,
						-0.442 -1.225 -6.740,
						-0.392 -1.225 -6.651,
						-0.411 -1.225 -6.699
					]
				}
				coordIndex
				[
					0, 1, 2, -1,
					2, 1, 3, -1,
					2, 3, 4, -1,
					4, 3, 5, -1
				]
				normal Normal
				{
					vector
					[
						0.000 -1.000 0.000
					]
				}
				normalIndex
				[
					0, 0, 0, -1,
					0, 0, 0, -1,
					0, 0, 0, -1,
					0, 0, 0, -1
				]
			}
		}
		Shape
		{
			appearance Appearance
			{
				material Material
				{
					diffuseColor 0.694 0.741 0.788
				}
			}
			geometry IndexedFaceSet
			{
				creaseAngle 0.5
				solid TRUE
				coord Coordinate
				{
					point
					[
						-0.385 -1.775 -6.600,
						-0.385 -1.225 -6.600,
						-0.392 -1.775 -6.651,
						-0.392 -1.225 -6.651,
						-0.411 -1.225 -6.699,
						-0.411 -1.775 -6.699,
						-0.442 -1.225 -6.740,
						-0.442 -1.775 -6.740,
						-0.473 -1.775 -6.766,
						-0.473 -1.225 -6.766,
						-0.508 -1.225 -6.784,
						-0.508 -1.775 -6.784,
						-0.546 -1.775 -6.796,
						-0.546 -1.225 -6.796,
						-0.585 -1.225 -6.800,
						-0.585 -1.775 -6.800
					]
				}
				coordIndex
				[
					0, 1, 2, -1,
					2, 1, 3, -1,
					2, 3, 4, -1,
					2, 4, 5, -1,
					5, 4, 6, -1,
					5, 6, 7, -1,
					7, 6, 8, -1,
					6, 9, 8, -1,
					8, 9, 10, -1,
					8, 10, 11, -1,
					11, 10, 12, -1,
					10, 13, 12, -1,
					12, 13, 14, -1,
					12, 14, 15, -1
				]
				normal Normal
				{
					vector
					[
						-1.000 -0.000 -0.000,
						-0.967 -0.000 0.256,
						-0.869 -0.000 0.496,
						-0.712 -0.000 0.702,
						-0.560 -0.000 0.828,
						-0.386 -0.000 0.922,
						-0.197 -0.000 0.980,
						-0.000 -0.000 1.000
					]
				}
				normalIndex
				[
					0, 0, 1, -1,
					1, 0, 1, -1,
					1, 1, 2, -1,
					1, 2, 2, -1,
					2, 2, 3, -1,
					2, 3, 3, -1,
					3, 3, 4, -1,
					3, 4, 4, -1,
					4, 4, 5, -1,
					4, 5, 5, -1,
					5, 5, 6, -1,
					5, 6, 6, -1,
					6, 6, 7, -1,
					6, 7, 7, -1
				]
			}
		}
		Shape
		{
			appearance Appearance
			{
				material Material
				{
					diffuseColor 0.694 0.741 0.788
				}
			}
			geometry IndexedFaceSet
			{
				creaseAngle 0.5
				solid TRUE
				coord Coordinate
				{
					point
					[
						-0.411 -1.775 -6.699,
						-0.442 -1.775 -6.740,
						-0.385 -1.775 -6.600,
						-0.442 -1.775 -2.700,
						-0.385 -1.775 -2.700,
						-0.392 -1.775 -6.651
					]
				}
				coordIndex
				[
					0, 1, 2, -1,
					2, 1, 3, -1,
					2, 3, 4, -1,
					2, 5, 0, -1
				]
				normal Normal
				{
					vector
					[
						-0.000 1.000 0.000
					]
				}
				normalIndex
				[
					0, 0, 0, -1,
					0, 0, 0, -1,
					0, 0, 0, -1,
					0, 0, 0, -1
				]
			}
		}
		Shape
		{
			appearance Appearance
			{
				material Material
				{
					diffuseColor 0.694 0.741 0.788
				}
			}
			geometry IndexedFaceSet
			{
				creaseAngle 0.5
				solid TRUE
				coord Coordinate
				{
					point
					[
						-0.385 -1.775 -2.700,
						-0.442 -1.775 -2.700,
						-0.385 -2.225 -2.700,
						-0.442 -2.225 -2.700
					]
				}
				coordIndex
				[
					0, 1, 2, -1,
					2, 1, 3, -1
				]
				normal Normal
				{
					vector
					[
						0.000 0.000 1.000
					]
				}
				normalIndex
				[
					0, 0, 0, -1,
					0, 0, 0, -1
				]
			}
		}
		Shape
		{
			appearance Appearance
			{
				material Material
				{
					diffuseColor 0.694 0.741 0.788
				}
			}
			geometry IndexedFaceSet
			{
				creaseAngle 0.5
				solid TRUE
				coord Coordinate
				{
					point
					[
						0.385 -2.725 -2.700,
						0.442 -2.725 -2.700,
						0.385 -2.275 -2.700,
						0.442 -2.275 -2.700
					]
				}
				coordIndex
				[
					0, 1, 2, -1,
					2, 1, 3, -1
				]
				normal Normal
				{
					vector
					[
						0.000 0.000 1.000
					]
				}
				normalIndex
				[
					0, 0, 0, -1,
					0, 0, 0, -1
				]
			}
		}
		Shape
		{
			appearance Appearance
			{
				material Material
				{
					diffuseColor 0.694 0.741 0.788
				}
			}
			geometry IndexedFaceSet
			{
				creaseAngle 0.5
				solid TRUE
				coord Coordinate
				{
					point
					[
						-0.385 -2.225 -2.700,
						-0.442 -2.225 -2.700,
						-0.385 -2.225 -6.600,
						-0.442 -2.225 -6.740,
						-0.392 -2.225 -6.651,
						-0.411 -2.225 -6.699
					]
				}
				coordIndex
				[
					0, 1, 2, -1,
					2, 1, 3, -1,
					2, 3, 4, -1,
					4, 3, 5, -1
				]
				normal Normal
				{
					vector
					[
						0.000 -1.000 0.000
					]
				}
				normalIndex
				[
					0, 0, 0, -1,
					0, 0, 0, -1,
					0, 0, 0, -1,
					0, 0, 0, -1
				]
			}
		}
		Shape
		{
			appearance Appearance
			{
				material Material
				{
					diffuseColor 0.694 0.741 0.788
				}
			}
			geometry IndexedFaceSet
			{
				creaseAngle 0.5
				solid TRUE
				coord Coordinate
				{
					point
					[
						-0.385 -2.775 -6.600,
						-0.385 -2.225 -6.600,
						-0.392 -2.775 -6.651,
						-0.392 -2.225 -6.651,
						-0.411 -2.225 -6.699,
						-0.411 -2.775 -6.699,
						-0.442 -2.225 -6.740,
						-0.442 -2.775 -6.740,
						-0.473 -2.775 -6.766,
						-0.473 -2.225 -6.766,
						-0.508 -2.225 -6.784,
						-0.508 -2.775 -6.784,
						-0.546 -2.775 -6.796,
						-0.546 -2.225 -6.796,
						-0.585 -2.225 -6.800,
						-0.585 -2.775 -6.800
					]
				}
				coordIndex
				[
					0, 1, 2, -1,
					2, 1, 3, -1,
					2, 3, 4, -1,
					2, 4, 5, -1,
					5, 4, 6, -1,
					5, 6, 7, -1,
					7, 6, 8, -1,
					6, 9, 8, -1,
					8, 9, 10, -1,
					8, 10, 11, -1,
					11, 10, 12, -1,
					10, 13, 12, -1,
					12, 13, 14, -1,
					12, 14, 15, -1
				]
				normal Normal
				{
					vector
					[
						-1.000 -0.000 -0.000,
						-0.967 -0.000 0.256,
						-0.869 -0.000 0.496,
						-0.712 -0.000 0.702,
						-0.560 -0.000 0.828,
						-0.386 -0.000 0.922,
						-0.197 -0.000 0.980,
						-0.000 -0.000 1.000
					]
				}
				normalIndex
				[
					0, 0, 1, -1,
					1, 0, 1, -1,
					1, 1, 2, -1,
					1, 2, 2, -1,
					2, 2, 3, -1,
					2, 3, 3, -1,
					3, 3, 4, -1,
					3, 4, 4, -1,
					4, 4, 5, -1,
					4, 5, 5, -1,
					5, 5, 6, -1,
					5, 6, 6, -1,
					6, 6, 7, -1,
					6, 7, 7, -1
				]
			}
		}
		Shape
		{
			appearance Appearance
			{
				material Material
				{
					diffuseColor 0.694 0.741 0.788
				}
			}
			geometry IndexedFaceSet
			{
				creaseAngle 0.5
				solid TRUE
				coord Coordinate
				{
					point
					[
						-0.411 -2.775 -6.699,
						-0.442 -2.775 -6.740,
						-0.385 -2.775 -6.600,
						-0.442 -2.775 -2.700,
						-0.385 -2.775 -2.700,
						-0.392 -2.775 -6.651
					]
				}
				coordIndex
				[
					0, 1, 2, -1,
					2, 1, 3, -1,
					2, 3, 4, -1,
					2, 5, 0, -1
				]
				normal Normal
				{
					vector
					[
						-0.000 1.000 0.000
					]
				}
				normalIndex
				[
					0, 0, 0, -1,
					0, 0, 0, -1,
					0, 0, 0, -1,
					0, 0, 0, -1
				]
			}
		}
		Shape
		{
			appearance Appearance
			{
				material Material
				{
					diffuseColor 0.694 0.741 0.788
				}
			}
			geometry IndexedFaceSet
			{
				creaseAngle 0.5
				solid TRUE
				coord Coordinate
				{
					point
					[
						-0.385 -2.775 -2.700,
						-0.442 -2.775 -2.700,
						-0.385 -3.225 -2.700,
						-0.442 -3.225 -2.700
					]
				}
				coordIndex
				[
					0, 1, 2, -1,
					2, 1, 3, -1
				]
				normal Normal
				{
					vector
					[
						0.000 0.000 1.000
					]
				}
				normalIndex
				[
					0, 0, 0, -1,
					0, 0, 0, -1
				]
			}
		}
		Shape
		{
			appearance Appearance
			{
				material Material
				{
					diffuseColor 0.694 0.741 0.788
				}
			}
			geometry IndexedFaceSet
			{
				creaseAngle 0.5
				solid TRUE
				coord Coordinate
				{
					point
					[
						0.385 -3.725 -2.700,
						0.442 -3.725 -2.700,
						0.385 -3.275 -2.700,
						0.442 -3.275 -2.700
					]
				}
				coordIndex
				[
					0, 1, 2, -1,
					2, 1, 3, -1
				]
				normal Normal
				{
					vector
					[
						0.000 0.000 1.000
					]
				}
				normalIndex
				[
					0, 0, 0, -1,
					0, 0, 0, -1
				]
			}
		}
		Shape
		{
			appearance Appearance
			{
				material Material
				{
					diffuseColor 0.694 0.741 0.788
				}
			}
			geometry IndexedFaceSet
			{
				creaseAngle 0.5
				solid TRUE
				coord Coordinate
				{
					point
					[
						-0.385 -3.225 -2.700,
						-0.442 -3.225 -2.700,
						-0.385 -3.225 -6.600,
						-0.442 -3.225 -6.740,
						-0.392 -3.225 -6.651,
						-0.411 -3.225 -6.699
					]
				}
				coordIndex
				[
					0, 1, 2, -1,
					2, 1, 3, -1,
					2, 3, 4, -1,
					4, 3, 5, -1
				]
				normal Normal
				{
					vector
					[
						0.000 -1.000 0.000
					]
				}
				normalIndex
				[
					0, 0, 0, -1,
					0, 0, 0, -1,
					0, 0, 0, -1,
					0, 0, 0, -1
				]
			}
		}
		Shape
		{
			appearance Appearance
			{
				material Material
				{
					diffuseColor 0.694 0.741 0.788
				}
			}
			geometry IndexedFaceSet
			{
				creaseAngle 0.5
				solid TRUE
				coord Coordinate
				{
					point
					[
						-0.385 -3.775 -6.600,
						-0.385 -3.225 -6.600,
						-0.392 -3.775 -6.651,
						-0.392 -3.225 -6.651,
						-0.411 -3.225 -6.699,
						-0.411 -3.775 -6.699,
						-0.442 -3.225 -6.740,
						-0.442 -3.775 -6.740,
						-0.473 -3.775 -6.766,
						-0.473 -3.225 -6.766,
						-0.508 -3.225 -6.784,
						-0.508 -3.775 -6.784,
						-0.546 -3.775 -6.796,
						-0.546 -3.225 -6.796,
						-0.585 -3.225 -6.800,
						-0.585 -3.775 -6.800
					]
				}
				coordIndex
				[
					0, 1, 2, -1,
					2, 1, 3, -1,
					2, 3, 4, -1,
					2, 4, 5, -1,
					5, 4, 6, -1,
					5, 6, 7, -1,
					7, 6, 8, -1,
					6, 9, 8, -1,
					8, 9, 10, -1,
					8, 10, 11, -1,
					11, 10, 12, -1,
					10, 13, 12, -1,
					12, 13, 14, -1,
					12, 14, 15, -1
				]
				normal Normal
				{
					vector
					[
						-1.000 -0.000 -0.000,
						-0.967 -0.000 0.256,
						-0.869 -0.000 0.496,
						-0.712 -0.000 0.702,
						-0.560 -0.000 0.828,
						-0.386 -0.000 0.922,
						-0.197 -0.000 0.980,
						-0.000 -0.000 1.000
					]
				}
				normalIndex
				[
					0, 0, 1, -1,
					1, 0, 1, -1,
					1, 1, 2, -1,
					1, 2, 2, -1,
					2, 2, 3, -1,
					2, 3, 3, -1,
					3, 3, 4, -1,
					3, 4, 4, -1,
					4, 4, 5, -1,
					4, 5, 5, -1,
					5, 5, 6, -1,
					5, 6, 6, -1,
					6, 6, 7, -1,
					6, 7, 7, -1
				]
			}
		}
		Shape
		{
			appearance Appearance
			{
				material Material
				{
					diffuseColor 0.694 0.741 0.788
				}
			}
			geometry IndexedFaceSet
			{
				creaseAngle 0.5
				solid TRUE
				coord Coordinate
				{
					point
					[
						-0.411 -3.775 -6.699,
						-0.442 -3.775 -6.740,
						-0.385 -3.775 -6.600,
						-0.442 -3.775 -2.700,
						-0.385 -3.775 -2.700,
						-0.392 -3.775 -6.651
					]
				}
				coordIndex
				[
					0, 1, 2, -1,
					2, 1, 3, -1,
					2, 3, 4, -1,
					2, 5, 0, -1
				]
				normal Normal
				{
					vector
					[
						-0.000 1.000 0.000
					]
				}
				normalIndex
				[
					0, 0, 0, -1,
					0, 0, 0, -1,
					0, 0, 0, -1,
					0, 0, 0, -1
				]
			}
		}
		Shape
		{
			appearance Appearance
			{
				material Material
				{
					diffuseColor 0.694 0.741 0.788
				}
			}
			geometry IndexedFaceSet
			{
				creaseAngle 0.5
				solid TRUE
				coord Coordinate
				{
					point
					[
						-0.385 -3.775 -2.700,
						-0.442 -3.775 -2.700,
						-0.385 -4.225 -2.700,
						-0.442 -4.225 -2.700
					]
				}
				coordIndex
				[
					0, 1, 2, -1,
					2, 1, 3, -1
				]
				normal Normal
				{
					vector
					[
						0.000 0.000 1.000
					]
				}
				normalIndex
				[
					0, 0, 0, -1,
					0, 0, 0, -1
				]
			}
		}
		Shape
		{
			appearance Appearance
			{
				material Material
				{
					diffuseColor 0.694 0.741 0.788
				}
			}
			geometry IndexedFaceSet
			{
				creaseAngle 0.5
				solid TRUE
				coord Coordinate
				{
					point
					[
						0.385 -4.725 -2.700,
						0.442 -4.725 -2.700,
						0.385 -4.275 -2.700,
						0.442 -4.275 -2.700
					]
				}
				coordIndex
				[
					0, 1, 2, -1,
					2, 1, 3, -1
				]
				normal Normal
				{
					vector
					[
						0.000 0.000 1.000
					]
				}
				normalIndex
				[
					0, 0, 0, -1,
					0, 0, 0, -1
				]
			}
		}
		Shape
		{
			appearance Appearance
			{
				material Material
				{
					diffuseColor 0.694 0.741 0.788
				}
			}
			geometry IndexedFaceSet
			{
				creaseAngle 0.5
				solid TRUE
				coord Coordinate
				{
					point
					[
						0.385 -4.275 -2.700,
						0.442 -4.275 -2.700,
						0.385 -4.275 -6.600,
						0.442 -4.275 -6.740,
						0.411 -4.275 -6.699,
						0.392 -4.275 -6.651
					]
				}
				coordIndex
				[
					0, 1, 2, -1,
					2, 1, 3, -1,
					2, 3, 4, -1,
					4, 5, 2, -1
				]
				normal Normal
				{
					vector
					[
						-0.000 1.000 0.000
					]
				}
				normalIndex
				[
					0, 0, 0, -1,
					0, 0, 0, -1,
					0, 0, 0, -1,
					0, 0, 0, -1
				]
			}
		}
		Shape
		{
			appearance Appearance
			{
				material Material
				{
					diffuseColor 0.694 0.741 0.788
				}
			}
			geometry IndexedFaceSet
			{
				creaseAngle 0.5
				solid TRUE
				coord Coordinate
				{
					point
					[
						0.385 -3.725 -6.600,
						0.385 -4.275 -6.600,
						0.392 -3.725 -6.651,
						0.392 -4.275 -6.651,
						0.411 -4.275 -6.699,
						0.411 -3.725 -6.699,
						0.442 -4.275 -6.740,
						0.442 -3.725 -6.740,
						0.473 -3.725 -6.766,
						0.473 -4.275 -6.766,
						0.508 -4.275 -6.784,
						0.508 -3.725 -6.784,
						0.546 -3.725 -6.796,
						0.546 -4.275 -6.796,
						0.585 -4.275 -6.800,
						0.585 -3.725 -6.800
					]
				}
				coordIndex
				[
					0, 1, 2, -1,
					2, 1, 3, -1,
					2, 3, 4, -1,
					2, 4, 5, -1,
					5, 4, 6, -1,
					5, 6, 7, -1,
					7, 6, 8, -1,
					6, 9, 8, -1,
					8, 9, 10, -1,
					8, 10, 11, -1,
					11, 10, 12, -1,
					10, 13, 12, -1,
					12, 13, 14, -1,
					12, 14, 15, -1
				]
				normal Normal
				{
					vector
					[
						1.000 -0.000 -0.000,
						0.967 -0.000 0.256,
						0.869 -0.000 0.496,
						0.712 -0.000 0.702,
						0.560 -0.000 0.828,
						0.386 -0.000 0.922,
						0.197 -0.000 0.980,
						-0.000 -0.000 1.000
					]
				}
				normalIndex
				[
					0, 0, 1, -1,
					1, 0, 1, -1,
					1, 1, 2, -1,
					1, 2, 2, -1,
					2, 2, 3, -1,
					2, 3, 3, -1,
					3, 3, 4, -1,
					3, 4, 4, -1,
					4, 4, 5, -1,
					4, 5, 5, -1,
					5, 5, 6, -1,
					5, 6, 6, -1,
					6, 6, 7, -1,
					6, 7, 7, -1
				]
			}
		}
		Shape
		{
			appearance Appearance
			{
				material Material
				{
					diffuseColor 0.694 0.741 0.788
				}
			}
			geometry IndexedFaceSet
			{
				creaseAngle 0.5
				solid TRUE
				coord Coordinate
				{
					point
					[
						0.411 -3.725 -6.699,
						0.442 -3.725 -6.740,
						0.385 -3.725 -6.600,
						0.442 -3.725 -2.700,
						0.385 -3.725 -2.700,
						0.392 -3.725 -6.651
					]
				}
				coordIndex
				[
					0, 1, 2, -1,
					2, 1, 3, -1,
					2, 3, 4, -1,
					2, 5, 0, -1
				]
				normal Normal
				{
					vector
					[
						0.000 -1.000 0.000
					]
				}
				normalIndex
				[
					0, 0, 0, -1,
					0, 0, 0, -1,
					0, 0, 0, -1,
					0, 0, 0, -1
				]
			}
		}
		Shape
		{
			appearance Appearance
			{
				material Material
				{
					diffuseColor 0.694 0.741 0.788
				}
			}
			geometry IndexedFaceSet
			{
				creaseAngle 0.5
				solid TRUE
				coord Coordinate
				{
					point
					[
						0.442 -3.725 -6.800,
						0.442 -3.275 -6.800,
						0.442 -3.725 -6.740,
						0.442 -3.275 -6.740,
						0.442 -3.725 -2.700,
						0.442 -3.275 -2.700
					]
				}
				coordIndex
				[
					0, 1, 2, -1,
					2, 1, 3, -1,
					2, 3, 4, -1,
					4, 3, 5, -1
				]
				normal Normal
				{
					vector
					[
						1.000 0.000 0.000
					]
				}
				normalIndex
				[
					0, 0, 0, -1,
					0, 0, 0, -1,
					0, 0, 0, -1,
					0, 0, 0, -1
				]
			}
		}
		Shape
		{
			appearance Appearance
			{
				material Material
				{
					diffuseColor 0.694 0.741 0.788
				}
			}
			geometry IndexedFaceSet
			{
				creaseAngle 0.5
				solid TRUE
				coord Coordinate
				{
					point
					[
						0.442 -3.725 -6.740,
						0.473 -3.725 -6.766,
						0.442 -3.725 -6.800,
						0.508 -3.725 -6.784,
						0.546 -3.725 -6.796,
						0.585 -3.725 -6.800
					]
				}
				coordIndex
				[
					0, 1, 2, -1,
					2, 1, 3, -1,
					2, 3, 4, -1,
					4, 5, 2, -1
				]
				normal Normal
				{
					vector
					[
						-0.000 1.000 -0.000
					]
				}
				normalIndex
				[
					0, 0, 0, -1,
					0, 0, 0, -1,
					0, 0, 0, -1,
					0, 0, 0, -1
				]
			}
		}
		Shape
		{
			appearance Appearance
			{
				material Material
				{
					diffuseColor 0.694 0.741 0.788
				}
			}
			geometry IndexedFaceSet
			{
				creaseAngle 0.5
				solid TRUE
				coord Coordinate
				{
					point
					[
						0.385 -3.275 -2.700,
						0.442 -3.275 -2.700,
						0.385 -3.275 -6.600,
						0.442 -3.275 -6.740,
						0.411 -3.275 -6.699,
						0.392 -3.275 -6.651
					]
				}
				coordIndex
				[
					0, 1, 2, -1,
					2, 1, 3, -1,
					2, 3, 4, -1,
					4, 5, 2, -1
				]
				normal Normal
				{
					vector
					[
						-0.000 1.000 0.000
					]
				}
				normalIndex
				[
					0, 0, 0, -1,
					0, 0, 0, -1,
					0, 0, 0, -1,
					0, 0, 0, -1
				]
			}
		}
		Shape
		{
			appearance Appearance
			{
				material Material
				{
					diffuseColor 0.694 0.741 0.788
				}
			}
			geometry IndexedFaceSet
			{
				creaseAngle 0.5
				solid TRUE
				coord Coordinate
				{
					point
					[
						0.385 -2.725 -6.600,
						0.385 -3.275 -6.600,
						0.392 -2.725 -6.651,
						0.392 -3.275 -6.651,
						0.411 -3.275 -6.699,
						0.411 -2.725 -6.699,
						0.442 -3.275 -6.740,
						0.442 -2.725 -6.740,
						0.473 -2.725 -6.766,
						0.473 -3.275 -6.766,
						0.508 -3.275 -6.784,
						0.508 -2.725 -6.784,
						0.546 -2.725 -6.796,
						0.546 -3.275 -6.796,
						0.585 -3.275 -6.800,
						0.585 -2.725 -6.800
					]
				}
				coordIndex
				[
					0, 1, 2, -1,
					2, 1, 3, -1,
					2, 3, 4, -1,
					2, 4, 5, -1,
					5, 4, 6, -1,
					5, 6, 7, -1,
					7, 6, 8, -1,
					6, 9, 8, -1,
					8, 9, 10, -1,
					8, 10, 11, -1,
					11, 10, 12, -1,
					10, 13, 12, -1,
					12, 13, 14, -1,
					12, 14, 15, -1
				]
				normal Normal
				{
					vector
					[
						1.000 -0.000 -0.000,
						0.967 -0.000 0.256,
						0.869 -0.000 0.496,
						0.712 -0.000 0.702,
						0.560 -0.000 0.828,
						0.386 -0.000 0.922,
						0.197 -0.000 0.980,
						-0.000 -0.000 1.000
					]
				}
				normalIndex
				[
					0, 0, 1, -1,
					1, 0, 1, -1,
					1, 1, 2, -1,
					1, 2, 2, -1,
					2, 2, 3, -1,
					2, 3, 3, -1,
					3, 3, 4, -1,
					3, 4, 4, -1,
					4, 4, 5, -1,
					4, 5, 5, -1,
					5, 5, 6, -1,
					5, 6, 6, -1,
					6, 6, 7, -1,
					6, 7, 7, -1
				]
			}
		}
		Shape
		{
			appearance Appearance
			{
				material Material
				{
					diffuseColor 0.694 0.741 0.788
				}
			}
			geometry IndexedFaceSet
			{
				creaseAngle 0.5
				solid TRUE
				coord Coordinate
				{
					point
					[
						0.411 -2.725 -6.699,
						0.442 -2.725 -6.740,
						0.385 -2.725 -6.600,
						0.442 -2.725 -2.700,
						0.385 -2.725 -2.700,
						0.392 -2.725 -6.651
					]
				}
				coordIndex
				[
					0, 1, 2, -1,
					2, 1, 3, -1,
					2, 3, 4, -1,
					2, 5, 0, -1
				]
				normal Normal
				{
					vector
					[
						0.000 -1.000 0.000
					]
				}
				normalIndex
				[
					0, 0, 0, -1,
					0, 0, 0, -1,
					0, 0, 0, -1,
					0, 0, 0, -1
				]
			}
		}
		Shape
		{
			appearance Appearance
			{
				material Material
				{
					diffuseColor 0.694 0.741 0.788
				}
			}
			geometry IndexedFaceSet
			{
				creaseAngle 0.5
				solid TRUE
				coord Coordinate
				{
					point
					[
						0.442 -2.725 -6.800,
						0.442 -2.275 -6.800,
						0.442 -2.725 -6.740,
						0.442 -2.275 -6.740,
						0.442 -2.725 -2.700,
						0.442 -2.275 -2.700
					]
				}
				coordIndex
				[
					0, 1, 2, -1,
					2, 1, 3, -1,
					2, 3, 4, -1,
					4, 3, 5, -1
				]
				normal Normal
				{
					vector
					[
						1.000 0.000 0.000
					]
				}
				normalIndex
				[
					0, 0, 0, -1,
					0, 0, 0, -1,
					0, 0, 0, -1,
					0, 0, 0, -1
				]
			}
		}
		Shape
		{
			appearance Appearance
			{
				material Material
				{
					diffuseColor 0.694 0.741 0.788
				}
			}
			geometry IndexedFaceSet
			{
				creaseAngle 0.5
				solid TRUE
				coord Coordinate
				{
					point
					[
						0.442 -2.725 -6.740,
						0.473 -2.725 -6.766,
						0.442 -2.725 -6.800,
						0.508 -2.725 -6.784,
						0.546 -2.725 -6.796,
						0.585 -2.725 -6.800
					]
				}
				coordIndex
				[
					0, 1, 2, -1,
					2, 1, 3, -1,
					2, 3, 4, -1,
					4, 5, 2, -1
				]
				normal Normal
				{
					vector
					[
						-0.000 1.000 -0.000
					]
				}
				normalIndex
				[
					0, 0, 0, -1,
					0, 0, 0, -1,
					0, 0, 0, -1,
					0, 0, 0, -1
				]
			}
		}
		Shape
		{
			appearance Appearance
			{
				material Material
				{
					diffuseColor 0.694 0.741 0.788
				}
			}
			geometry IndexedFaceSet
			{
				creaseAngle 0.5
				solid TRUE
				coord Coordinate
				{
					point
					[
						0.385 -2.275 -2.700,
						0.442 -2.275 -2.700,
						0.385 -2.275 -6.600,
						0.442 -2.275 -6.740,
						0.411 -2.275 -6.699,
						0.392 -2.275 -6.651
					]
				}
				coordIndex
				[
					0, 1, 2, -1,
					2, 1, 3, -1,
					2, 3, 4, -1,
					4, 5, 2, -1
				]
				normal Normal
				{
					vector
					[
						-0.000 1.000 0.000
					]
				}
				normalIndex
				[
					0, 0, 0, -1,
					0, 0, 0, -1,
					0, 0, 0, -1,
					0, 0, 0, -1
				]
			}
		}
		Shape
		{
			appearance Appearance
			{
				material Material
				{
					diffuseColor 0.694 0.741 0.788
				}
			}
			geometry IndexedFaceSet
			{
				creaseAngle 0.5
				solid TRUE
				coord Coordinate
				{
					point
					[
						0.385 -1.725 -6.600,
						0.385 -2.275 -6.600,
						0.392 -1.725 -6.651,
						0.392 -2.275 -6.651,
						0.411 -2.275 -6.699,
						0.411 -1.725 -6.699,
						0.442 -2.275 -6.740,
						0.442 -1.725 -6.740,
						0.473 -1.725 -6.766,
						0.473 -2.275 -6.766,
						0.508 -2.275 -6.784,
						0.508 -1.725 -6.784,
						0.546 -1.725 -6.796,
						0.546 -2.275 -6.796,
						0.585 -2.275 -6.800,
						0.585 -1.725 -6.800
					]
				}
				coordIndex
				[
					0, 1, 2, -1,
					2, 1, 3, -1,
					2, 3, 4, -1,
					2, 4, 5, -1,
					5, 4, 6, -1,
					5, 6, 7, -1,
					7, 6, 8, -1,
					6, 9, 8, -1,
					8, 9, 10, -1,
					8, 10, 11, -1,
					11, 10, 12, -1,
					10, 13, 12, -1,
					12, 13, 14, -1,
					12, 14, 15, -1
				]
				normal Normal
				{
					vector
					[
						1.000 -0.000 -0.000,
						0.967 -0.000 0.256,
						0.869 -0.000 0.496,
						0.712 -0.000 0.702,
						0.560 -0.000 0.828,
						0.386 -0.000 0.922,
						0.197 -0.000 0.980,
						-0.000 -0.000 1.000
					]
				}
				normalIndex
				[
					0, 0, 1, -1,
					1, 0, 1, -1,
					1, 1, 2, -1,
					1, 2, 2, -1,
					2, 2, 3, -1,
					2, 3, 3, -1,
					3, 3, 4, -1,
					3, 4, 4, -1,
					4, 4, 5, -1,
					4, 5, 5, -1,
					5, 5, 6, -1,
					5, 6, 6, -1,
					6, 6, 7, -1,
					6, 7, 7, -1
				]
			}
		}
		Shape
		{
			appearance Appearance
			{
				material Material
				{
					diffuseColor 0.694 0.741 0.788
				}
			}
			geometry IndexedFaceSet
			{
				creaseAngle 0.5
				solid TRUE
				coord Coordinate
				{
					point
					[
						0.411 -1.725 -6.699,
						0.442 -1.725 -6.740,
						0.385 -1.725 -6.600,
						0.442 -1.725 -2.700,
						0.385 -1.725 -2.700,
						0.392 -1.725 -6.651
					]
				}
				coordIndex
				[
					0, 1, 2, -1,
					2, 1, 3, -1,
					2, 3, 4, -1,
					2, 5, 0, -1
				]
				normal Normal
				{
					vector
					[
						0.000 -1.000 0.000
					]
				}
				normalIndex
				[
					0, 0, 0, -1,
					0, 0, 0, -1,
					0, 0, 0, -1,
					0, 0, 0, -1
				]
			}
		}
		Shape
		{
			appearance Appearance
			{
				material Material
				{
					diffuseColor 0.694 0.741 0.788
				}
			}
			geometry IndexedFaceSet
			{
				creaseAngle 0.5
				solid TRUE
				coord Coordinate
				{
					point
					[
						0.442 -1.725 -6.800,
						0.442 -1.275 -6.800,
						0.442 -1.725 -6.740,
						0.442 -1.275 -6.740,
						0.442 -1.725 -2.700,
						0.442 -1.275 -2.700
					]
				}
				coordIndex
				[
					0, 1, 2, -1,
					2, 1, 3, -1,
					2, 3, 4, -1,
					4, 3, 5, -1
				]
				normal Normal
				{
					vector
					[
						1.000 0.000 0.000
					]
				}
				normalIndex
				[
					0, 0, 0, -1,
					0, 0, 0, -1,
					0, 0, 0, -1,
					0, 0, 0, -1
				]
			}
		}
		Shape
		{
			appearance Appearance
			{
				material Material
				{
					diffuseColor 0.694 0.741 0.788
				}
			}
			geometry IndexedFaceSet
			{
				creaseAngle 0.5
				solid TRUE
				coord Coordinate
				{
					point
					[
						0.442 -1.725 -6.740,
						0.473 -1.725 -6.766,
						0.442 -1.725 -6.800,
						0.508 -1.725 -6.784,
						0.546 -1.725 -6.796,
						0.585 -1.725 -6.800
					]
				}
				coordIndex
				[
					0, 1, 2, -1,
					2, 1, 3, -1,
					2, 3, 4, -1,
					4, 5, 2, -1
				]
				normal Normal
				{
					vector
					[
						-0.000 1.000 -0.000
					]
				}
				normalIndex
				[
					0, 0, 0, -1,
					0, 0, 0, -1,
					0, 0, 0, -1,
					0, 0, 0, -1
				]
			}
		}
		Shape
		{
			appearance Appearance
			{
				material Material
				{
					diffuseColor 0.694 0.741 0.788
				}
			}
			geometry IndexedFaceSet
			{
				creaseAngle 0.5
				solid TRUE
				coord Coordinate
				{
					point
					[
						0.385 -1.275 -2.700,
						0.442 -1.275 -2.700,
						0.385 -1.275 -6.600,
						0.442 -1.275 -6.740,
						0.411 -1.275 -6.699,
						0.392 -1.275 -6.651
					]
				}
				coordIndex
				[
					0, 1, 2, -1,
					2, 1, 3, -1,
					2, 3, 4, -1,
					4, 5, 2, -1
				]
				normal Normal
				{
					vector
					[
						-0.000 1.000 0.000
					]
				}
				normalIndex
				[
					0, 0, 0, -1,
					0, 0, 0, -1,
					0, 0, 0, -1,
					0, 0, 0, -1
				]
			}
		}
		Shape
		{
			appearance Appearance
			{
				material Material
				{
					diffuseColor 0.694 0.741 0.788
				}
			}
			geometry IndexedFaceSet
			{
				creaseAngle 0.5
				solid TRUE
				coord Coordinate
				{
					point
					[
						0.385 -0.725 -6.600,
						0.385 -1.275 -6.600,
						0.392 -0.725 -6.651,
						0.392 -1.275 -6.651,
						0.411 -1.275 -6.699,
						0.411 -0.725 -6.699,
						0.442 -1.275 -6.740,
						0.442 -0.725 -6.740,
						0.473 -0.725 -6.766,
						0.473 -1.275 -6.766,
						0.508 -1.275 -6.784,
						0.508 -0.725 -6.784,
						0.546 -0.725 -6.796,
						0.546 -1.275 -6.796,
						0.585 -1.275 -6.800,
						0.585 -0.725 -6.800
					]
				}
				coordIndex
				[
					0, 1, 2, -1,
					2, 1, 3, -1,
					2, 3, 4, -1,
					2, 4, 5, -1,
					5, 4, 6, -1,
					5, 6, 7, -1,
					7, 6, 8, -1,
					6, 9, 8, -1,
					8, 9, 10, -1,
					8, 10, 11, -1,
					11, 10, 12, -1,
					10, 13, 12, -1,
					12, 13, 14, -1,
					12, 14, 15, -1
				]
				normal Normal
				{
					vector
					[
						1.000 -0.000 -0.000,
						0.967 -0.000 0.256,
						0.869 -0.000 0.496,
						0.712 -0.000 0.702,
						0.560 -0.000 0.828,
						0.386 -0.000 0.922,
						0.197 -0.000 0.980,
						-0.000 -0.000 1.000
					]
				}
				normalIndex
				[
					0, 0, 1, -1,
					1, 0, 1, -1,
					1, 1, 2, -1,
					1, 2, 2, -1,
					2, 2, 3, -1,
					2, 3, 3, -1,
					3, 3, 4, -1,
					3, 4, 4, -1,
					4, 4, 5, -1,
					4, 5, 5, -1,
					5, 5, 6, -1,
					5, 6, 6, -1,
					6, 6, 7, -1,
					6, 7, 7, -1
				]
			}
		}
		Shape
		{
			appearance Appearance
			{
				material Material
				{
					diffuseColor 0.694 0.741 0.788
				}
			}
			geometry IndexedFaceSet
			{
				creaseAngle 0.5
				solid TRUE
				coord Coordinate
				{
					point
					[
						0.411 -0.725 -6.699,
						0.442 -0.725 -6.740,
						0.385 -0.725 -6.600,
						0.442 -0.725 -2.700,
						0.385 -0.725 -2.700,
						0.392 -0.725 -6.651
					]
				}
				coordIndex
				[
					0, 1, 2, -1,
					2, 1, 3, -1,
					2, 3, 4, -1,
					2, 5, 0, -1
				]
				normal Normal
				{
					vector
					[
						0.000 -1.000 0.000
					]
				}
				normalIndex
				[
					0, 0, 0, -1,
					0, 0, 0, -1,
					0, 0, 0, -1,
					0, 0, 0, -1
				]
			}
		}
		Shape
		{
			appearance Appearance
			{
				material Material
				{
					diffuseColor 0.694 0.741 0.788
				}
			}
			geometry IndexedFaceSet
			{
				creaseAngle 0.5
				solid TRUE
				coord Coordinate
				{
					point
					[
						0.442 -0.725 -6.800,
						0.442 -0.275 -6.800,
						0.442 -0.725 -6.740,
						0.442 -0.275 -6.740,
						0.442 -0.725 -2.700,
						0.442 -0.275 -2.700
					]
				}
				coordIndex
				[
					0, 1, 2, -1,
					2, 1, 3, -1,
					2, 3, 4, -1,
					4, 3, 5, -1
				]
				normal Normal
				{
					vector
					[
						1.000 0.000 0.000
					]
				}
				normalIndex
				[
					0, 0, 0, -1,
					0, 0, 0, -1,
					0, 0, 0, -1,
					0, 0, 0, -1
				]
			}
		}
		Shape
		{
			appearance Appearance
			{
				material Material
				{
					diffuseColor 0.694 0.741 0.788
				}
			}
			geometry IndexedFaceSet
			{
				creaseAngle 0.5
				solid TRUE
				coord Coordinate
				{
					point
					[
						0.442 -0.725 -6.740,
						0.473 -0.725 -6.766,
						0.442 -0.725 -6.800,
						0.508 -0.725 -6.784,
						0.546 -0.725 -6.796,
						0.585 -0.725 -6.800
					]
				}
				coordIndex
				[
					0, 1, 2, -1,
					2, 1, 3, -1,
					2, 3, 4, -1,
					4, 5, 2, -1
				]
				normal Normal
				{
					vector
					[
						-0.000 1.000 -0.000
					]
				}
				normalIndex
				[
					0, 0, 0, -1,
					0, 0, 0, -1,
					0, 0, 0, -1,
					0, 0, 0, -1
				]
			}
		}
		Shape
		{
			appearance Appearance
			{
				material Material
				{
					diffuseColor 0.694 0.741 0.788
				}
			}
			geometry IndexedFaceSet
			{
				creaseAngle 0.5
				solid TRUE
				coord Coordinate
				{
					point
					[
						0.385 -0.275 -2.700,
						0.442 -0.275 -2.700,
						0.385 -0.275 -6.600,
						0.442 -0.275 -6.740,
						0.411 -0.275 -6.699,
						0.392 -0.275 -6.651
					]
				}
				coordIndex
				[
					0, 1, 2, -1,
					2, 1, 3, -1,
					2, 3, 4, -1,
					4, 5, 2, -1
				]
				normal Normal
				{
					vector
					[
						-0.000 1.000 0.000
					]
				}
				normalIndex
				[
					0, 0, 0, -1,
					0, 0, 0, -1,
					0, 0, 0, -1,
					0, 0, 0, -1
				]
			}
		}
		Shape
		{
			appearance Appearance
			{
				material Material
				{
					diffuseColor 0.694 0.741 0.788
				}
			}
			geometry IndexedFaceSet
			{
				creaseAngle 0.5
				solid TRUE
				coord Coordinate
				{
					point
					[
						0.385 0.275 -6.600,
						0.385 -0.275 -6.600,
						0.392 0.275 -6.651,
						0.392 -0.275 -6.651,
						0.411 -0.275 -6.699,
						0.411 0.275 -6.699,
						0.442 -0.275 -6.740,
						0.442 0.275 -6.740,
						0.473 0.275 -6.766,
						0.473 -0.275 -6.766,
						0.508 -0.275 -6.784,
						0.508 0.275 -6.784,
						0.546 0.275 -6.796,
						0.546 -0.275 -6.796,
						0.585 -0.275 -6.800,
						0.585 0.275 -6.800
					]
				}
				coordIndex
				[
					0, 1, 2, -1,
					2, 1, 3, -1,
					2, 3, 4, -1,
					2, 4, 5, -1,
					5, 4, 6, -1,
					5, 6, 7, -1,
					7, 6, 8, -1,
					6, 9, 8, -1,
					8, 9, 10, -1,
					8, 10, 11, -1,
					11, 10, 12, -1,
					10, 13, 12, -1,
					12, 13, 14, -1,
					12, 14, 15, -1
				]
				normal Normal
				{
					vector
					[
						1.000 -0.000 -0.000,
						0.967 -0.000 0.256,
						0.869 -0.000 0.496,
						0.712 -0.000 0.702,
						0.560 -0.000 0.828,
						0.386 -0.000 0.922,
						0.197 -0.000 0.980,
						-0.000 -0.000 1.000
					]
				}
				normalIndex
				[
					0, 0, 1, -1,
					1, 0, 1, -1,
					1, 1, 2, -1,
					1, 2, 2, -1,
					2, 2, 3, -1,
					2, 3, 3, -1,
					3, 3, 4, -1,
					3, 4, 4, -1,
					4, 4, 5, -1,
					4, 5, 5, -1,
					5, 5, 6, -1,
					5, 6, 6, -1,
					6, 6, 7, -1,
					6, 7, 7, -1
				]
			}
		}
		Shape
		{
			appearance Appearance
			{
				material Material
				{
					diffuseColor 0.694 0.741 0.788
				}
			}
			geometry IndexedFaceSet
			{
				creaseAngle 0.5
				solid TRUE
				coord Coordinate
				{
					point
					[
						0.411 0.275 -6.699,
						0.442 0.275 -6.740,
						0.385 0.275 -6.600,
						0.442 0.275 -2.700,
						0.385 0.275 -2.700,
						0.392 0.275 -6.651
					]
				}
				coordIndex
				[
					0, 1, 2, -1,
					2, 1, 3, -1,
					2, 3, 4, -1,
					2, 5, 0, -1
				]
				normal Normal
				{
					vector
					[
						0.000 -1.000 0.000
					]
				}
				normalIndex
				[
					0, 0, 0, -1,
					0, 0, 0, -1,
					0, 0, 0, -1,
					0, 0, 0, -1
				]
			}
		}
		Shape
		{
			appearance Appearance
			{
				material Material
				{
					diffuseColor 0.694 0.741 0.788
				}
			}
			geometry IndexedFaceSet
			{
				creaseAngle 0.5
				solid TRUE
				coord Coordinate
				{
					point
					[
						0.442 0.275 -6.800,
						0.442 0.725 -6.800,
						0.442 0.275 -6.740,
						0.442 0.725 -6.740,
						0.442 0.275 -2.700,
						0.442 0.725 -2.700
					]
				}
				coordIndex
				[
					0, 1, 2, -1,
					2, 1, 3, -1,
					2, 3, 4, -1,
					4, 3, 5, -1
				]
				normal Normal
				{
					vector
					[
						1.000 0.000 0.000
					]
				}
				normalIndex
				[
					0, 0, 0, -1,
					0, 0, 0, -1,
					0, 0, 0, -1,
					0, 0, 0, -1
				]
			}
		}
		Shape
		{
			appearance Appearance
			{
				material Material
				{
					diffuseColor 0.694 0.741 0.788
				}
			}
			geometry IndexedFaceSet
			{
				creaseAngle 0.5
				solid TRUE
				coord Coordinate
				{
					point
					[
						0.442 0.275 -6.740,
						0.473 0.275 -6.766,
						0.442 0.275 -6.800,
						0.508 0.275 -6.784,
						0.546 0.275 -6.796,
						0.585 0.275 -6.800
					]
				}
				coordIndex
				[
					0, 1, 2, -1,
					2, 1, 3, -1,
					2, 3, 4, -1,
					4, 5, 2, -1
				]
				normal Normal
				{
					vector
					[
						-0.000 1.000 -0.000
					]
				}
				normalIndex
				[
					0, 0, 0, -1,
					0, 0, 0, -1,
					0, 0, 0, -1,
					0, 0, 0, -1
				]
			}
		}
		Shape
		{
			appearance Appearance
			{
				material Material
				{
					diffuseColor 0.694 0.741 0.788
				}
			}
			geometry IndexedFaceSet
			{
				creaseAngle 0.5
				solid TRUE
				coord Coordinate
				{
					point
					[
						0.385 0.725 -2.700,
						0.442 0.725 -2.700,
						0.385 0.725 -6.600,
						0.442 0.725 -6.740,
						0.411 0.725 -6.699,
						0.392 0.725 -6.651
					]
				}
				coordIndex
				[
					0, 1, 2, -1,
					2, 1, 3, -1,
					2, 3, 4, -1,
					4, 5, 2, -1
				]
				normal Normal
				{
					vector
					[
						-0.000 1.000 0.000
					]
				}
				normalIndex
				[
					0, 0, 0, -1,
					0, 0, 0, -1,
					0, 0, 0, -1,
					0, 0, 0, -1
				]
			}
		}
		Shape
		{
			appearance Appearance
			{
				material Material
				{
					diffuseColor 0.694 0.741 0.788
				}
			}
			geometry IndexedFaceSet
			{
				creaseAngle 0.5
				solid TRUE
				coord Coordinate
				{
					point
					[
						0.385 1.275 -6.600,
						0.385 0.725 -6.600,
						0.392 1.275 -6.651,
						0.392 0.725 -6.651,
						0.411 0.725 -6.699,
						0.411 1.275 -6.699,
						0.442 0.725 -6.740,
						0.442 1.275 -6.740,
						0.473 1.275 -6.766,
						0.473 0.725 -6.766,
						0.508 0.725 -6.784,
						0.508 1.275 -6.784,
						0.546 1.275 -6.796,
						0.546 0.725 -6.796,
						0.585 0.725 -6.800,
						0.585 1.275 -6.800
					]
				}
				coordIndex
				[
					0, 1, 2, -1,
					2, 1, 3, -1,
					2, 3, 4, -1,
					2, 4, 5, -1,
					5, 4, 6, -1,
					5, 6, 7, -1,
					7, 6, 8, -1,
					6, 9, 8, -1,
					8, 9, 10, -1,
					8, 10, 11, -1,
					11, 10, 12, -1,
					10, 13, 12, -1,
					12, 13, 14, -1,
					12, 14, 15, -1
				]
				normal Normal
				{
					vector
					[
						1.000 -0.000 -0.000,
						0.967 -0.000 0.256,
						0.869 -0.000 0.496,
						0.712 -0.000 0.702,
						0.560 -0.000 0.828,
						0.386 -0.000 0.922,
						0.197 -0.000 0.980,
						-0.000 -0.000 1.000
					]
				}
				normalIndex
				[
					0, 0, 1, -1,
					1, 0, 1, -1,
					1, 1, 2, -1,
					1, 2, 2, -1,
					2, 2, 3, -1,
					2, 3, 3, -1,
					3, 3, 4, -1,
					3, 4, 4, -1,
					4, 4, 5, -1,
					4, 5, 5, -1,
					5, 5, 6, -1,
					5, 6, 6, -1,
					6, 6, 7, -1,
					6, 7, 7, -1
				]
			}
		}
		Shape
		{
			appearance Appearance
			{
				material Material
				{
					diffuseColor 0.694 0.741 0.788
				}
			}
			geometry IndexedFaceSet
			{
				creaseAngle 0.5
				solid TRUE
				coord Coordinate
				{
					point
					[
						0.411 1.275 -6.699,
						0.442 1.275 -6.740,
						0.385 1.275 -6.600,
						0.442 1.275 -2.700,
						0.385 1.275 -2.700,
						0.392 1.275 -6.651
					]
				}
				coordIndex
				[
					0, 1, 2, -1,
					2, 1, 3, -1,
					2, 3, 4, -1,
					2, 5, 0, -1
				]
				normal Normal
				{
					vector
					[
						0.000 -1.000 0.000
					]
				}
				normalIndex
				[
					0, 0, 0, -1,
					0, 0, 0, -1,
					0, 0, 0, -1,
					0, 0, 0, -1
				]
			}
		}
		Shape
		{
			appearance Appearance
			{
				material Material
				{
					diffuseColor 0.694 0.741 0.788
				}
			}
			geometry IndexedFaceSet
			{
				creaseAngle 0.5
				solid TRUE
				coord Coordinate
				{
					point
					[
						0.442 1.275 -6.800,
						0.442 1.725 -6.800,
						0.442 1.275 -6.740,
						0.442 1.725 -6.740,
						0.442 1.275 -2.700,
						0.442 1.725 -2.700
					]
				}
				coordIndex
				[
					0, 1, 2, -1,
					2, 1, 3, -1,
					2, 3, 4, -1,
					4, 3, 5, -1
				]
				normal Normal
				{
					vector
					[
						1.000 0.000 0.000
					]
				}
				normalIndex
				[
					0, 0, 0, -1,
					0, 0, 0, -1,
					0, 0, 0, -1,
					0, 0, 0, -1
				]
			}
		}
		Shape
		{
			appearance Appearance
			{
				material Material
				{
					diffuseColor 0.694 0.741 0.788
				}
			}
			geometry IndexedFaceSet
			{
				creaseAngle 0.5
				solid TRUE
				coord Coordinate
				{
					point
					[
						0.442 1.275 -6.740,
						0.473 1.275 -6.766,
						0.442 1.275 -6.800,
						0.508 1.275 -6.784,
						0.546 1.275 -6.796,
						0.585 1.275 -6.800
					]
				}
				coordIndex
				[
					0, 1, 2, -1,
					2, 1, 3, -1,
					2, 3, 4, -1,
					4, 5, 2, -1
				]
				normal Normal
				{
					vector
					[
						-0.000 1.000 -0.000
					]
				}
				normalIndex
				[
					0, 0, 0, -1,
					0, 0, 0, -1,
					0, 0, 0, -1,
					0, 0, 0, -1
				]
			}
		}
		Shape
		{
			appearance Appearance
			{
				material Material
				{
					diffuseColor 0.694 0.741 0.788
				}
			}
			geometry IndexedFaceSet
			{
				creaseAngle 0.5
				solid TRUE
				coord Coordinate
				{
					point
					[
						0.385 1.725 -2.700,
						0.442 1.725 -2.700,
						0.385 1.725 -6.600,
						0.442 1.725 -6.740,
						0.411 1.725 -6.699,
						0.392 1.725 -6.651
					]
				}
				coordIndex
				[
					0, 1, 2, -1,
					2, 1, 3, -1,
					2, 3, 4, -1,
					4, 5, 2, -1
				]
				normal Normal
				{
					vector
					[
						-0.000 1.000 0.000
					]
				}
				normalIndex
				[
					0, 0, 0, -1,
					0, 0, 0, -1,
					0, 0, 0, -1,
					0, 0, 0, -1
				]
			}
		}
		Shape
		{
			appearance Appearance
			{
				material Material
				{
					diffuseColor 0.694 0.741 0.788
				}
			}
			geometry IndexedFaceSet
			{
				creaseAngle 0.5
				solid TRUE
				coord Coordinate
				{
					point
					[
						0.585 1.725 -6.800,
						0.546 1.725 -6.796,
						0.442 1.725 -6.800,
						0.508 1.725 -6.784,
						0.473 1.725 -6.766,
						0.442 1.725 -6.740
					]
				}
				coordIndex
				[
					0, 1, 2, -1,
					2, 1, 3, -1,
					2, 3, 4, -1,
					4, 5, 2, -1
				]
				normal Normal
				{
					vector
					[
						0.000 -1.000 -0.000
					]
				}
				normalIndex
				[
					0, 0, 0, -1,
					0, 0, 0, -1,
					0, 0, 0, -1,
					0, 0, 0, -1
				]
			}
		}
		Shape
		{
			appearance Appearance
			{
				material Material
				{
					diffuseColor 0.694 0.741 0.788
				}
			}
			geometry IndexedFaceSet
			{
				creaseAngle 0.5
				solid TRUE
				coord Coordinate
				{
					point
					[
						0.585 0.725 -6.800,
						0.546 0.725 -6.796,
						0.442 0.725 -6.800,
						0.508 0.725 -6.784,
						0.473 0.725 -6.766,
						0.442 0.725 -6.740
					]
				}
				coordIndex
				[
					0, 1, 2, -1,
					2, 1, 3, -1,
					2, 3, 4, -1,
					4, 5, 2, -1
				]
				normal Normal
				{
					vector
					[
						0.000 -1.000 -0.000
					]
				}
				normalIndex
				[
					0, 0, 0, -1,
					0, 0, 0, -1,
					0, 0, 0, -1,
					0, 0, 0, -1
				]
			}
		}
		Shape
		{
			appearance Appearance
			{
				material Material
				{
					diffuseColor 0.694 0.741 0.788
				}
			}
			geometry IndexedFaceSet
			{
				creaseAngle 0.5
				solid TRUE
				coord Coordinate
				{
					point
					[
						0.585 -0.275 -6.800,
						0.546 -0.275 -6.796,
						0.442 -0.275 -6.800,
						0.508 -0.275 -6.784,
						0.473 -0.275 -6.766,
						0.442 -0.275 -6.740
					]
				}
				coordIndex
				[
					0, 1, 2, -1,
					2, 1, 3, -1,
					2, 3, 4, -1,
					4, 5, 2, -1
				]
				normal Normal
				{
					vector
					[
						0.000 -1.000 -0.000
					]
				}
				normalIndex
				[
					0, 0, 0, -1,
					0, 0, 0, -1,
					0, 0, 0, -1,
					0, 0, 0, -1
				]
			}
		}
		Shape
		{
			appearance Appearance
			{
				material Material
				{
					diffuseColor 0.694 0.741 0.788
				}
			}
			geometry IndexedFaceSet
			{
				creaseAngle 0.5
				solid TRUE
				coord Coordinate
				{
					point
					[
						0.585 -1.275 -6.800,
						0.546 -1.275 -6.796,
						0.442 -1.275 -6.800,
						0.508 -1.275 -6.784,
						0.473 -1.275 -6.766,
						0.442 -1.275 -6.740
					]
				}
				coordIndex
				[
					0, 1, 2, -1,
					2, 1, 3, -1,
					2, 3, 4, -1,
					4, 5, 2, -1
				]
				normal Normal
				{
					vector
					[
						0.000 -1.000 -0.000
					]
				}
				normalIndex
				[
					0, 0, 0, -1,
					0, 0, 0, -1,
					0, 0, 0, -1,
					0, 0, 0, -1
				]
			}
		}
		Shape
		{
			appearance Appearance
			{
				material Material
				{
					diffuseColor 0.694 0.741 0.788
				}
			}
			geometry IndexedFaceSet
			{
				creaseAngle 0.5
				solid TRUE
				coord Coordinate
				{
					point
					[
						0.585 -2.275 -6.800,
						0.546 -2.275 -6.796,
						0.442 -2.275 -6.800,
						0.508 -2.275 -6.784,
						0.473 -2.275 -6.766,
						0.442 -2.275 -6.740
					]
				}
				coordIndex
				[
					0, 1, 2, -1,
					2, 1, 3, -1,
					2, 3, 4, -1,
					4, 5, 2, -1
				]
				normal Normal
				{
					vector
					[
						0.000 -1.000 -0.000
					]
				}
				normalIndex
				[
					0, 0, 0, -1,
					0, 0, 0, -1,
					0, 0, 0, -1,
					0, 0, 0, -1
				]
			}
		}
		Shape
		{
			appearance Appearance
			{
				material Material
				{
					diffuseColor 0.694 0.741 0.788
				}
			}
			geometry IndexedFaceSet
			{
				creaseAngle 0.5
				solid TRUE
				coord Coordinate
				{
					point
					[
						0.585 -3.275 -6.800,
						0.546 -3.275 -6.796,
						0.442 -3.275 -6.800,
						0.508 -3.275 -6.784,
						0.473 -3.275 -6.766,
						0.442 -3.275 -6.740
					]
				}
				coordIndex
				[
					0, 1, 2, -1,
					2, 1, 3, -1,
					2, 3, 4, -1,
					4, 5, 2, -1
				]
				normal Normal
				{
					vector
					[
						0.000 -1.000 -0.000
					]
				}
				normalIndex
				[
					0, 0, 0, -1,
					0, 0, 0, -1,
					0, 0, 0, -1,
					0, 0, 0, -1
				]
			}
		}
		Shape
		{
			appearance Appearance
			{
				material Material
				{
					diffuseColor 0.694 0.741 0.788
				}
			}
			geometry IndexedFaceSet
			{
				creaseAngle 0.5
				solid TRUE
				coord Coordinate
				{
					point
					[
						0.585 -4.275 -6.800,
						0.546 -4.275 -6.796,
						0.442 -4.275 -6.800,
						0.508 -4.275 -6.784,
						0.473 -4.275 -6.766,
						0.442 -4.275 -6.740
					]
				}
				coordIndex
				[
					0, 1, 2, -1,
					2, 1, 3, -1,
					2, 3, 4, -1,
					4, 5, 2, -1
				]
				normal Normal
				{
					vector
					[
						0.000 -1.000 -0.000
					]
				}
				normalIndex
				[
					0, 0, 0, -1,
					0, 0, 0, -1,
					0, 0, 0, -1,
					0, 0, 0, -1
				]
			}
		}
		Shape
		{
			appearance Appearance
			{
				material Material
				{
					diffuseColor 0.694 0.741 0.788
				}
			}
			geometry IndexedFaceSet
			{
				creaseAngle 0.5
				solid TRUE
				coord Coordinate
				{
					point
					[
						0.442 -4.725 -6.800,
						0.442 -4.275 -6.800,
						0.442 -4.725 -6.740,
						0.442 -4.275 -6.740,
						0.442 -4.725 -2.700,
						0.442 -4.275 -2.700
					]
				}
				coordIndex
				[
					0, 1, 2, -1,
					2, 1, 3, -1,
					2, 3, 4, -1,
					4, 3, 5, -1
				]
				normal Normal
				{
					vector
					[
						1.000 0.000 0.000
					]
				}
				normalIndex
				[
					0, 0, 0, -1,
					0, 0, 0, -1,
					0, 0, 0, -1,
					0, 0, 0, -1
				]
			}
		}
		Shape
		{
			appearance Appearance
			{
				material Material
				{
					diffuseColor 0.694 0.741 0.788
				}
			}
			geometry IndexedFaceSet
			{
				creaseAngle 0.5
				solid TRUE
				coord Coordinate
				{
					point
					[
						0.442 -4.725 -6.740,
						0.473 -4.725 -6.766,
						0.442 -4.725 -6.800,
						0.508 -4.725 -6.784,
						0.546 -4.725 -6.796,
						0.585 -4.725 -6.800
					]
				}
				coordIndex
				[
					0, 1, 2, -1,
					2, 1, 3, -1,
					2, 3, 4, -1,
					4, 5, 2, -1
				]
				normal Normal
				{
					vector
					[
						-0.000 1.000 -0.000
					]
				}
				normalIndex
				[
					0, 0, 0, -1,
					0, 0, 0, -1,
					0, 0, 0, -1,
					0, 0, 0, -1
				]
			}
		}
		Shape
		{
			appearance Appearance
			{
				material Material
				{
					diffuseColor 0.694 0.741 0.788
				}
			}
			geometry IndexedFaceSet
			{
				creaseAngle 0.5
				solid TRUE
				coord Coordinate
				{
					point
					[
						-0.442 -3.775 -6.740,
						-0.473 -3.775 -6.766,
						-0.442 -3.775 -6.800,
						-0.508 -3.775 -6.784,
						-0.546 -3.775 -6.796,
						-0.585 -3.775 -6.800
					]
				}
				coordIndex
				[
					0, 1, 2, -1,
					2, 1, 3, -1,
					2, 3, 4, -1,
					4, 5, 2, -1
				]
				normal Normal
				{
					vector
					[
						0.000 -1.000 -0.000
					]
				}
				normalIndex
				[
					0, 0, 0, -1,
					0, 0, 0, -1,
					0, 0, 0, -1,
					0, 0, 0, -1
				]
			}
		}
		Shape
		{
			appearance Appearance
			{
				material Material
				{
					diffuseColor 0.694 0.741 0.788
				}
			}
			geometry IndexedFaceSet
			{
				creaseAngle 0.5
				solid TRUE
				coord Coordinate
				{
					point
					[
						-0.585 -3.225 -6.800,
						-0.546 -3.225 -6.796,
						-0.442 -3.225 -6.800,
						-0.508 -3.225 -6.784,
						-0.473 -3.225 -6.766,
						-0.442 -3.225 -6.740
					]
				}
				coordIndex
				[
					0, 1, 2, -1,
					2, 1, 3, -1,
					2, 3, 4, -1,
					4, 5, 2, -1
				]
				normal Normal
				{
					vector
					[
						-0.000 1.000 -0.000
					]
				}
				normalIndex
				[
					0, 0, 0, -1,
					0, 0, 0, -1,
					0, 0, 0, -1,
					0, 0, 0, -1
				]
			}
		}
		Shape
		{
			appearance Appearance
			{
				material Material
				{
					diffuseColor 0.694 0.741 0.788
				}
			}
			geometry IndexedFaceSet
			{
				creaseAngle 0.5
				solid TRUE
				coord Coordinate
				{
					point
					[
						-0.442 -3.225 -6.800,
						-0.442 -3.225 -6.740,
						-0.442 -2.775 -6.800,
						-0.442 -2.775 -6.740,
						-0.442 -3.225 -2.700,
						-0.442 -2.775 -2.700
					]
				}
				coordIndex
				[
					0, 1, 2, -1,
					2, 1, 3, -1,
					1, 4, 3, -1,
					3, 4, 5, -1
				]
				normal Normal
				{
					vector
					[
						-1.000 0.000 0.000
					]
				}
				normalIndex
				[
					0, 0, 0, -1,
					0, 0, 0, -1,
					0, 0, 0, -1,
					0, 0, 0, -1
				]
			}
		}
		Shape
		{
			appearance Appearance
			{
				material Material
				{
					diffuseColor 0.694 0.741 0.788
				}
			}
			geometry IndexedFaceSet
			{
				creaseAngle 0.5
				solid TRUE
				coord Coordinate
				{
					point
					[
						-0.442 -2.775 -6.740,
						-0.473 -2.775 -6.766,
						-0.442 -2.775 -6.800,
						-0.508 -2.775 -6.784,
						-0.546 -2.775 -6.796,
						-0.585 -2.775 -6.800
					]
				}
				coordIndex
				[
					0, 1, 2, -1,
					2, 1, 3, -1,
					2, 3, 4, -1,
					4, 5, 2, -1
				]
				normal Normal
				{
					vector
					[
						0.000 -1.000 -0.000
					]
				}
				normalIndex
				[
					0, 0, 0, -1,
					0, 0, 0, -1,
					0, 0, 0, -1,
					0, 0, 0, -1
				]
			}
		}
		Shape
		{
			appearance Appearance
			{
				material Material
				{
					diffuseColor 0.694 0.741 0.788
				}
			}
			geometry IndexedFaceSet
			{
				creaseAngle 0.5
				solid TRUE
				coord Coordinate
				{
					point
					[
						-0.585 -2.225 -6.800,
						-0.546 -2.225 -6.796,
						-0.442 -2.225 -6.800,
						-0.508 -2.225 -6.784,
						-0.473 -2.225 -6.766,
						-0.442 -2.225 -6.740
					]
				}
				coordIndex
				[
					0, 1, 2, -1,
					2, 1, 3, -1,
					2, 3, 4, -1,
					4, 5, 2, -1
				]
				normal Normal
				{
					vector
					[
						-0.000 1.000 -0.000
					]
				}
				normalIndex
				[
					0, 0, 0, -1,
					0, 0, 0, -1,
					0, 0, 0, -1,
					0, 0, 0, -1
				]
			}
		}
		Shape
		{
			appearance Appearance
			{
				material Material
				{
					diffuseColor 0.694 0.741 0.788
				}
			}
			geometry IndexedFaceSet
			{
				creaseAngle 0.5
				solid TRUE
				coord Coordinate
				{
					point
					[
						-0.442 -2.225 -6.800,
						-0.442 -2.225 -6.740,
						-0.442 -1.775 -6.800,
						-0.442 -1.775 -6.740,
						-0.442 -2.225 -2.700,
						-0.442 -1.775 -2.700
					]
				}
				coordIndex
				[
					0, 1, 2, -1,
					2, 1, 3, -1,
					1, 4, 3, -1,
					3, 4, 5, -1
				]
				normal Normal
				{
					vector
					[
						-1.000 0.000 0.000
					]
				}
				normalIndex
				[
					0, 0, 0, -1,
					0, 0, 0, -1,
					0, 0, 0, -1,
					0, 0, 0, -1
				]
			}
		}
		Shape
		{
			appearance Appearance
			{
				material Material
				{
					diffuseColor 0.694 0.741 0.788
				}
			}
			geometry IndexedFaceSet
			{
				creaseAngle 0.5
				solid TRUE
				coord Coordinate
				{
					point
					[
						-0.442 -1.775 -6.740,
						-0.473 -1.775 -6.766,
						-0.442 -1.775 -6.800,
						-0.508 -1.775 -6.784,
						-0.546 -1.775 -6.796,
						-0.585 -1.775 -6.800
					]
				}
				coordIndex
				[
					0, 1, 2, -1,
					2, 1, 3, -1,
					2, 3, 4, -1,
					4, 5, 2, -1
				]
				normal Normal
				{
					vector
					[
						0.000 -1.000 -0.000
					]
				}
				normalIndex
				[
					0, 0, 0, -1,
					0, 0, 0, -1,
					0, 0, 0, -1,
					0, 0, 0, -1
				]
			}
		}
		Shape
		{
			appearance Appearance
			{
				material Material
				{
					diffuseColor 0.694 0.741 0.788
				}
			}
			geometry IndexedFaceSet
			{
				creaseAngle 0.5
				solid TRUE
				coord Coordinate
				{
					point
					[
						-0.585 -1.225 -6.800,
						-0.546 -1.225 -6.796,
						-0.442 -1.225 -6.800,
						-0.508 -1.225 -6.784,
						-0.473 -1.225 -6.766,
						-0.442 -1.225 -6.740
					]
				}
				coordIndex
				[
					0, 1, 2, -1,
					2, 1, 3, -1,
					2, 3, 4, -1,
					4, 5, 2, -1
				]
				normal Normal
				{
					vector
					[
						-0.000 1.000 -0.000
					]
				}
				normalIndex
				[
					0, 0, 0, -1,
					0, 0, 0, -1,
					0, 0, 0, -1,
					0, 0, 0, -1
				]
			}
		}
		Shape
		{
			appearance Appearance
			{
				material Material
				{
					diffuseColor 0.694 0.741 0.788
				}
			}
			geometry IndexedFaceSet
			{
				creaseAngle 0.5
				solid TRUE
				coord Coordinate
				{
					point
					[
						-0.442 -1.225 -6.800,
						-0.442 -1.225 -6.740,
						-0.442 -0.775 -6.800,
						-0.442 -0.775 -6.740,
						-0.442 -1.225 -2.700,
						-0.442 -0.775 -2.700
					]
				}
				coordIndex
				[
					0, 1, 2, -1,
					2, 1, 3, -1,
					1, 4, 3, -1,
					3, 4, 5, -1
				]
				normal Normal
				{
					vector
					[
						-1.000 0.000 0.000
					]
				}
				normalIndex
				[
					0, 0, 0, -1,
					0, 0, 0, -1,
					0, 0, 0, -1,
					0, 0, 0, -1
				]
			}
		}
		Shape
		{
			appearance Appearance
			{
				material Material
				{
					diffuseColor 0.694 0.741 0.788
				}
			}
			geometry IndexedFaceSet
			{
				creaseAngle 0.5
				solid TRUE
				coord Coordinate
				{
					point
					[
						-0.442 -0.775 -6.740,
						-0.473 -0.775 -6.766,
						-0.442 -0.775 -6.800,
						-0.508 -0.775 -6.784,
						-0.546 -0.775 -6.796,
						-0.585 -0.775 -6.800
					]
				}
				coordIndex
				[
					0, 1, 2, -1,
					2, 1, 3, -1,
					2, 3, 4, -1,
					4, 5, 2, -1
				]
				normal Normal
				{
					vector
					[
						0.000 -1.000 -0.000
					]
				}
				normalIndex
				[
					0, 0, 0, -1,
					0, 0, 0, -1,
					0, 0, 0, -1,
					0, 0, 0, -1
				]
			}
		}
		Shape
		{
			appearance Appearance
			{
				material Material
				{
					diffuseColor 0.694 0.741 0.788
				}
			}
			geometry IndexedFaceSet
			{
				creaseAngle 0.5
				solid TRUE
				coord Coordinate
				{
					point
					[
						-0.585 -0.225 -6.800,
						-0.546 -0.225 -6.796,
						-0.442 -0.225 -6.800,
						-0.508 -0.225 -6.784,
						-0.473 -0.225 -6.766,
						-0.442 -0.225 -6.740
					]
				}
				coordIndex
				[
					0, 1, 2, -1,
					2, 1, 3, -1,
					2, 3, 4, -1,
					4, 5, 2, -1
				]
				normal Normal
				{
					vector
					[
						-0.000 1.000 -0.000
					]
				}
				normalIndex
				[
					0, 0, 0, -1,
					0, 0, 0, -1,
					0, 0, 0, -1,
					0, 0, 0, -1
				]
			}
		}
		Shape
		{
			appearance Appearance
			{
				material Material
				{
					diffuseColor 0.694 0.741 0.788
				}
			}
			geometry IndexedFaceSet
			{
				creaseAngle 0.5
				solid TRUE
				coord Coordinate
				{
					point
					[
						-0.442 -0.225 -6.800,
						-0.442 -0.225 -6.740,
						-0.442 0.225 -6.800,
						-0.442 0.225 -6.740,
						-0.442 -0.225 -2.700,
						-0.442 0.225 -2.700
					]
				}
				coordIndex
				[
					0, 1, 2, -1,
					2, 1, 3, -1,
					1, 4, 3, -1,
					3, 4, 5, -1
				]
				normal Normal
				{
					vector
					[
						-1.000 0.000 0.000
					]
				}
				normalIndex
				[
					0, 0, 0, -1,
					0, 0, 0, -1,
					0, 0, 0, -1,
					0, 0, 0, -1
				]
			}
		}
		Shape
		{
			appearance Appearance
			{
				material Material
				{
					diffuseColor 0.694 0.741 0.788
				}
			}
			geometry IndexedFaceSet
			{
				creaseAngle 0.5
				solid TRUE
				coord Coordinate
				{
					point
					[
						-0.442 0.225 -6.740,
						-0.473 0.225 -6.766,
						-0.442 0.225 -6.800,
						-0.508 0.225 -6.784,
						-0.546 0.225 -6.796,
						-0.585 0.225 -6.800
					]
				}
				coordIndex
				[
					0, 1, 2, -1,
					2, 1, 3, -1,
					2, 3, 4, -1,
					4, 5, 2, -1
				]
				normal Normal
				{
					vector
					[
						0.000 -1.000 -0.000
					]
				}
				normalIndex
				[
					0, 0, 0, -1,
					0, 0, 0, -1,
					0, 0, 0, -1,
					0, 0, 0, -1
				]
			}
		}
		Shape
		{
			appearance Appearance
			{
				material Material
				{
					diffuseColor 0.694 0.741 0.788
				}
			}
			geometry IndexedFaceSet
			{
				creaseAngle 0.5
				solid TRUE
				coord Coordinate
				{
					point
					[
						-0.585 0.775 -6.800,
						-0.546 0.775 -6.796,
						-0.442 0.775 -6.800,
						-0.508 0.775 -6.784,
						-0.473 0.775 -6.766,
						-0.442 0.775 -6.740
					]
				}
				coordIndex
				[
					0, 1, 2, -1,
					2, 1, 3, -1,
					2, 3, 4, -1,
					4, 5, 2, -1
				]
				normal Normal
				{
					vector
					[
						-0.000 1.000 -0.000
					]
				}
				normalIndex
				[
					0, 0, 0, -1,
					0, 0, 0, -1,
					0, 0, 0, -1,
					0, 0, 0, -1
				]
			}
		}
		Shape
		{
			appearance Appearance
			{
				material Material
				{
					diffuseColor 0.694 0.741 0.788
				}
			}
			geometry IndexedFaceSet
			{
				creaseAngle 0.5
				solid TRUE
				coord Coordinate
				{
					point
					[
						-0.442 0.775 -6.800,
						-0.442 0.775 -6.740,
						-0.442 1.225 -6.800,
						-0.442 1.225 -6.740,
						-0.442 0.775 -2.700,
						-0.442 1.225 -2.700
					]
				}
				coordIndex
				[
					0, 1, 2, -1,
					2, 1, 3, -1,
					1, 4, 3, -1,
					3, 4, 5, -1
				]
				normal Normal
				{
					vector
					[
						-1.000 0.000 0.000
					]
				}
				normalIndex
				[
					0, 0, 0, -1,
					0, 0, 0, -1,
					0, 0, 0, -1,
					0, 0, 0, -1
				]
			}
		}
		Shape
		{
			appearance Appearance
			{
				material Material
				{
					diffuseColor 0.694 0.741 0.788
				}
			}
			geometry IndexedFaceSet
			{
				creaseAngle 0.5
				solid TRUE
				coord Coordinate
				{
					point
					[
						-0.442 1.225 -6.740,
						-0.473 1.225 -6.766,
						-0.442 1.225 -6.800,
						-0.508 1.225 -6.784,
						-0.546 1.225 -6.796,
						-0.585 1.225 -6.800
					]
				}
				coordIndex
				[
					0, 1, 2, -1,
					2, 1, 3, -1,
					2, 3, 4, -1,
					4, 5, 2, -1
				]
				normal Normal
				{
					vector
					[
						0.000 -1.000 -0.000
					]
				}
				normalIndex
				[
					0, 0, 0, -1,
					0, 0, 0, -1,
					0, 0, 0, -1,
					0, 0, 0, -1
				]
			}
		}
		Shape
		{
			appearance Appearance
			{
				material Material
				{
					diffuseColor 0.694 0.741 0.788
				}
			}
			geometry IndexedFaceSet
			{
				creaseAngle 0.5
				solid TRUE
				coord Coordinate
				{
					point
					[
						-0.585 1.775 -6.800,
						-0.546 1.775 -6.796,
						-0.442 1.775 -6.800,
						-0.508 1.775 -6.784,
						-0.473 1.775 -6.766,
						-0.442 1.775 -6.740
					]
				}
				coordIndex
				[
					0, 1, 2, -1,
					2, 1, 3, -1,
					2, 3, 4, -1,
					4, 5, 2, -1
				]
				normal Normal
				{
					vector
					[
						-0.000 1.000 -0.000
					]
				}
				normalIndex
				[
					0, 0, 0, -1,
					0, 0, 0, -1,
					0, 0, 0, -1,
					0, 0, 0, -1
				]
			}
		}
		Shape
		{
			appearance Appearance
			{
				material Material
				{
					diffuseColor 0.694 0.741 0.788
				}
			}
			geometry IndexedFaceSet
			{
				creaseAngle 0.5
				solid TRUE
				coord Coordinate
				{
					point
					[
						-0.442 1.775 -6.800,
						-0.442 1.775 -6.740,
						-0.442 2.225 -6.800,
						-0.442 2.225 -6.740,
						-0.442 1.775 -2.700,
						-0.442 2.225 -2.700
					]
				}
				coordIndex
				[
					0, 1, 2, -1,
					2, 1, 3, -1,
					1, 4, 3, -1,
					3, 4, 5, -1
				]
				normal Normal
				{
					vector
					[
						-1.000 0.000 0.000
					]
				}
				normalIndex
				[
					0, 0, 0, -1,
					0, 0, 0, -1,
					0, 0, 0, -1,
					0, 0, 0, -1
				]
			}
		}
		Shape
		{
			appearance Appearance
			{
				material Material
				{
					diffuseColor 0.694 0.741 0.788
				}
			}
			geometry IndexedFaceSet
			{
				creaseAngle 0.5
				solid TRUE
				coord Coordinate
				{
					point
					[
						-0.442 2.225 -6.740,
						-0.473 2.225 -6.766,
						-0.442 2.225 -6.800,
						-0.508 2.225 -6.784,
						-0.546 2.225 -6.796,
						-0.585 2.225 -6.800
					]
				}
				coordIndex
				[
					0, 1, 2, -1,
					2, 1, 3, -1,
					2, 3, 4, -1,
					4, 5, 2, -1
				]
				normal Normal
				{
					vector
					[
						0.000 -1.000 -0.000
					]
				}
				normalIndex
				[
					0, 0, 0, -1,
					0, 0, 0, -1,
					0, 0, 0, -1,
					0, 0, 0, -1
				]
			}
		}
		Shape
		{
			appearance Appearance
			{
				material Material
				{
					diffuseColor 0.694 0.741 0.788
				}
			}
			geometry IndexedFaceSet
			{
				creaseAngle 0.5
				solid TRUE
				coord Coordinate
				{
					point
					[
						-0.585 2.775 -6.800,
						-0.546 2.775 -6.796,
						-0.442 2.775 -6.800,
						-0.508 2.775 -6.784,
						-0.473 2.775 -6.766,
						-0.442 2.775 -6.740
					]
				}
				coordIndex
				[
					0, 1, 2, -1,
					2, 1, 3, -1,
					2, 3, 4, -1,
					4, 5, 2, -1
				]
				normal Normal
				{
					vector
					[
						-0.000 1.000 -0.000
					]
				}
				normalIndex
				[
					0, 0, 0, -1,
					0, 0, 0, -1,
					0, 0, 0, -1,
					0, 0, 0, -1
				]
			}
		}
		Shape
		{
			appearance Appearance
			{
				material Material
				{
					diffuseColor 0.694 0.741 0.788
				}
			}
			geometry IndexedFaceSet
			{
				creaseAngle 0.5
				solid TRUE
				coord Coordinate
				{
					point
					[
						-0.585 3.775 -6.800,
						-0.546 3.775 -6.796,
						-0.442 3.775 -6.800,
						-0.508 3.775 -6.784,
						-0.473 3.775 -6.766,
						-0.442 3.775 -6.740
					]
				}
				coordIndex
				[
					0, 1, 2, -1,
					2, 1, 3, -1,
					2, 3, 4, -1,
					4, 5, 2, -1
				]
				normal Normal
				{
					vector
					[
						-0.000 1.000 -0.000
					]
				}
				normalIndex
				[
					0, 0, 0, -1,
					0, 0, 0, -1,
					0, 0, 0, -1,
					0, 0, 0, -1
				]
			}
		}
		Shape
		{
			appearance Appearance
			{
				material Material
				{
					diffuseColor 0.694 0.741 0.788
				}
			}
			geometry IndexedFaceSet
			{
				creaseAngle 0.5
				solid TRUE
				coord Coordinate
				{
					point
					[
						-0.442 3.775 -6.800,
						-0.442 3.775 -6.740,
						-0.442 4.225 -6.800,
						-0.442 4.225 -6.740,
						-0.442 3.775 -2.700,
						-0.442 4.225 -2.700
					]
				}
				coordIndex
				[
					0, 1, 2, -1,
					2, 1, 3, -1,
					1, 4, 3, -1,
					3, 4, 5, -1
				]
				normal Normal
				{
					vector
					[
						-1.000 0.000 0.000
					]
				}
				normalIndex
				[
					0, 0, 0, -1,
					0, 0, 0, -1,
					0, 0, 0, -1,
					0, 0, 0, -1
				]
			}
		}
		Shape
		{
			appearance Appearance
			{
				material Material
				{
					diffuseColor 0.694 0.741 0.788
				}
			}
			geometry IndexedFaceSet
			{
				creaseAngle 0.5
				solid TRUE
				coord Coordinate
				{
					point
					[
						-0.442 4.225 -6.740,
						-0.473 4.225 -6.766,
						-0.442 4.225 -6.800,
						-0.508 4.225 -6.784,
						-0.546 4.225 -6.796,
						-0.585 4.225 -6.800
					]
				}
				coordIndex
				[
					0, 1, 2, -1,
					2, 1, 3, -1,
					2, 3, 4, -1,
					4, 5, 2, -1
				]
				normal Normal
				{
					vector
					[
						0.000 -1.000 -0.000
					]
				}
				normalIndex
				[
					0, 0, 0, -1,
					0, 0, 0, -1,
					0, 0, 0, -1,
					0, 0, 0, -1
				]
			}
		}
		Shape
		{
			appearance Appearance
			{
				material Material
				{
					diffuseColor 0.694 0.741 0.788
				}
			}
			geometry IndexedFaceSet
			{
				creaseAngle 0.5
				solid TRUE
				coord Coordinate
				{
					point
					[
						-0.385 4.662 -6.600,
						-0.388 4.662 -6.637,
						-0.385 4.225 -6.600,
						-0.392 4.225 -6.651,
						-0.399 4.662 -6.672,
						-0.411 4.225 -6.699,
						-0.415 4.662 -6.705,
						-0.437 4.662 -6.735,
						-0.442 4.225 -6.740,
						-0.464 4.662 -6.760,
						-0.473 4.225 -6.766,
						-0.496 4.662 -6.779,
						-0.508 4.225 -6.784,
						-0.530 4.662 -6.792,
						-0.546 4.225 -6.796,
						-0.567 4.662 -6.799,
						-0.585 4.225 -6.800,
						-0.585 4.662 -6.800
					]
				}
				coordIndex
				[
					0, 1, 2, -1,
					2, 1, 3, -1,
					1, 4, 3, -1,
					3, 4, 5, -1,
					4, 6, 5, -1,
					5, 6, 7, -1,
					5, 7, 8, -1,
					8, 7, 9, -1,
					8, 9, 10, -1,
					10, 9, 11, -1,
					10, 11, 12, -1,
					12, 11, 13, -1,
					12, 13, 14, -1,
					14, 13, 15, -1,
					14, 15, 16, -1,
					16, 15, 17, -1
				]
				normal Normal
				{
					vector
					[
						-1.000 -0.000 -0.000,
						-0.983 -0.000 0.184,
						-0.967 -0.000 0.256,
						-0.932 -0.000 0.361,
						-0.869 -0.000 0.496,
						-0.850 -0.000 0.526,
						-0.739 -0.000 0.674,
						-0.712 -0.000 0.702,
						-0.603 -0.000 0.798,
						-0.560 -0.000 0.828,
						-0.446 -0.000 0.895,
						-0.386 -0.000 0.922,
						-0.274 -0.000 0.962,
						-0.197 -0.000 0.980,
						-0.092 -0.000 0.996,
						-0.000 -0.000 1.000
					]
				}
				normalIndex
				[
					0, 1, 0, -1,
					0, 1, 2, -1,
					1, 3, 2, -1,
					2, 3, 4, -1,
					3, 5, 4, -1,
					4, 5, 6, -1,
					4, 6, 7, -1,
					7, 6, 8, -1,
					7, 8, 9, -1,
					9, 8, 10, -1,
					9, 10, 11, -1,
					11, 10, 12, -1,
					11, 12, 13, -1,
					13, 12, 14, -1,
					13, 14, 15, -1,
					15, 14, 15, -1
				]
			}
		}
		Shape
		{
			appearance Appearance
			{
				material Material
				{
					diffuseColor 0.694 0.741 0.788
				}
			}
			geometry IndexedFaceSet
			{
				creaseAngle 0.5
				solid TRUE
				coord Coordinate
				{
					point
					[
						-0.411 4.225 -6.699,
						-0.442 4.225 -6.740,
						-0.385 4.225 -6.600,
						-0.442 4.225 -2.700,
						-0.385 4.225 -2.700,
						-0.392 4.225 -6.651
					]
				}
				coordIndex
				[
					0, 1, 2, -1,
					2, 1, 3, -1,
					2, 3, 4, -1,
					2, 5, 0, -1
				]
				normal Normal
				{
					vector
					[
						-0.000 1.000 0.000
					]
				}
				normalIndex
				[
					0, 0, 0, -1,
					0, 0, 0, -1,
					0, 0, 0, -1,
					0, 0, 0, -1
				]
			}
		}
		Shape
		{
			appearance Appearance
			{
				material Material
				{
					diffuseColor 0.694 0.741 0.788
				}
			}
			geometry IndexedFaceSet
			{
				creaseAngle 0.5
				solid TRUE
				coord Coordinate
				{
					point
					[
						0.385 3.725 -2.700,
						0.442 3.725 -2.700,
						0.385 3.725 -6.600,
						0.442 3.725 -6.740,
						0.411 3.725 -6.699,
						0.392 3.725 -6.651
					]
				}
				coordIndex
				[
					0, 1, 2, -1,
					2, 1, 3, -1,
					2, 3, 4, -1,
					4, 5, 2, -1
				]
				normal Normal
				{
					vector
					[
						-0.000 1.000 0.000
					]
				}
				normalIndex
				[
					0, 0, 0, -1,
					0, 0, 0, -1,
					0, 0, 0, -1,
					0, 0, 0, -1
				]
			}
		}
		Shape
		{
			appearance Appearance
			{
				material Material
				{
					diffuseColor 0.694 0.741 0.788
				}
			}
			geometry IndexedFaceSet
			{
				creaseAngle 0.5
				solid TRUE
				coord Coordinate
				{
					point
					[
						0.585 2.725 -6.800,
						0.546 2.725 -6.796,
						0.442 2.725 -6.800,
						0.508 2.725 -6.784,
						0.473 2.725 -6.766,
						0.442 2.725 -6.740
					]
				}
				coordIndex
				[
					0, 1, 2, -1,
					2, 1, 3, -1,
					2, 3, 4, -1,
					4, 5, 2, -1
				]
				normal Normal
				{
					vector
					[
						0.000 -1.000 -0.000
					]
				}
				normalIndex
				[
					0, 0, 0, -1,
					0, 0, 0, -1,
					0, 0, 0, -1,
					0, 0, 0, -1
				]
			}
		}
		Shape
		{
			appearance Appearance
			{
				material Material
				{
					diffuseColor 0.694 0.741 0.788
				}
			}
			geometry IndexedFaceSet
			{
				creaseAngle 0.5
				solid TRUE
				coord Coordinate
				{
					point
					[
						0.385 2.725 -2.700,
						0.442 2.725 -2.700,
						0.385 2.725 -6.600,
						0.442 2.725 -6.740,
						0.411 2.725 -6.699,
						0.392 2.725 -6.651
					]
				}
				coordIndex
				[
					0, 1, 2, -1,
					2, 1, 3, -1,
					2, 3, 4, -1,
					4, 5, 2, -1
				]
				normal Normal
				{
					vector
					[
						-0.000 1.000 0.000
					]
				}
				normalIndex
				[
					0, 0, 0, -1,
					0, 0, 0, -1,
					0, 0, 0, -1,
					0, 0, 0, -1
				]
			}
		}
		Shape
		{
			appearance Appearance
			{
				material Material
				{
					diffuseColor 0.694 0.741 0.788
				}
			}
			geometry IndexedFaceSet
			{
				creaseAngle 0.5
				solid TRUE
				coord Coordinate
				{
					point
					[
						0.585 4.725 -6.800,
						0.546 4.725 -6.796,
						0.442 4.725 -6.800,
						0.508 4.725 -6.784,
						0.473 4.725 -6.766,
						0.442 4.725 -6.740
					]
				}
				coordIndex
				[
					0, 1, 2, -1,
					2, 1, 3, -1,
					2, 3, 4, -1,
					4, 5, 2, -1
				]
				normal Normal
				{
					vector
					[
						0.000 -1.000 -0.000
					]
				}
				normalIndex
				[
					0, 0, 0, -1,
					0, 0, 0, -1,
					0, 0, 0, -1,
					0, 0, 0, -1
				]
			}
		}
		Shape
		{
			appearance Appearance
			{
				material Material
				{
					diffuseColor 0.694 0.741 0.788
				}
			}
			geometry IndexedFaceSet
			{
				creaseAngle 0.5
				solid TRUE
				coord Coordinate
				{
					point
					[
						0.185 5.400 -6.600,
						0.185 5.400 -3.034,
						0.213 5.398 -6.600,
						0.224 5.396 -3.034,
						0.240 5.392 -6.600,
						0.262 5.385 -3.034,
						0.275 5.379 -6.600,
						0.296 5.366 -3.034,
						0.306 5.359 -6.600,
						0.326 5.341 -3.034,
						0.333 5.334 -6.600,
						0.351 5.311 -3.034,
						0.355 5.305 -6.600,
						0.370 5.277 -3.034,
						0.372 5.272 -6.600,
						0.381 5.239 -3.034,
						0.382 5.236 -6.600,
						0.385 5.200 -3.034,
						0.385 5.200 -6.600
					]
				}
				coordIndex
				[
					0, 1, 2, -1,
					2, 1, 3, -1,
					2, 3, 4, -1,
					4, 3, 5, -1,
					4, 5, 6, -1,
					6, 5, 7, -1,
					6, 7, 8, -1,
					8, 7, 9, -1,
					8, 9, 10, -1,
					10, 9, 11, -1,
					10, 11, 12, -1,
					12, 11, 13, -1,
					12, 13, 14, -1,
					14, 13, 15, -1,
					14, 15, 16, -1,
					16, 15, 17, -1,
					16, 17, 18, -1
				]
				normal Normal
				{
					vector
					[
						0.000 1.000 0.000,
						0.139 0.990 0.000,
						0.195 0.981 0.000,
						0.276 0.961 0.000,
						0.383 0.924 -0.000,
						0.448 0.894 0.000,
						0.556 0.831 0.000,
						0.604 0.797 0.000,
						0.707 0.707 -0.000,
						0.740 0.672 0.000,
						0.831 0.556 0.000,
						0.851 0.525 0.000,
						0.924 0.383 -0.000,
						0.933 0.359 0.000,
						0.981 0.195 0.000,
						0.983 0.182 0.000,
						1.000 0.000 0.000
					]
				}
				normalIndex
				[
					0, 0, 1, -1,
					1, 0, 2, -1,
					1, 2, 3, -1,
					3, 2, 4, -1,
					3, 4, 5, -1,
					5, 4, 6, -1,
					5, 6, 7, -1,
					7, 6, 8, -1,
					7, 8, 9, -1,
					9, 8, 10, -1,
					9, 10, 11, -1,
					11, 10, 12, -1,
					11, 12, 13, -1,
					13, 12, 14, -1,
					13, 14, 15, -1,
					15, 14, 16, -1,
					15, 16, 16, -1
				]
			}
		}
		Shape
		{
			appearance Appearance
			{
				material Material
				{
					diffuseColor 0.694 0.741 0.788
				}
			}
			geometry IndexedFaceSet
			{
				creaseAngle 0.5
				solid TRUE
				coord Coordinate
				{
					point
					[
						0.185 5.400 -3.034,
						0.185 5.399 -3.012,
						0.224 5.396 -3.034,
						0.235 5.391 -3.002,
						0.262 5.385 -3.034,
						0.297 5.361 -2.998,
						0.296 5.366 -3.034,
						0.326 5.341 -3.034,
						0.185 5.395 -2.989,
						0.237 5.382 -2.970,
						0.285 5.363 -2.977,
						0.185 5.389 -2.968,
						0.326 5.333 -2.987,
						0.346 5.312 -2.998,
						0.358 5.294 -3.001,
						0.351 5.311 -3.034,
						0.370 5.277 -3.034,
						0.378 5.249 -3.017,
						0.381 5.239 -3.034,
						0.385 5.200 -3.034
					]
				}
				coordIndex
				[
					0, 1, 2, -1,
					2, 1, 3, -1,
					2, 3, 4, -1,
					4, 3, 5, -1,
					4, 5, 6, -1,
					6, 5, 7, -1,
					1, 8, 3, -1,
					3, 8, 9, -1,
					3, 9, 10, -1,
					8, 11, 9, -1,
					3, 10, 5, -1,
					5, 10, 12, -1,
					5, 12, 13, -1,
					13, 12, 14, -1,
					13, 14, 15, -1,
					15, 14, 16, -1,
					14, 17, 16, -1,
					16, 17, 18, -1,
					17, 19, 18, -1,
					15, 7, 13, -1,
					13, 7, 5, -1
				]
				normal Normal
				{
					vector
					[
						0.000 1.000 -0.000,
						-0.000 0.994 0.112,
						0.195 0.981 0.000,
						0.248 0.955 0.159,
						0.383 0.924 0.000,
						0.562 0.807 0.181,
						0.556 0.831 0.000,
						0.707 0.707 -0.000,
						0.000 0.975 0.223,
						0.259 0.912 0.319,
						0.500 0.817 0.286,
						0.000 0.944 0.330,
						0.707 0.667 0.234,
						0.807 0.562 0.181,
						0.866 0.472 0.165,
						0.831 0.556 -0.000,
						0.924 0.383 -0.000,
						0.966 0.244 0.086,
						0.981 0.195 -0.000,
						1.000 0.000 -0.000
					]
				}
				normalIndex
				[
					0, 1, 2, -1,
					2, 1, 3, -1,
					2, 3, 4, -1,
					4, 3, 5, -1,
					4, 5, 6, -1,
					6, 5, 7, -1,
					1, 8, 3, -1,
					3, 8, 9, -1,
					3, 9, 10, -1,
					8, 11, 9, -1,
					3, 10, 5, -1,
					5, 10, 12, -1,
					5, 12, 13, -1,
					13, 12, 14, -1,
					13, 14, 15, -1,
					15, 14, 16, -1,
					14, 17, 16, -1,
					16, 17, 18, -1,
					17, 19, 18, -1,
					15, 7, 13, -1,
					13, 7, 5, -1
				]
			}
		}
		Shape
		{
			appearance Appearance
			{
				material Material
				{
					diffuseColor 0.694 0.741 0.788
				}
			}
			geometry IndexedFaceSet
			{
				creaseAngle 0.5
				solid TRUE
				coord Coordinate
				{
					point
					[
						0.185 5.097 -2.134,
						0.237 5.090 -2.136,
						0.185 5.389 -2.968,
						0.237 5.382 -2.970,
						0.285 5.363 -2.977,
						0.285 5.072 -2.143,
						0.326 5.042 -2.153,
						0.326 5.333 -2.987,
						0.358 5.002 -2.167,
						0.358 5.294 -3.001,
						0.378 4.957 -2.183,
						0.378 5.249 -3.017,
						0.385 5.200 -3.034,
						0.385 4.908 -2.200
					]
				}
				coordIndex
				[
					0, 1, 2, -1,
					2, 1, 3, -1,
					3, 1, 4, -1,
					4, 1, 5, -1,
					4, 5, 6, -1,
					4, 6, 7, -1,
					7, 6, 8, -1,
					7, 8, 9, -1,
					9, 8, 10, -1,
					9, 10, 11, -1,
					11, 10, 12, -1,
					10, 13, 12, -1
				]
				normal Normal
				{
					vector
					[
						0.000 0.944 0.330,
						0.259 0.912 0.319,
						0.500 0.817 0.286,
						0.707 0.667 0.234,
						0.866 0.472 0.165,
						0.966 0.244 0.086,
						1.000 0.000 0.000
					]
				}
				normalIndex
				[
					0, 1, 0, -1,
					0, 1, 1, -1,
					1, 1, 2, -1,
					2, 1, 2, -1,
					2, 2, 3, -1,
					2, 3, 3, -1,
					3, 3, 4, -1,
					3, 4, 4, -1,
					4, 4, 5, -1,
					4, 5, 5, -1,
					5, 5, 6, -1,
					5, 6, 6, -1
				]
			}
		}
		Shape
		{
			appearance Appearance
			{
				material Material
				{
					diffuseColor 0.694 0.741 0.788
				}
			}
			geometry IndexedFaceSet
			{
				creaseAngle 0.5
				solid TRUE
				coord Coordinate
				{
					point
					[
						0.185 5.389 -2.968,
						-0.031 5.389 -2.968,
						0.185 5.097 -2.134,
						-0.114 5.097 -2.134
					]
				}
				coordIndex
				[
					0, 1, 2, -1,
					2, 1, 3, -1
				]
				normal Normal
				{
					vector
					[
						-0.000 0.944 0.330
					]
				}
				normalIndex
				[
					0, 0, 0, -1,
					0, 0, 0, -1
				]
			}
		}
		Shape
		{
			appearance Appearance
			{
				material Material
				{
					diffuseColor 0.694 0.741 0.788
				}
			}
			geometry IndexedFaceSet
			{
				creaseAngle 0.5
				solid TRUE
				coord Coordinate
				{
					point
					[
						0.185 5.097 -2.134,
						-0.114 5.097 -2.134,
						0.185 5.075 -2.090,
						-0.114 5.075 -2.090,
						-0.114 5.043 -2.052,
						0.185 5.043 -2.052,
						-0.114 5.003 -2.024,
						0.185 5.003 -2.024,
						-0.114 4.957 -2.006,
						0.185 4.957 -2.006,
						0.185 4.908 -2.000,
						-0.114 4.908 -2.000
					]
				}
				coordIndex
				[
					0, 1, 2, -1,
					2, 1, 3, -1,
					2, 3, 4, -1,
					2, 4, 5, -1,
					5, 4, 6, -1,
					5, 6, 7, -1,
					7, 6, 8, -1,
					7, 8, 9, -1,
					9, 8, 10, -1,
					8, 11, 10, -1
				]
				normal Normal
				{
					vector
					[
						0.000 0.944 0.330,
						0.000 0.835 0.551,
						0.000 0.675 0.738,
						0.000 0.474 0.881,
						0.000 0.244 0.970,
						0.000 0.000 1.000
					]
				}
				normalIndex
				[
					0, 0, 1, -1,
					1, 0, 1, -1,
					1, 1, 2, -1,
					1, 2, 2, -1,
					2, 2, 3, -1,
					2, 3, 3, -1,
					3, 3, 4, -1,
					3, 4, 4, -1,
					4, 4, 5, -1,
					4, 5, 5, -1
				]
			}
		}
		Shape
		{
			appearance Appearance
			{
				material Material
				{
					diffuseColor 0.694 0.741 0.788
				}
			}
			geometry IndexedFaceSet
			{
				creaseAngle 0.5
				solid TRUE
				coord Coordinate
				{
					point
					[
						0.185 4.957 -2.006,
						0.185 4.908 -2.000,
						0.217 4.925 -2.003,
						0.237 4.908 -2.007,
						0.276 4.912 -2.022,
						0.285 4.908 -2.027,
						0.289 4.977 -2.043,
						0.326 4.908 -2.059,
						0.342 4.948 -2.083,
						0.358 4.908 -2.100,
						0.374 4.911 -2.136,
						0.378 4.908 -2.148,
						0.374 4.968 -2.176,
						0.378 4.957 -2.183,
						0.358 5.002 -2.167,
						0.385 4.908 -2.200,
						0.342 5.005 -2.123,
						0.326 5.042 -2.153,
						0.289 5.033 -2.084,
						0.285 5.072 -2.143,
						0.276 5.075 -2.138,
						0.237 5.090 -2.136,
						0.217 5.088 -2.119,
						0.185 5.097 -2.134,
						0.185 5.075 -2.090,
						0.221 5.048 -2.062,
						0.185 5.043 -2.052,
						0.185 5.003 -2.024,
						0.221 4.992 -2.022
					]
				}
				coordIndex
				[
					0, 1, 2, -1,
					2, 1, 3, -1,
					2, 3, 4, -1,
					4, 3, 5, -1,
					4, 5, 6, -1,
					6, 5, 7, -1,
					6, 7, 8, -1,
					8, 7, 9, -1,
					8, 9, 10, -1,
					10, 9, 11, -1,
					10, 11, 12, -1,
					12, 11, 13, -1,
					12, 13, 14, -1,
					11, 15, 13, -1,
					12, 14, 16, -1,
					16, 14, 17, -1,
					16, 17, 18, -1,
					18, 17, 19, -1,
					18, 19, 20, -1,
					20, 19, 21, -1,
					20, 21, 22, -1,
					22, 21, 23, -1,
					22, 23, 24, -1,
					22, 24, 25, -1,
					25, 24, 26, -1,
					25, 26, 27, -1,
					25, 27, 28, -1,
					28, 27, 0, -1,
					28, 0, 2, -1,
					4, 6, 2, -1,
					2, 6, 28, -1,
					25, 28, 18, -1,
					18, 28, 6, -1,
					18, 6, 16, -1,
					16, 6, 8, -1,
					16, 8, 12, -1,
					12, 8, 10, -1,
					18, 20, 25, -1,
					25, 20, 22, -1
				]
				normal Normal
				{
					vector
					[
						0.000 0.244 0.970,
						-0.000 -0.000 1.000,
						0.159 0.085 0.984,
						0.259 -0.000 0.966,
						0.456 0.018 0.890,
						0.500 -0.000 0.866,
						0.518 0.343 0.783,
						0.707 -0.000 0.707,
						0.786 0.202 0.585,
						0.866 -0.000 0.500,
						0.947 0.014 0.320,
						0.966 0.000 0.259,
						0.947 0.298 0.119,
						0.966 0.244 0.086,
						0.866 0.472 0.165,
						1.000 0.000 0.000,
						0.786 0.485 0.384,
						0.707 0.667 0.234,
						0.518 0.626 0.582,
						0.500 0.817 0.286,
						0.456 0.834 0.311,
						0.259 0.912 0.319,
						0.159 0.900 0.405,
						0.000 0.944 0.330,
						0.000 0.835 0.551,
						0.181 0.702 0.689,
						0.000 0.675 0.738,
						0.000 0.474 0.881,
						0.181 0.419 0.890
					]
				}
				normalIndex
				[
					0, 1, 2, -1,
					2, 1, 3, -1,
					2, 3, 4, -1,
					4, 3, 5, -1,
					4, 5, 6, -1,
					6, 5, 7, -1,
					6, 7, 8, -1,
					8, 7, 9, -1,
					8, 9, 10, -1,
					10, 9, 11, -1,
					10, 11, 12, -1,
					12, 11, 13, -1,
					12, 13, 14, -1,
					11, 15, 13, -1,
					12, 14, 16, -1,
					16, 14, 17, -1,
					16, 17, 18, -1,
					18, 17, 19, -1,
					18, 19, 20, -1,
					20, 19, 21, -1,
					20, 21, 22, -1,
					22, 21, 23, -1,
					22, 23, 24, -1,
					22, 24, 25, -1,
					25, 24, 26, -1,
					25, 26, 27, -1,
					25, 27, 28, -1,
					28, 27, 0, -1,
					28, 0, 2, -1,
					4, 6, 2, -1,
					2, 6, 28, -1,
					25, 28, 18, -1,
					18, 28, 6, -1,
					18, 6, 16, -1,
					16, 6, 8, -1,
					16, 8, 12, -1,
					12, 8, 10, -1,
					18, 20, 25, -1,
					25, 20, 22, -1
				]
			}
		}
		Shape
		{
			appearance Appearance
			{
				material Material
				{
					diffuseColor 0.694 0.741 0.788
				}
			}
			geometry IndexedFaceSet
			{
				creaseAngle 0.5
				solid TRUE
				coord Coordinate
				{
					point
					[
						0.185 -4.908 -2.000,
						0.237 -4.908 -2.007,
						0.185 4.908 -2.000,
						0.237 4.908 -2.007,
						0.285 4.908 -2.027,
						0.285 -4.908 -2.027,
						0.326 -4.908 -2.059,
						0.326 4.908 -2.059,
						0.358 -4.908 -2.100,
						0.358 4.908 -2.100,
						0.378 -4.908 -2.148,
						0.378 4.908 -2.148,
						0.385 4.908 -2.200,
						0.385 -4.908 -2.200
					]
				}
				coordIndex
				[
					0, 1, 2, -1,
					2, 1, 3, -1,
					3, 1, 4, -1,
					4, 1, 5, -1,
					4, 5, 6, -1,
					4, 6, 7, -1,
					7, 6, 8, -1,
					7, 8, 9, -1,
					9, 8, 10, -1,
					9, 10, 11, -1,
					11, 10, 12, -1,
					10, 13, 12, -1
				]
				normal Normal
				{
					vector
					[
						0.000 0.000 1.000,
						0.259 0.000 0.966,
						0.500 0.000 0.866,
						0.707 0.000 0.707,
						0.866 0.000 0.500,
						0.966 0.000 0.259,
						1.000 0.000 0.000
					]
				}
				normalIndex
				[
					0, 1, 0, -1,
					0, 1, 1, -1,
					1, 1, 2, -1,
					2, 1, 2, -1,
					2, 2, 3, -1,
					2, 3, 3, -1,
					3, 3, 4, -1,
					3, 4, 4, -1,
					4, 4, 5, -1,
					4, 5, 5, -1,
					5, 5, 6, -1,
					5, 6, 6, -1
				]
			}
		}
		Shape
		{
			appearance Appearance
			{
				material Material
				{
					diffuseColor 0.694 0.741 0.788
				}
			}
			geometry IndexedFaceSet
			{
				creaseAngle 0.5
				solid TRUE
				coord Coordinate
				{
					point
					[
						-0.114 -4.908 -2.000,
						0.185 -4.908 -2.000,
						-0.185 -4.662 -2.000,
						-0.185 4.662 -2.000,
						0.185 4.908 -2.000,
						-0.114 4.908 -2.000
					]
				}
				coordIndex
				[
					0, 1, 2, -1,
					2, 1, 3, -1,
					1, 4, 3, -1,
					3, 4, 5, -1
				]
				normal Normal
				{
					vector
					[
						0.000 0.000 1.000
					]
				}
				normalIndex
				[
					0, 0, 0, -1,
					0, 0, 0, -1,
					0, 0, 0, -1,
					0, 0, 0, -1
				]
			}
		}
		Shape
		{
			appearance Appearance
			{
				material Material
				{
					diffuseColor 0.694 0.741 0.788
				}
			}
			geometry IndexedFaceSet
			{
				creaseAngle 0.5
				solid TRUE
				coord Coordinate
				{
					point
					[
						-0.377 4.717 -2.200,
						-0.371 4.715 -2.148,
						-0.307 4.963 -2.200,
						-0.300 4.961 -2.148,
						-0.351 4.710 -2.100,
						-0.281 4.956 -2.100,
						-0.321 4.701 -2.059,
						-0.250 4.947 -2.059,
						-0.281 4.689 -2.027,
						-0.211 4.936 -2.027,
						-0.235 4.676 -2.007,
						-0.164 4.922 -2.007,
						-0.185 4.662 -2.000,
						-0.114 4.908 -2.000
					]
				}
				coordIndex
				[
					0, 1, 2, -1,
					2, 1, 3, -1,
					1, 4, 3, -1,
					3, 4, 5, -1,
					4, 6, 5, -1,
					5, 6, 7, -1,
					6, 8, 7, -1,
					7, 8, 9, -1,
					8, 10, 9, -1,
					9, 10, 11, -1,
					10, 12, 11, -1,
					11, 12, 13, -1
				]
				normal Normal
				{
					vector
					[
						-0.961 0.276 0.000,
						-0.929 0.266 0.259,
						-0.832 0.239 0.500,
						-0.680 0.195 0.707,
						-0.481 0.138 0.866,
						-0.249 0.071 0.966,
						-0.000 0.000 1.000,
						0.000 -0.000 1.000
					]
				}
				normalIndex
				[
					0, 1, 0, -1,
					0, 1, 1, -1,
					1, 2, 1, -1,
					1, 2, 2, -1,
					2, 3, 2, -1,
					2, 3, 3, -1,
					3, 4, 3, -1,
					3, 4, 4, -1,
					4, 5, 4, -1,
					4, 5, 5, -1,
					5, 6, 5, -1,
					5, 6, 7, -1
				]
			}
		}
		Shape
		{
			appearance Appearance
			{
				material Material
				{
					diffuseColor 0.694 0.741 0.788
				}
			}
			geometry IndexedFaceSet
			{
				creaseAngle 0.5
				solid TRUE
				coord Coordinate
				{
					point
					[
						-0.223 5.255 -6.600,
						-0.377 4.717 -6.600,
						-0.223 5.255 -3.034,
						-0.377 4.717 -2.200,
						-0.307 4.963 -2.200
					]
				}
				coordIndex
				[
					0, 1, 2, -1,
					2, 1, 3, -1,
					2, 3, 4, -1
				]
				normal Normal
				{
					vector
					[
						-0.961 0.276 0.000
					]
				}
				normalIndex
				[
					0, 0, 0, -1,
					0, 0, 0, -1,
					0, 0, 0, -1
				]
			}
		}
		Shape
		{
			appearance Appearance
			{
				material Material
				{
					diffuseColor 0.694 0.741 0.788
				}
			}
			geometry IndexedFaceSet
			{
				creaseAngle 0.5
				solid TRUE
				coord Coordinate
				{
					point
					[
						-0.223 5.255 -3.034,
						-0.212 5.285 -3.034,
						-0.223 5.255 -6.600,
						-0.210 5.290 -6.600,
						-0.196 5.313 -3.034,
						-0.190 5.321 -6.600,
						-0.175 5.338 -3.034,
						-0.165 5.348 -6.600,
						-0.151 5.360 -3.034,
						-0.136 5.370 -6.600,
						-0.124 5.377 -3.034,
						-0.103 5.387 -6.600,
						-0.094 5.390 -3.034,
						-0.067 5.397 -6.600,
						-0.063 5.397 -3.034,
						-0.031 5.400 -6.600,
						-0.031 5.400 -3.034
					]
				}
				coordIndex
				[
					0, 1, 2, -1,
					2, 1, 3, -1,
					1, 4, 3, -1,
					3, 4, 5, -1,
					4, 6, 5, -1,
					5, 6, 7, -1,
					6, 8, 7, -1,
					7, 8, 9, -1,
					8, 10, 9, -1,
					9, 10, 11, -1,
					10, 12, 11, -1,
					11, 12, 13, -1,
					12, 14, 13, -1,
					13, 14, 15, -1,
					14, 16, 15, -1
				]
				normal Normal
				{
					vector
					[
						-0.961 0.276 0.000,
						-0.904 0.427 0.000,
						-0.894 0.448 0.000,
						-0.824 0.566 0.000,
						-0.797 0.604 0.000,
						-0.722 0.692 0.000,
						-0.672 0.740 0.000,
						-0.602 0.799 0.000,
						-0.525 0.851 0.000,
						-0.466 0.885 0.000,
						-0.359 0.933 0.000,
						-0.317 0.948 0.000,
						-0.182 0.983 0.000,
						-0.161 0.987 0.000,
						0.000 1.000 0.000
					]
				}
				normalIndex
				[
					0, 1, 0, -1,
					0, 1, 2, -1,
					1, 3, 2, -1,
					2, 3, 4, -1,
					3, 5, 4, -1,
					4, 5, 6, -1,
					5, 7, 6, -1,
					6, 7, 8, -1,
					7, 9, 8, -1,
					8, 9, 10, -1,
					9, 11, 10, -1,
					10, 11, 12, -1,
					11, 13, 12, -1,
					12, 13, 14, -1,
					13, 14, 14, -1
				]
			}
		}
		Shape
		{
			appearance Appearance
			{
				material Material
				{
					diffuseColor 0.694 0.741 0.788
				}
			}
			geometry IndexedFaceSet
			{
				creaseAngle 0.5
				solid TRUE
				coord Coordinate
				{
					point
					[
						-0.031 5.400 -3.034,
						0.185 5.400 -3.034,
						-0.031 5.400 -6.600,
						0.185 5.400 -6.600
					]
				}
				coordIndex
				[
					0, 1, 2, -1,
					2, 1, 3, -1
				]
				normal Normal
				{
					vector
					[
						-0.000 1.000 0.000
					]
				}
				normalIndex
				[
					0, 0, 0, -1,
					0, 0, 0, -1
				]
			}
		}
		Shape
		{
			appearance Appearance
			{
				material Material
				{
					diffuseColor 0.694 0.741 0.788
				}
			}
			geometry IndexedFaceSet
			{
				creaseAngle 0.5
				solid TRUE
				coord Coordinate
				{
					point
					[
						-0.031 5.389 -2.968,
						0.185 5.389 -2.968,
						-0.031 5.395 -2.989,
						0.185 5.395 -2.989,
						-0.031 5.399 -3.012,
						0.185 5.399 -3.012,
						-0.031 5.400 -3.034,
						0.185 5.400 -3.034
					]
				}
				coordIndex
				[
					0, 1, 2, -1,
					2, 1, 3, -1,
					2, 3, 4, -1,
					4, 3, 5, -1,
					4, 5, 6, -1,
					6, 5, 7, -1
				]
				normal Normal
				{
					vector
					[
						0.000 0.944 0.330,
						0.000 0.975 0.223,
						0.000 0.994 0.112,
						0.000 1.000 0.000
					]
				}
				normalIndex
				[
					0, 0, 1, -1,
					1, 0, 1, -1,
					1, 1, 2, -1,
					2, 1, 2, -1,
					2, 2, 3, -1,
					3, 2, 3, -1
				]
			}
		}
		Shape
		{
			appearance Appearance
			{
				material Material
				{
					diffuseColor 0.694 0.741 0.788
				}
			}
			geometry IndexedFaceSet
			{
				creaseAngle 0.5
				solid TRUE
				coord Coordinate
				{
					point
					[
						-0.223 5.255 -3.034,
						-0.203 5.300 -3.016,
						-0.212 5.285 -3.034,
						-0.196 5.313 -3.034,
						-0.171 5.338 -3.000,
						-0.175 5.338 -3.034,
						-0.151 5.360 -3.034,
						-0.130 5.367 -2.986,
						-0.119 5.376 -2.998,
						-0.082 5.384 -2.975,
						-0.053 5.396 -3.002,
						-0.031 5.389 -2.968,
						-0.031 5.395 -2.989,
						-0.031 5.399 -3.012,
						-0.063 5.397 -3.034,
						-0.094 5.390 -3.034,
						-0.031 5.400 -3.034,
						-0.124 5.377 -3.034
					]
				}
				coordIndex
				[
					0, 1, 2, -1,
					2, 1, 3, -1,
					1, 4, 3, -1,
					3, 4, 5, -1,
					5, 4, 6, -1,
					6, 4, 7, -1,
					6, 7, 8, -1,
					8, 7, 9, -1,
					8, 9, 10, -1,
					10, 9, 11, -1,
					10, 11, 12, -1,
					12, 13, 10, -1,
					10, 13, 14, -1,
					10, 14, 15, -1,
					13, 16, 14, -1,
					10, 15, 8, -1,
					8, 15, 17, -1,
					8, 17, 6, -1
				]
				normal Normal
				{
					vector
					[
						-0.961 0.276 -0.000,
						-0.862 0.500 0.088,
						-0.904 0.427 -0.000,
						-0.824 0.566 -0.000,
						-0.703 0.690 0.171,
						-0.722 0.692 -0.000,
						-0.602 0.799 -0.000,
						-0.497 0.833 0.242,
						-0.444 0.878 0.181,
						-0.257 0.920 0.296,
						-0.113 0.981 0.159,
						-0.000 0.944 0.330,
						-0.000 0.975 0.223,
						-0.000 0.994 0.112,
						-0.161 0.987 0.000,
						-0.317 0.948 0.000,
						0.000 1.000 0.000,
						-0.466 0.885 -0.000
					]
				}
				normalIndex
				[
					0, 1, 2, -1,
					2, 1, 3, -1,
					1, 4, 3, -1,
					3, 4, 5, -1,
					5, 4, 6, -1,
					6, 4, 7, -1,
					6, 7, 8, -1,
					8, 7, 9, -1,
					8, 9, 10, -1,
					10, 9, 11, -1,
					10, 11, 12, -1,
					12, 13, 10, -1,
					10, 13, 14, -1,
					10, 14, 15, -1,
					13, 16, 14, -1,
					10, 15, 8, -1,
					8, 15, 17, -1,
					8, 17, 6, -1
				]
			}
		}
		Shape
		{
			appearance Appearance
			{
				material Material
				{
					diffuseColor 0.694 0.741 0.788
				}
			}
			geometry IndexedFaceSet
			{
				creaseAngle 0.5
				solid TRUE
				coord Coordinate
				{
					point
					[
						-0.031 5.389 -2.968,
						-0.082 5.384 -2.975,
						-0.114 5.097 -2.134,
						-0.166 5.092 -2.141,
						-0.214 5.075 -2.152,
						-0.130 5.367 -2.986,
						-0.171 5.338 -3.000,
						-0.255 5.046 -2.166,
						-0.203 5.300 -3.016,
						-0.287 5.008 -2.182,
						-0.223 5.255 -3.034,
						-0.307 4.963 -2.200
					]
				}
				coordIndex
				[
					0, 1, 2, -1,
					2, 1, 3, -1,
					3, 1, 4, -1,
					4, 1, 5, -1,
					4, 5, 6, -1,
					4, 6, 7, -1,
					7, 6, 8, -1,
					7, 8, 9, -1,
					9, 8, 10, -1,
					9, 10, 11, -1
				]
				normal Normal
				{
					vector
					[
						-0.000 0.944 0.330,
						-0.257 0.920 0.296,
						0.000 0.944 0.330,
						-0.497 0.833 0.242,
						-0.703 0.690 0.171,
						-0.862 0.500 0.088,
						-0.961 0.276 0.000
					]
				}
				normalIndex
				[
					0, 1, 2, -1,
					2, 1, 1, -1,
					1, 1, 3, -1,
					3, 1, 3, -1,
					3, 3, 4, -1,
					3, 4, 4, -1,
					4, 4, 5, -1,
					4, 5, 5, -1,
					5, 5, 6, -1,
					5, 6, 6, -1
				]
			}
		}
		Shape
		{
			appearance Appearance
			{
				material Material
				{
					diffuseColor 0.694 0.741 0.788
				}
			}
			geometry IndexedFaceSet
			{
				creaseAngle 0.5
				solid TRUE
				coord Coordinate
				{
					point
					[
						-0.114 5.075 -2.090,
						-0.114 5.097 -2.134,
						-0.146 5.088 -2.119,
						-0.166 5.092 -2.141,
						-0.206 5.075 -2.138,
						-0.214 5.075 -2.152,
						-0.255 5.046 -2.166,
						-0.307 4.963 -2.200,
						-0.304 4.968 -2.176,
						-0.287 5.008 -2.182,
						-0.272 5.005 -2.123,
						-0.218 5.033 -2.084,
						-0.300 4.961 -2.148,
						-0.281 4.956 -2.100,
						-0.250 4.947 -2.059,
						-0.218 4.977 -2.043,
						-0.211 4.936 -2.027,
						-0.151 4.992 -2.022,
						-0.164 4.922 -2.007,
						-0.146 4.925 -2.003,
						-0.114 4.908 -2.000,
						-0.114 4.957 -2.006,
						-0.114 5.003 -2.024,
						-0.114 5.043 -2.052,
						-0.151 5.048 -2.062
					]
				}
				coordIndex
				[
					0, 1, 2, -1,
					2, 1, 3, -1,
					2, 3, 4, -1,
					4, 3, 5, -1,
					4, 5, 6, -1,
					7, 8, 9, -1,
					9, 8, 10, -1,
					9, 10, 6, -1,
					6, 10, 11, -1,
					6, 11, 4, -1,
					4, 11, 2, -1,
					7, 12, 8, -1,
					8, 12, 10, -1,
					12, 13, 10, -1,
					10, 13, 14, -1,
					10, 14, 15, -1,
					15, 14, 16, -1,
					15, 16, 17, -1,
					17, 16, 18, -1,
					17, 18, 19, -1,
					19, 18, 20, -1,
					19, 20, 21, -1,
					19, 21, 17, -1,
					17, 21, 22, -1,
					17, 22, 23, -1,
					17, 23, 24, -1,
					24, 23, 0, -1,
					24, 0, 2, -1,
					2, 11, 24, -1,
					24, 11, 15, -1,
					24, 15, 17, -1,
					15, 11, 10, -1
				]
				normal Normal
				{
					vector
					[
						0.000 0.835 0.551,
						-0.000 0.944 0.330,
						-0.159 0.900 0.405,
						-0.257 0.920 0.296,
						-0.456 0.834 0.311,
						-0.497 0.833 0.242,
						-0.703 0.690 0.171,
						-0.961 0.276 -0.000,
						-0.947 0.298 0.119,
						-0.862 0.500 0.088,
						-0.786 0.485 0.384,
						-0.518 0.626 0.582,
						-0.929 0.266 0.259,
						-0.832 0.239 0.500,
						-0.680 0.195 0.707,
						-0.518 0.343 0.783,
						-0.481 0.138 0.866,
						-0.181 0.419 0.890,
						-0.249 0.071 0.966,
						-0.159 0.085 0.984,
						0.000 0.000 1.000,
						0.000 0.244 0.970,
						0.000 0.474 0.881,
						0.000 0.675 0.738,
						-0.181 0.702 0.689
					]
				}
				normalIndex
				[
					0, 1, 2, -1,
					2, 1, 3, -1,
					2, 3, 4, -1,
					4, 3, 5, -1,
					4, 5, 6, -1,
					7, 8, 9, -1,
					9, 8, 10, -1,
					9, 10, 6, -1,
					6, 10, 11, -1,
					6, 11, 4, -1,
					4, 11, 2, -1,
					7, 12, 8, -1,
					8, 12, 10, -1,
					12, 13, 10, -1,
					10, 13, 14, -1,
					10, 14, 15, -1,
					15, 14, 16, -1,
					15, 16, 17, -1,
					17, 16, 18, -1,
					17, 18, 19, -1,
					19, 18, 20, -1,
					19, 20, 21, -1,
					19, 21, 17, -1,
					17, 21, 22, -1,
					17, 22, 23, -1,
					17, 23, 24, -1,
					24, 23, 0, -1,
					24, 0, 2, -1,
					2, 11, 24, -1,
					24, 11, 15, -1,
					24, 15, 17, -1,
					15, 11, 10, -1
				]
			}
		}
		Shape
		{
			appearance Appearance
			{
				material Material
				{
					diffuseColor 0.694 0.741 0.788
				}
			}
			geometry IndexedFaceSet
			{
				creaseAngle 0.5
				solid TRUE
				coord Coordinate
				{
					point
					[
						-0.114 -5.097 -2.134,
						0.185 -5.097 -2.134,
						-0.114 -5.075 -2.090,
						0.185 -5.075 -2.090,
						0.185 -5.043 -2.052,
						-0.114 -5.043 -2.052,
						0.185 -5.003 -2.024,
						-0.114 -5.003 -2.024,
						0.185 -4.957 -2.006,
						-0.114 -4.957 -2.006,
						-0.114 -4.908 -2.000,
						0.185 -4.908 -2.000
					]
				}
				coordIndex
				[
					0, 1, 2, -1,
					2, 1, 3, -1,
					2, 3, 4, -1,
					2, 4, 5, -1,
					5, 4, 6, -1,
					5, 6, 7, -1,
					7, 6, 8, -1,
					7, 8, 9, -1,
					9, 8, 10, -1,
					8, 11, 10, -1
				]
				normal Normal
				{
					vector
					[
						0.000 -0.944 0.330,
						0.000 -0.835 0.551,
						0.000 -0.675 0.738,
						0.000 -0.474 0.881,
						0.000 -0.244 0.970,
						0.000 0.000 1.000
					]
				}
				normalIndex
				[
					0, 0, 1, -1,
					1, 0, 1, -1,
					1, 1, 2, -1,
					1, 2, 2, -1,
					2, 2, 3, -1,
					2, 3, 3, -1,
					3, 3, 4, -1,
					3, 4, 4, -1,
					4, 4, 5, -1,
					4, 5, 5, -1
				]
			}
		}
		Shape
		{
			appearance Appearance
			{
				material Material
				{
					diffuseColor 0.694 0.741 0.788
				}
			}
			geometry IndexedFaceSet
			{
				creaseAngle 0.5
				solid TRUE
				coord Coordinate
				{
					point
					[
						-0.114 -4.957 -2.006,
						-0.114 -4.908 -2.000,
						-0.146 -4.925 -2.003,
						-0.164 -4.922 -2.007,
						-0.151 -4.992 -2.022,
						-0.211 -4.936 -2.027,
						-0.218 -4.977 -2.043,
						-0.250 -4.947 -2.059,
						-0.272 -5.005 -2.123,
						-0.281 -4.956 -2.100,
						-0.300 -4.961 -2.148,
						-0.304 -4.968 -2.176,
						-0.307 -4.963 -2.200,
						-0.287 -5.008 -2.182,
						-0.255 -5.046 -2.166,
						-0.218 -5.033 -2.084,
						-0.206 -5.075 -2.138,
						-0.151 -5.048 -2.062,
						-0.146 -5.088 -2.119,
						-0.114 -5.075 -2.090,
						-0.114 -5.097 -2.134,
						-0.214 -5.075 -2.152,
						-0.166 -5.092 -2.141,
						-0.114 -5.043 -2.052,
						-0.114 -5.003 -2.024
					]
				}
				coordIndex
				[
					0, 1, 2, -1,
					2, 1, 3, -1,
					2, 3, 4, -1,
					4, 3, 5, -1,
					4, 5, 6, -1,
					6, 5, 7, -1,
					6, 7, 8, -1,
					8, 7, 9, -1,
					8, 9, 10, -1,
					8, 10, 11, -1,
					11, 10, 12, -1,
					11, 12, 13, -1,
					11, 13, 8, -1,
					8, 13, 14, -1,
					8, 14, 15, -1,
					15, 14, 16, -1,
					15, 16, 17, -1,
					17, 16, 18, -1,
					17, 18, 19, -1,
					19, 18, 20, -1,
					14, 21, 16, -1,
					16, 21, 22, -1,
					16, 22, 18, -1,
					18, 22, 20, -1,
					19, 23, 17, -1,
					17, 23, 24, -1,
					17, 24, 4, -1,
					4, 24, 0, -1,
					4, 0, 2, -1,
					17, 4, 15, -1,
					15, 4, 6, -1,
					15, 6, 8, -1
				]
				normal Normal
				{
					vector
					[
						0.000 -0.244 0.970,
						-0.000 0.000 1.000,
						-0.159 -0.085 0.984,
						-0.249 -0.071 0.966,
						-0.181 -0.419 0.890,
						-0.481 -0.138 0.866,
						-0.518 -0.343 0.783,
						-0.680 -0.195 0.707,
						-0.786 -0.485 0.384,
						-0.832 -0.239 0.500,
						-0.929 -0.266 0.259,
						-0.947 -0.298 0.119,
						-0.961 -0.276 -0.000,
						-0.862 -0.500 0.088,
						-0.703 -0.690 0.171,
						-0.518 -0.626 0.582,
						-0.456 -0.834 0.311,
						-0.181 -0.702 0.689,
						-0.159 -0.900 0.405,
						0.000 -0.835 0.551,
						0.000 -0.944 0.330,
						-0.497 -0.833 0.242,
						-0.257 -0.920 0.296,
						0.000 -0.675 0.738,
						0.000 -0.474 0.881
					]
				}
				normalIndex
				[
					0, 1, 2, -1,
					2, 1, 3, -1,
					2, 3, 4, -1,
					4, 3, 5, -1,
					4, 5, 6, -1,
					6, 5, 7, -1,
					6, 7, 8, -1,
					8, 7, 9, -1,
					8, 9, 10, -1,
					8, 10, 11, -1,
					11, 10, 12, -1,
					11, 12, 13, -1,
					11, 13, 8, -1,
					8, 13, 14, -1,
					8, 14, 15, -1,
					15, 14, 16, -1,
					15, 16, 17, -1,
					17, 16, 18, -1,
					17, 18, 19, -1,
					19, 18, 20, -1,
					14, 21, 16, -1,
					16, 21, 22, -1,
					16, 22, 18, -1,
					18, 22, 20, -1,
					19, 23, 17, -1,
					17, 23, 24, -1,
					17, 24, 4, -1,
					4, 24, 0, -1,
					4, 0, 2, -1,
					17, 4, 15, -1,
					15, 4, 6, -1,
					15, 6, 8, -1
				]
			}
		}
		Shape
		{
			appearance Appearance
			{
				material Material
				{
					diffuseColor 0.694 0.741 0.788
				}
			}
			geometry IndexedFaceSet
			{
				creaseAngle 0.5
				solid TRUE
				coord Coordinate
				{
					point
					[
						-0.114 -5.097 -2.134,
						-0.166 -5.092 -2.141,
						-0.031 -5.389 -2.968,
						-0.082 -5.384 -2.975,
						-0.214 -5.075 -2.152,
						-0.130 -5.367 -2.986,
						-0.255 -5.046 -2.166,
						-0.171 -5.338 -3.000,
						-0.287 -5.008 -2.182,
						-0.203 -5.300 -3.016,
						-0.307 -4.963 -2.200,
						-0.223 -5.255 -3.034
					]
				}
				coordIndex
				[
					0, 1, 2, -1,
					2, 1, 3, -1,
					1, 4, 3, -1,
					3, 4, 5, -1,
					4, 6, 5, -1,
					5, 6, 7, -1,
					6, 8, 7, -1,
					7, 8, 9, -1,
					8, 10, 9, -1,
					9, 10, 11, -1
				]
				normal Normal
				{
					vector
					[
						0.000 -0.944 0.330,
						-0.257 -0.920 0.296,
						-0.000 -0.944 0.330,
						-0.497 -0.833 0.242,
						-0.703 -0.690 0.171,
						-0.862 -0.500 0.088,
						-0.961 -0.276 0.000
					]
				}
				normalIndex
				[
					0, 1, 2, -1,
					2, 1, 1, -1,
					1, 3, 1, -1,
					1, 3, 3, -1,
					3, 4, 3, -1,
					3, 4, 4, -1,
					4, 5, 4, -1,
					4, 5, 5, -1,
					5, 6, 5, -1,
					5, 6, 6, -1
				]
			}
		}
		Shape
		{
			appearance Appearance
			{
				material Material
				{
					diffuseColor 0.694 0.741 0.788
				}
			}
			geometry IndexedFaceSet
			{
				creaseAngle 0.5
				solid TRUE
				coord Coordinate
				{
					point
					[
						0.185 -5.389 -2.968,
						0.185 -5.097 -2.134,
						-0.031 -5.389 -2.968,
						-0.114 -5.097 -2.134
					]
				}
				coordIndex
				[
					0, 1, 2, -1,
					2, 1, 3, -1
				]
				normal Normal
				{
					vector
					[
						-0.000 -0.944 0.330
					]
				}
				normalIndex
				[
					0, 0, 0, -1,
					0, 0, 0, -1
				]
			}
		}
		Shape
		{
			appearance Appearance
			{
				material Material
				{
					diffuseColor 0.694 0.741 0.788
				}
			}
			geometry IndexedFaceSet
			{
				creaseAngle 0.5
				solid TRUE
				coord Coordinate
				{
					point
					[
						0.185 -5.389 -2.968,
						0.237 -5.382 -2.970,
						0.185 -5.097 -2.134,
						0.237 -5.090 -2.136,
						0.285 -5.072 -2.143,
						0.285 -5.363 -2.977,
						0.326 -5.333 -2.987,
						0.326 -5.042 -2.153,
						0.358 -5.294 -3.001,
						0.358 -5.002 -2.167,
						0.378 -5.249 -3.017,
						0.378 -4.957 -2.183,
						0.385 -4.908 -2.200,
						0.385 -5.200 -3.034
					]
				}
				coordIndex
				[
					0, 1, 2, -1,
					2, 1, 3, -1,
					3, 1, 4, -1,
					4, 1, 5, -1,
					4, 5, 6, -1,
					4, 6, 7, -1,
					7, 6, 8, -1,
					7, 8, 9, -1,
					9, 8, 10, -1,
					9, 10, 11, -1,
					11, 10, 12, -1,
					10, 13, 12, -1
				]
				normal Normal
				{
					vector
					[
						0.000 -0.944 0.330,
						0.259 -0.912 0.319,
						0.500 -0.817 0.286,
						0.707 -0.667 0.234,
						0.866 -0.472 0.165,
						0.966 -0.244 0.086,
						1.000 -0.000 0.000
					]
				}
				normalIndex
				[
					0, 1, 0, -1,
					0, 1, 1, -1,
					1, 1, 2, -1,
					2, 1, 2, -1,
					2, 2, 3, -1,
					2, 3, 3, -1,
					3, 3, 4, -1,
					3, 4, 4, -1,
					4, 4, 5, -1,
					4, 5, 5, -1,
					5, 5, 6, -1,
					5, 6, 6, -1
				]
			}
		}
		Shape
		{
			appearance Appearance
			{
				material Material
				{
					diffuseColor 0.694 0.741 0.788
				}
			}
			geometry IndexedFaceSet
			{
				creaseAngle 0.5
				solid TRUE
				coord Coordinate
				{
					point
					[
						0.185 -5.075 -2.090,
						0.185 -5.097 -2.134,
						0.217 -5.088 -2.119,
						0.237 -5.090 -2.136,
						0.276 -5.075 -2.138,
						0.285 -5.072 -2.143,
						0.289 -5.033 -2.084,
						0.326 -5.042 -2.153,
						0.342 -5.005 -2.123,
						0.358 -5.002 -2.167,
						0.374 -4.968 -2.176,
						0.378 -4.957 -2.183,
						0.374 -4.911 -2.136,
						0.378 -4.908 -2.148,
						0.358 -4.908 -2.100,
						0.385 -4.908 -2.200,
						0.342 -4.948 -2.083,
						0.326 -4.908 -2.059,
						0.289 -4.977 -2.043,
						0.285 -4.908 -2.027,
						0.276 -4.912 -2.022,
						0.237 -4.908 -2.007,
						0.217 -4.925 -2.003,
						0.185 -4.908 -2.000,
						0.185 -4.957 -2.006,
						0.221 -4.992 -2.022,
						0.185 -5.003 -2.024,
						0.185 -5.043 -2.052,
						0.221 -5.048 -2.062
					]
				}
				coordIndex
				[
					0, 1, 2, -1,
					2, 1, 3, -1,
					2, 3, 4, -1,
					4, 3, 5, -1,
					4, 5, 6, -1,
					6, 5, 7, -1,
					6, 7, 8, -1,
					8, 7, 9, -1,
					8, 9, 10, -1,
					10, 9, 11, -1,
					10, 11, 12, -1,
					12, 11, 13, -1,
					12, 13, 14, -1,
					11, 15, 13, -1,
					12, 14, 16, -1,
					16, 14, 17, -1,
					16, 17, 18, -1,
					18, 17, 19, -1,
					18, 19, 20, -1,
					20, 19, 21, -1,
					20, 21, 22, -1,
					22, 21, 23, -1,
					22, 23, 24, -1,
					22, 24, 25, -1,
					25, 24, 26, -1,
					25, 26, 27, -1,
					25, 27, 28, -1,
					28, 27, 0, -1,
					28, 0, 2, -1,
					4, 6, 2, -1,
					2, 6, 28, -1,
					25, 28, 18, -1,
					18, 28, 6, -1,
					18, 6, 16, -1,
					16, 6, 8, -1,
					16, 8, 12, -1,
					12, 8, 10, -1,
					18, 20, 25, -1,
					25, 20, 22, -1
				]
				normal Normal
				{
					vector
					[
						-0.000 -0.835 0.551,
						-0.000 -0.944 0.330,
						0.159 -0.900 0.405,
						0.259 -0.912 0.319,
						0.456 -0.834 0.311,
						0.500 -0.817 0.286,
						0.518 -0.626 0.582,
						0.707 -0.667 0.234,
						0.786 -0.485 0.384,
						0.866 -0.472 0.165,
						0.947 -0.298 0.119,
						0.966 -0.244 0.086,
						0.947 -0.014 0.320,
						0.966 -0.000 0.259,
						0.866 -0.000 0.500,
						1.000 -0.000 0.000,
						0.786 -0.202 0.585,
						0.707 0.000 0.707,
						0.518 -0.343 0.783,
						0.500 -0.000 0.866,
						0.456 -0.018 0.890,
						0.259 0.000 0.966,
						0.159 -0.085 0.984,
						0.000 0.000 1.000,
						-0.000 -0.244 0.970,
						0.181 -0.419 0.890,
						-0.000 -0.474 0.881,
						-0.000 -0.675 0.738,
						0.181 -0.702 0.689
					]
				}
				normalIndex
				[
					0, 1, 2, -1,
					2, 1, 3, -1,
					2, 3, 4, -1,
					4, 3, 5, -1,
					4, 5, 6, -1,
					6, 5, 7, -1,
					6, 7, 8, -1,
					8, 7, 9, -1,
					8, 9, 10, -1,
					10, 9, 11, -1,
					10, 11, 12, -1,
					12, 11, 13, -1,
					12, 13, 14, -1,
					11, 15, 13, -1,
					12, 14, 16, -1,
					16, 14, 17, -1,
					16, 17, 18, -1,
					18, 17, 19, -1,
					18, 19, 20, -1,
					20, 19, 21, -1,
					20, 21, 22, -1,
					22, 21, 23, -1,
					22, 23, 24, -1,
					22, 24, 25, -1,
					25, 24, 26, -1,
					25, 26, 27, -1,
					25, 27, 28, -1,
					28, 27, 0, -1,
					28, 0, 2, -1,
					4, 6, 2, -1,
					2, 6, 28, -1,
					25, 28, 18, -1,
					18, 28, 6, -1,
					18, 6, 16, -1,
					16, 6, 8, -1,
					16, 8, 12, -1,
					12, 8, 10, -1,
					18, 20, 25, -1,
					25, 20, 22, -1
				]
			}
		}
		Shape
		{
			appearance Appearance
			{
				material Material
				{
					diffuseColor 0.694 0.741 0.788
				}
			}
			geometry IndexedFaceSet
			{
				creaseAngle 0.5
				solid TRUE
				coord Coordinate
				{
					point
					[
						0.385 -5.200 -3.034,
						0.378 -5.249 -3.017,
						0.381 -5.239 -3.034,
						0.370 -5.277 -3.034,
						0.358 -5.294 -3.001,
						0.351 -5.311 -3.034,
						0.346 -5.312 -2.998,
						0.326 -5.333 -2.987,
						0.297 -5.361 -2.998,
						0.285 -5.363 -2.977,
						0.235 -5.391 -3.002,
						0.237 -5.382 -2.970,
						0.185 -5.395 -2.989,
						0.185 -5.389 -2.968,
						0.185 -5.399 -3.012,
						0.224 -5.396 -3.034,
						0.262 -5.385 -3.034,
						0.185 -5.400 -3.034,
						0.296 -5.366 -3.034,
						0.326 -5.341 -3.034
					]
				}
				coordIndex
				[
					0, 1, 2, -1,
					2, 1, 3, -1,
					1, 4, 3, -1,
					3, 4, 5, -1,
					5, 4, 6, -1,
					6, 4, 7, -1,
					6, 7, 8, -1,
					8, 7, 9, -1,
					8, 9, 10, -1,
					10, 9, 11, -1,
					10, 11, 12, -1,
					12, 11, 13, -1,
					12, 14, 10, -1,
					10, 14, 15, -1,
					10, 15, 16, -1,
					14, 17, 15, -1,
					10, 16, 8, -1,
					8, 16, 18, -1,
					8, 18, 19, -1,
					8, 19, 6, -1,
					6, 19, 5, -1
				]
				normal Normal
				{
					vector
					[
						1.000 0.000 -0.000,
						0.966 -0.244 0.086,
						0.981 -0.195 -0.000,
						0.924 -0.383 -0.000,
						0.866 -0.472 0.165,
						0.831 -0.556 -0.000,
						0.807 -0.562 0.181,
						0.707 -0.667 0.234,
						0.562 -0.807 0.181,
						0.500 -0.817 0.286,
						0.248 -0.955 0.159,
						0.259 -0.912 0.319,
						0.000 -0.975 0.223,
						0.000 -0.944 0.330,
						0.000 -0.994 0.112,
						0.195 -0.981 0.000,
						0.383 -0.924 0.000,
						-0.000 -1.000 0.000,
						0.556 -0.831 -0.000,
						0.707 -0.707 -0.000
					]
				}
				normalIndex
				[
					0, 1, 2, -1,
					2, 1, 3, -1,
					1, 4, 3, -1,
					3, 4, 5, -1,
					5, 4, 6, -1,
					6, 4, 7, -1,
					6, 7, 8, -1,
					8, 7, 9, -1,
					8, 9, 10, -1,
					10, 9, 11, -1,
					10, 11, 12, -1,
					12, 11, 13, -1,
					12, 14, 10, -1,
					10, 14, 15, -1,
					10, 15, 16, -1,
					14, 17, 15, -1,
					10, 16, 8, -1,
					8, 16, 18, -1,
					8, 18, 19, -1,
					8, 19, 6, -1,
					6, 19, 5, -1
				]
			}
		}
		Shape
		{
			appearance Appearance
			{
				material Material
				{
					diffuseColor 0.694 0.741 0.788
				}
			}
			geometry IndexedFaceSet
			{
				creaseAngle 0.5
				solid TRUE
				coord Coordinate
				{
					point
					[
						0.185 -5.389 -2.968,
						-0.031 -5.389 -2.968,
						0.185 -5.395 -2.989,
						-0.031 -5.395 -2.989,
						0.185 -5.399 -3.012,
						-0.031 -5.399 -3.012,
						0.185 -5.400 -3.034,
						-0.031 -5.400 -3.034
					]
				}
				coordIndex
				[
					0, 1, 2, -1,
					2, 1, 3, -1,
					2, 3, 4, -1,
					4, 3, 5, -1,
					4, 5, 6, -1,
					6, 5, 7, -1
				]
				normal Normal
				{
					vector
					[
						0.000 -0.944 0.330,
						0.000 -0.975 0.223,
						0.000 -0.994 0.112,
						0.000 -1.000 0.000
					]
				}
				normalIndex
				[
					0, 0, 1, -1,
					1, 0, 1, -1,
					1, 1, 2, -1,
					2, 1, 2, -1,
					2, 2, 3, -1,
					3, 2, 3, -1
				]
			}
		}
		Shape
		{
			appearance Appearance
			{
				material Material
				{
					diffuseColor 0.694 0.741 0.788
				}
			}
			geometry IndexedFaceSet
			{
				creaseAngle 0.5
				solid TRUE
				coord Coordinate
				{
					point
					[
						0.185 -5.400 -6.600,
						0.185 -5.400 -3.034,
						-0.031 -5.400 -6.600,
						-0.031 -5.400 -3.034
					]
				}
				coordIndex
				[
					0, 1, 2, -1,
					2, 1, 3, -1
				]
				normal Normal
				{
					vector
					[
						0.000 -1.000 0.000
					]
				}
				normalIndex
				[
					0, 0, 0, -1,
					0, 0, 0, -1
				]
			}
		}
		Shape
		{
			appearance Appearance
			{
				material Material
				{
					diffuseColor 0.694 0.741 0.788
				}
			}
			geometry IndexedFaceSet
			{
				creaseAngle 0.5
				solid TRUE
				coord Coordinate
				{
					point
					[
						-0.031 -5.400 -3.034,
						-0.063 -5.397 -3.034,
						-0.031 -5.400 -6.600,
						-0.067 -5.397 -6.600,
						-0.094 -5.390 -3.034,
						-0.103 -5.386 -6.600,
						-0.124 -5.377 -3.034,
						-0.136 -5.370 -6.600,
						-0.151 -5.360 -3.034,
						-0.165 -5.348 -6.600,
						-0.175 -5.338 -3.034,
						-0.190 -5.321 -6.600,
						-0.196 -5.313 -3.034,
						-0.210 -5.289 -6.600,
						-0.212 -5.285 -3.034,
						-0.223 -5.255 -6.600,
						-0.223 -5.255 -3.034
					]
				}
				coordIndex
				[
					0, 1, 2, -1,
					2, 1, 3, -1,
					1, 4, 3, -1,
					3, 4, 5, -1,
					4, 6, 5, -1,
					5, 6, 7, -1,
					6, 8, 7, -1,
					7, 8, 9, -1,
					8, 10, 9, -1,
					9, 10, 11, -1,
					10, 12, 11, -1,
					11, 12, 13, -1,
					12, 14, 13, -1,
					13, 14, 15, -1,
					14, 16, 15, -1
				]
				normal Normal
				{
					vector
					[
						0.000 -1.000 0.000,
						-0.161 -0.987 0.000,
						-0.184 -0.983 0.000,
						-0.317 -0.948 0.000,
						-0.361 -0.932 0.000,
						-0.466 -0.885 0.000,
						-0.526 -0.850 0.000,
						-0.602 -0.799 0.000,
						-0.674 -0.739 0.000,
						-0.722 -0.692 0.000,
						-0.798 -0.603 0.000,
						-0.824 -0.566 0.000,
						-0.895 -0.446 0.000,
						-0.904 -0.427 0.000,
						-0.961 -0.276 0.000
					]
				}
				normalIndex
				[
					0, 1, 0, -1,
					0, 1, 2, -1,
					1, 3, 2, -1,
					2, 3, 4, -1,
					3, 5, 4, -1,
					4, 5, 6, -1,
					5, 7, 6, -1,
					6, 7, 8, -1,
					7, 9, 8, -1,
					8, 9, 10, -1,
					9, 11, 10, -1,
					10, 11, 12, -1,
					11, 13, 12, -1,
					12, 13, 14, -1,
					13, 14, 14, -1
				]
			}
		}
		Shape
		{
			appearance Appearance
			{
				material Material
				{
					diffuseColor 0.694 0.741 0.788
				}
			}
			geometry IndexedFaceSet
			{
				creaseAngle 0.5
				solid TRUE
				coord Coordinate
				{
					point
					[
						-0.223 -5.255 -6.600,
						-0.223 -5.255 -3.034,
						-0.377 -4.717 -6.600,
						-0.377 -4.717 -2.200,
						-0.307 -4.963 -2.200
					]
				}
				coordIndex
				[
					0, 1, 2, -1,
					2, 1, 3, -1,
					1, 4, 3, -1
				]
				normal Normal
				{
					vector
					[
						-0.961 -0.276 0.000
					]
				}
				normalIndex
				[
					0, 0, 0, -1,
					0, 0, 0, -1,
					0, 0, 0, -1
				]
			}
		}
		Shape
		{
			appearance Appearance
			{
				material Material
				{
					diffuseColor 0.694 0.741 0.788
				}
			}
			geometry IndexedFaceSet
			{
				creaseAngle 0.5
				solid TRUE
				coord Coordinate
				{
					point
					[
						-0.377 -4.717 -2.200,
						-0.307 -4.963 -2.200,
						-0.371 -4.715 -2.148,
						-0.300 -4.961 -2.148,
						-0.281 -4.956 -2.100,
						-0.351 -4.710 -2.100,
						-0.250 -4.947 -2.059,
						-0.321 -4.701 -2.059,
						-0.211 -4.936 -2.027,
						-0.281 -4.689 -2.027,
						-0.235 -4.676 -2.007,
						-0.164 -4.922 -2.007,
						-0.114 -4.908 -2.000,
						-0.185 -4.662 -2.000
					]
				}
				coordIndex
				[
					0, 1, 2, -1,
					2, 1, 3, -1,
					2, 3, 4, -1,
					2, 4, 5, -1,
					5, 4, 6, -1,
					5, 6, 7, -1,
					7, 6, 8, -1,
					7, 8, 9, -1,
					9, 8, 10, -1,
					8, 11, 10, -1,
					10, 11, 12, -1,
					10, 12, 13, -1
				]
				normal Normal
				{
					vector
					[
						-0.961 -0.276 0.000,
						-0.929 -0.266 0.259,
						-0.832 -0.239 0.500,
						-0.680 -0.195 0.707,
						-0.481 -0.138 0.866,
						-0.249 -0.071 0.966,
						-0.000 -0.000 1.000
					]
				}
				normalIndex
				[
					0, 0, 1, -1,
					1, 0, 1, -1,
					1, 1, 2, -1,
					1, 2, 2, -1,
					2, 2, 3, -1,
					2, 3, 3, -1,
					3, 3, 4, -1,
					3, 4, 4, -1,
					4, 4, 5, -1,
					4, 5, 5, -1,
					5, 5, 6, -1,
					5, 6, 6, -1
				]
			}
		}
		Shape
		{
			appearance Appearance
			{
				material Material
				{
					diffuseColor 0.694 0.741 0.788
				}
			}
			geometry IndexedFaceSet
			{
				creaseAngle 0.5
				solid TRUE
				coord Coordinate
				{
					point
					[
						-0.031 -5.400 -3.034,
						-0.031 -5.399 -3.012,
						-0.063 -5.397 -3.034,
						-0.053 -5.396 -3.002,
						-0.094 -5.390 -3.034,
						-0.119 -5.376 -2.998,
						-0.124 -5.377 -3.034,
						-0.151 -5.360 -3.034,
						-0.031 -5.395 -2.989,
						-0.031 -5.389 -2.968,
						-0.082 -5.384 -2.975,
						-0.130 -5.367 -2.986,
						-0.171 -5.338 -3.000,
						-0.175 -5.338 -3.034,
						-0.196 -5.313 -3.034,
						-0.203 -5.300 -3.016,
						-0.212 -5.285 -3.034,
						-0.223 -5.255 -3.034
					]
				}
				coordIndex
				[
					0, 1, 2, -1,
					2, 1, 3, -1,
					2, 3, 4, -1,
					4, 3, 5, -1,
					4, 5, 6, -1,
					6, 5, 7, -1,
					1, 8, 3, -1,
					3, 8, 9, -1,
					3, 9, 10, -1,
					3, 10, 5, -1,
					5, 10, 11, -1,
					5, 11, 7, -1,
					7, 11, 12, -1,
					7, 12, 13, -1,
					13, 12, 14, -1,
					12, 15, 14, -1,
					14, 15, 16, -1,
					15, 17, 16, -1
				]
				normal Normal
				{
					vector
					[
						0.000 -1.000 -0.000,
						-0.000 -0.994 0.112,
						-0.161 -0.987 0.000,
						-0.113 -0.981 0.159,
						-0.317 -0.948 0.000,
						-0.444 -0.878 0.181,
						-0.466 -0.885 0.000,
						-0.602 -0.799 -0.000,
						-0.000 -0.975 0.223,
						-0.000 -0.944 0.330,
						-0.257 -0.920 0.296,
						-0.497 -0.833 0.242,
						-0.703 -0.690 0.171,
						-0.722 -0.692 -0.000,
						-0.824 -0.566 -0.000,
						-0.862 -0.500 0.088,
						-0.904 -0.427 -0.000,
						-0.961 -0.276 0.000
					]
				}
				normalIndex
				[
					0, 1, 2, -1,
					2, 1, 3, -1,
					2, 3, 4, -1,
					4, 3, 5, -1,
					4, 5, 6, -1,
					6, 5, 7, -1,
					1, 8, 3, -1,
					3, 8, 9, -1,
					3, 9, 10, -1,
					3, 10, 5, -1,
					5, 10, 11, -1,
					5, 11, 7, -1,
					7, 11, 12, -1,
					7, 12, 13, -1,
					13, 12, 14, -1,
					12, 15, 14, -1,
					14, 15, 16, -1,
					15, 17, 16, -1
				]
			}
		}
		Shape
		{
			appearance Appearance
			{
				material Material
				{
					diffuseColor 0.694 0.741 0.788
				}
			}
			geometry IndexedFaceSet
			{
				creaseAngle 0.5
				solid TRUE
				coord Coordinate
				{
					point
					[
						-1.944 5.253 -6.850,
						-1.944 5.253 -8.100,
						-1.687 4.973 -8.100
					]
				}
				coordIndex
				[
					0, 1, 2, -1
				]
				normal Normal
				{
					vector
					[
						-0.737 -0.676 -0.000
					]
				}
				normalIndex
				[
					0, 0, 0, -1
				]
			}
		}
		Shape
		{
			appearance Appearance
			{
				material Material
				{
					diffuseColor 0.694 0.741 0.788
				}
			}
			geometry IndexedFaceSet
			{
				creaseAngle 0.5
				solid TRUE
				coord Coordinate
				{
					point
					[
						-1.134 5.479 -8.100,
						-1.391 5.760 -6.850,
						-1.687 4.973 -8.100,
						-1.944 5.253 -6.850
					]
				}
				coordIndex
				[
					0, 1, 2, -1,
					2, 1, 3, -1
				]
				normal Normal
				{
					vector
					[
						0.646 -0.705 0.291
					]
				}
				normalIndex
				[
					0, 0, 0, -1,
					0, 0, 0, -1
				]
			}
		}
		Shape
		{
			appearance Appearance
			{
				material Material
				{
					diffuseColor 0.694 0.741 0.788
				}
			}
			geometry IndexedFaceSet
			{
				creaseAngle 0.5
				solid TRUE
				coord Coordinate
				{
					point
					[
						-1.391 5.760 -6.850,
						-1.391 5.760 -8.100,
						-1.944 5.253 -6.850,
						-1.944 5.253 -8.100
					]
				}
				coordIndex
				[
					0, 1, 2, -1,
					2, 1, 3, -1
				]
				normal Normal
				{
					vector
					[
						-0.676 0.737 0.000
					]
				}
				normalIndex
				[
					0, 0, 0, -1,
					0, 0, 0, -1
				]
			}
		}
		Shape
		{
			appearance Appearance
			{
				material Material
				{
					diffuseColor 0.694 0.741 0.788
				}
			}
			geometry IndexedFaceSet
			{
				creaseAngle 0.5
				solid TRUE
				coord Coordinate
				{
					point
					[
						-1.944 5.253 -8.100,
						-1.391 5.760 -8.100,
						-1.687 4.973 -8.100,
						-1.134 5.479 -8.100
					]
				}
				coordIndex
				[
					0, 1, 2, -1,
					2, 1, 3, -1
				]
				normal Normal
				{
					vector
					[
						0.000 0.000 -1.000
					]
				}
				normalIndex
				[
					0, 0, 0, -1,
					0, 0, 0, -1
				]
			}
		}
		Shape
		{
			appearance Appearance
			{
				material Material
				{
					diffuseColor 0.694 0.741 0.788
				}
			}
			geometry IndexedFaceSet
			{
				creaseAngle 0.5
				solid TRUE
				coord Coordinate
				{
					point
					[
						-1.391 5.760 -8.100,
						-1.391 5.760 -6.850,
						-1.134 5.479 -8.100
					]
				}
				coordIndex
				[
					0, 1, 2, -1
				]
				normal Normal
				{
					vector
					[
						0.737 0.676 0.000
					]
				}
				normalIndex
				[
					0, 0, 0, -1
				]
			}
		}
	]
}
NavigationInfo
{
	headlight TRUE
	type "EXAMINE"
}
